label,x0,y0,z0,x1,y1,z1,x2,y2,z2,x3,y3,z3,x4,y4,z4,x5,y5,z5,x6,y6,z6,x7,y7,z7,x8,y8,z8,x9,y9,z9,x10,y10,z10,x11,y11,z11,x12,y12,z12,x13,y13,z13,x14,y14,z14,x15,y15,z15,x16,y16,z16,x17,y17,z17,x18,y18,z18,x19,y19,z19,x20,y20,z20
4,0.0,0.0,0.0,-0.1438671480766798,-0.23143987140818406,-0.11407340775991552,-0.18502374924346465,-0.6046350293636853,-0.15177677724779823,-0.03732092440542623,-0.852915806477383,-0.1843534930859233,0.11110650032420759,-0.8663558579453468,-0.2146751320129362,-0.1293466720462346,-0.9710590592248395,-0.02552403821413369,-0.1657915407856202,-1.3292741159520702,-0.06601480199898224,-0.17522521644813233,-1.5472257625748334,-0.11290154909178993,-0.1760537820164151,-1.7312389248180875,-0.15141761067237386,-4.803859229145461e-18,-0.9998611780597564,-0.016662070968398727,0.027377811410413466,-1.3879987069409951,-0.029742865379341153,0.052411271021045695,-1.6278696957799312,-0.08864077951151728,0.07983921239418172,-1.8306542792883702,-0.1448463039275638,0.10830700772994105,-0.9331072924551491,-0.028250023361935432,0.15557999773182554,-1.2682038921310173,-0.052040383453093336,0.17604074839894066,-1.497215559816946,-0.12759159183765909,0.19535132160450439,-1.689644559664958,-0.18962759154953354,0.20990632897528633,-0.7919348356844994,-0.05546872645699422,0.290264671164755,-1.0527750501421504,-0.08854596281504136,0.3354198630253136,-1.2289553106759201,-0.13826782341626728,0.37636712298713343,-1.3847680610551134,-0.18238222404133436
4,0.0,0.0,0.0,-0.14601954085507005,-0.23189383302286717,-0.11141762071653252,-0.18690678966889632,-0.6034524589622062,-0.14836976698196713,-0.04098380212523837,-0.8524315361769887,-0.18110276246296997,0.10501101195396922,-0.8714189047808065,-0.2120492674967396,-0.13030042379951723,-0.9689290414675341,-0.021828227872933075,-0.1660339824489045,-1.3192859295504578,-0.06427637257344504,-0.17671484809935567,-1.5360560966362997,-0.11475309112795272,-0.1778063953809178,-1.7200852485476397,-0.1559654431524409,-2.0125037910466296e-18,-0.9998849585375232,-0.015168048339038828,0.029208875453666024,-1.3874942876041934,-0.03212707592788228,0.05372225533108879,-1.6300096284892083,-0.09715316696361269,0.08100106701666242,-1.832228493842879,-0.1573273527434527,0.10836256140188283,-0.9353656571147942,-0.028599306757656925,0.15491732120813642,-1.268310492008452,-0.05564516321040371,0.1732993021178663,-1.5003577237595478,-0.1361448362411713,0.19102777954547806,-1.6914969725827933,-0.20140709655090341,0.21019910585455337,-0.7941605016785699,-0.05737010447632568,0.2890728223904457,-1.0554820442669155,-0.09330051569484625,0.3332174395141209,-1.2302009307409891,-0.14588655338078466,0.3730863817845087,-1.3810021127767484,-0.19196310785078938
4,0.0,0.0,0.0,-0.14755149905686996,-0.22802477479084055,-0.11177860623284311,-0.19304824373071272,-0.5923689859676495,-0.15120774486355731,-0.05324429657215091,-0.8402070377911103,-0.18719204150523855,0.09078428840732798,-0.8658004878378888,-0.22170427898911457,-0.1311286369663534,-0.9688992419755101,-0.023982524700174337,-0.16693172452638,-1.3166796044476703,-0.06929263129675757,-0.17732537119938727,-1.5315771639895057,-0.1219886812861502,-0.1792553181337127,-1.715401596693693,-0.1647299530219262,-1.2324462986492811e-17,-0.9998134659295046,-0.019314071192559797,0.030702641220728678,-1.385695080269573,-0.04019136270917763,0.05607965607104812,-1.626927390169081,-0.10774261910011122,0.08220665403752188,-1.8274033609339033,-0.16931047070828828,0.10862166168271742,-0.9345537946871036,-0.03487544635283463,0.15638091728641487,-1.2667243644350348,-0.06573195971480016,0.17636551849079146,-1.4977283768922767,-0.14789525501418377,0.19337064182059646,-1.6881438962262934,-0.213806210969253,0.2100457150573034,-0.7923695332903247,-0.06575348328827577,0.29019204883183186,-1.0511803870411545,-0.10440755526345526,0.33537915647971506,-1.2238175362995003,-0.15792011370593095,0.3746993146714623,-1.3739676135147292,-0.20443692940773256
4,0.0,0.0,0.0,-0.14763534648754273,-0.22754839511748223,-0.1101700375772854,-0.19108345001669652,-0.5961385143711485,-0.147161617006429,-0.047371091665940925,-0.8410127905692506,-0.18048770190455332,0.10189783815966434,-0.8492896340330492,-0.2124564780350685,-0.13124035113623245,-0.9660185415601283,-0.024378943484648342,-0.16628931757734347,-1.3128533782369312,-0.0675235474863117,-0.1749905187992194,-1.5287796682047086,-0.11778011266539617,-0.17374680093247846,-1.7144787942786988,-0.1589366993654032,-3.7848344595870266e-17,-0.9998111282521068,-0.01943470666743212,0.028817168866260193,-1.3817028192102256,-0.03674800203919513,0.055286150704054564,-1.6218205308338232,-0.10058018782099395,0.08397605969659373,-1.8248029347595984,-0.1602732740859189,0.10893331175294017,-0.9374769361306574,-0.03451607207445832,0.15811711463346592,-1.2674242363068504,-0.06293021742103118,0.1808531689865806,-1.4923876501153632,-0.14283927413861136,0.2014373979538664,-1.6797604613203043,-0.2074727112210687,0.20929075529040161,-0.7984026676803425,-0.06479281073289284,0.2911695679042596,-1.0554679320426963,-0.1021520403760244,0.33732296683160656,-1.2248538016450905,-0.15491689579004211,0.37808567389161046,-1.3716401381011576,-0.2009935568214265
4,0.0,0.0,0.0,-0.15021363856405756,-0.2315409615519649,-0.11360518076796107,-0.19370766564217168,-0.5961118106951577,-0.15281258963905234,-0.05371246299799187,-0.8474413044969337,-0.18817815414387623,0.08952346837970293,-0.8831759034668164,-0.2219582021524136,-0.13191982612253234,-0.9678537078642375,-0.01934604156086535,-0.16508807363947714,-1.3115082230711663,-0.06187489589702057,-0.17495716628513508,-1.525442069809721,-0.11357491412332606,-0.17568179727855066,-1.7112268669243818,-0.15619427226443164,-2.420023466693905e-17,-0.9999110828626769,-0.013335155356745903,0.030616882412659873,-1.382201316779617,-0.03143986230559533,0.05536556174451552,-1.6231825094363972,-0.09955034392146388,0.08198204023231445,-1.8260476100351313,-0.16212518827797473,0.1093852557861314,-0.937270343336525,-0.027980778367866683,0.15683388069356552,-1.2680417688800998,-0.05806333759368035,0.1764167187528404,-1.4962438794687436,-0.1426562144258504,0.19400759956893515,-1.6854167646528977,-0.21051133902771207,0.21156741385959418,-0.7983920398508203,-0.05791858717153048,0.2926141848882948,-1.056664030743913,-0.09699975125285241,0.338947628397023,-1.2281968628206479,-0.15253547766511857,0.3797389307877256,-1.3783583502279944,-0.20066357225824585
4,0.0,0.0,0.0,-0.15174101404773271,-0.23598501764879679,-0.1030981945652988,-0.19640776551086975,-0.6041470346720592,-0.13467388187134377,-0.0559210343409319,-0.8506307158904514,-0.16346763555072552,0.08827878084587588,-0.8632251391392799,-0.19046033681329336,-0.13310434361318568,-0.9702010714974897,-0.008128678535647815,-0.1661598717164382,-1.318348471406488,-0.04464104999676748,-0.18037431647481195,-1.535579475585818,-0.09173882142508918,-0.18498085580603255,-1.7201868254077382,-0.13102760775753597,1.1079069086663859e-16,-0.9999902086812187,-0.0044252165701581855,0.029389911786030825,-1.3830093725272246,-0.015314443456492733,0.050061868286994764,-1.6253356922303541,-0.07767231002465344,0.07207044667876397,-1.825030621408631,-0.13653668663544755,0.1106142796417891,-0.9371856052344125,-0.020472686601209798,0.1581746714711018,-1.272235301160308,-0.04463291895041613,0.17435018409907369,-1.508620793160551,-0.12609202414727994,0.18759600773441024,-1.7001987561574705,-0.19225910638113167,0.21305420878004155,-0.8001222454675577,-0.05104364301748256,0.2959631857367726,-1.0629357742848016,-0.08545482433240657,0.34085493590575233,-1.2427672867416908,-0.13863109797062256,0.3786266308848633,-1.3975257666205803,-0.18552397087838834
4,0.0,0.0,0.0,-0.1536264241406606,-0.2345682377298429,-0.10567422201966765,-0.19652048652379692,-0.5972693107726295,-0.14174762619175216,-0.0524436475927279,-0.8392549458907371,-0.1752592570644235,0.0942610453651054,-0.8562774916622535,-0.2074322160161995,-0.1327633538804728,-0.9665972750870067,-0.016337247318023808,-0.16729295409058648,-1.310588800854923,-0.05824213143461047,-0.17754726963453987,-1.52579826625857,-0.1092909384335323,-0.1780237402692042,-1.7122152248075098,-0.15112327847042686,1.5092494465133898e-16,-0.9999089647945504,-0.013493039816520735,0.028824516909253767,-1.3831755212547878,-0.030495144165157095,0.05306391172079817,-1.6244011958062428,-0.09625349455097394,0.07996652221096505,-1.8260488761142732,-0.15729533980346427,0.11092822551544633,-0.9392523767427627,-0.03040677944629698,0.15657998027591002,-1.2740898870157311,-0.05844552462013339,0.17622892145273383,-1.5045949583768035,-0.1404429456068502,0.19442805558424173,-1.6932262838074668,-0.206876620295422,0.21448180040817252,-0.8021728788980924,-0.062104255090569216,0.29566018039550657,-1.0627982978053152,-0.09881123735801417,0.3424119848978682,-1.2391557043922306,-0.1523817104308215,0.3828482220484448,-1.3924793999992007,-0.19950779608624064
4,0.0,0.0,0.0,-0.15278517759074323,-0.23598853758044852,-0.100993581549237,-0.19556362221002102,-0.6084275714800627,-0.13159278040248507,-0.0526012678884132,-0.8525329522749132,-0.1599532351465554,0.09356738484031252,-0.860145161614026,-0.186692040513462,-0.1324614016814397,-0.9688536848837741,-0.007218809251803682,-0.16529130834116906,-1.3170790736598634,-0.04533134870117188,-0.1783166058621427,-1.535193095379157,-0.09380386133410085,-0.18164137468286481,-1.720074877063899,-0.13352617247042173,5.220163907150307e-17,-0.9999919730807468,-0.004006716121071743,0.03186903035009087,-1.3836716582897233,-0.016224906945759707,0.05463498381709939,-1.6263764161103018,-0.07894151720715206,0.07893026476234792,-1.8240408843445266,-0.13774311882324766,0.11042828553886448,-0.9385745771793408,-0.02036710034582692,0.15993179540152944,-1.274836988978705,-0.04417654761665861,0.17798587821211156,-1.5100420347476002,-0.12355123828456122,0.1935329643052905,-1.6979800653432187,-0.1883235468687991,0.21227694720221077,-0.8032273736237245,-0.05140610225030177,0.29420963004432993,-1.0642956079031816,-0.08473374606474933,0.33977835724523,-1.2450469907626494,-0.13627368539035756,0.3787822424994076,-1.3998044057025294,-0.18203124023171047
4,0.0,0.0,0.0,-0.1523881078925414,-0.23478065293007408,-0.10496075634330512,-0.19496214966016465,-0.6044424742154217,-0.13992286799848414,-0.051268895071397966,-0.847040615866614,-0.1721225399423106,0.09482359708520875,-0.8617495077537266,-0.20289322003019175,-0.13250179583245653,-0.9693293943576888,-0.016325418186058156,-0.1653404485801444,-1.3198126515771982,-0.05890696169766929,-0.17667803579973038,-1.5381905448787097,-0.10994555523060734,-0.17907405258132778,-1.7252820687298176,-0.15115922319446995,-1.674692741467493e-17,-0.9999215337378525,-0.012527025478572625,0.03139445614887177,-1.3891728271127874,-0.029939498873232558,0.0552216905893501,-1.6332193223129317,-0.09523505145821083,0.08008820689405181,-1.8340715439214539,-0.15543533668228646,0.11017711532186683,-0.9367122246556933,-0.028306569287528092,0.1593793182488694,-1.276659532919583,-0.05597828736993575,0.17883078607602354,-1.513037659092096,-0.13649799071288357,0.19518472220166702,-1.7030774918375169,-0.20159925141865842,0.21122453656504447,-0.7983416704680486,-0.05887601783397111,0.2938628992360823,-1.060336746306195,-0.09509531260288544,0.3413835899777505,-1.2418593467110908,-0.14770926234263876,0.38168522166780705,-1.3992459668266395,-0.19390443199883775
4,0.0,0.0,0.0,-0.15358261131079687,-0.23276486935293575,-0.10648344154734639,-0.20070418627189596,-0.596923075340802,-0.14254946331643975,-0.06700902948748647,-0.8409555953936151,-0.17602796927435924,0.07384399216335369,-0.8626046074088374,-0.20847091400099416,-0.13183954553536315,-0.9733700318028418,-0.015392195398700926,-0.1645594419324689,-1.3172306949155164,-0.057490352173064016,-0.17596662242780597,-1.534247640954795,-0.10935299424741837,-0.1777037320124976,-1.7210097269932414,-0.15144635517240848,1.7474348898535862e-17,-0.9999264763533612,-0.012126082943436022,0.02924098066405428,-1.3808625816096338,-0.02956762458185049,0.052677076547408365,-1.6202774855605802,-0.09599801281859678,0.0786858371496434,-1.816920833205512,-0.15692117092364052,0.11018387356024088,-0.9341641486141707,-0.028747059184833217,0.15779755375231772,-1.267547955900782,-0.05712981552603166,0.17710013965745258,-1.5020722052978348,-0.1394312414720717,0.19458361589736065,-1.690574429539683,-0.20582887309506948,0.21229741746102165,-0.794383182128645,-0.060314461182868484,0.29388267290963294,-1.0514649689512536,-0.09728023257366933,0.3403605593187548,-1.23109327211704,-0.15100088967066289,0.38064205239740495,-1.3878639328180347,-0.1981011845654324
4,0.0,0.0,0.0,-0.15674126381813433,-0.23454382562379492,-0.10455677560170026,-0.20481726719203885,-0.6004975973601496,-0.1373567972129755,-0.07170601256666784,-0.847141325305045,-0.1673757832586426,0.06818366837425625,-0.8671018222671538,-0.19587522402391072,-0.13290578713432769,-0.9726606660104292,-0.009254783702323322,-0.1660720199206883,-1.3188267715491389,-0.046844389908881776,-0.17998599191081757,-1.5359150299569788,-0.09503241655186503,-0.18431363919011612,-1.7224370319958047,-0.13472269463028574,1.406351488241284e-17,-0.9999886475148723,-0.0047649597455273396,0.02923816724318224,-1.3808196691964083,-0.017137190483372877,0.05054432346057425,-1.6215176038344319,-0.07972197667489506,0.07410751331491433,-1.8193899955408226,-0.1382509914464841,0.11050181969370305,-0.9355332651181999,-0.020016609136672175,0.15893649272593455,-1.2677071299137543,-0.044452994329133286,0.177446375050019,-1.503092620920973,-0.12409138704759233,0.19380836984420227,-1.692575388383499,-0.1888210938368008,0.21177427957105902,-0.7970406036766075,-0.05014963570983972,0.2947281109074556,-1.0513569887761531,-0.08401733938556562,0.3399463645157786,-1.2291074625776757,-0.1357262755426865,0.3780622926023117,-1.3824334149891038,-0.1812947466721304
4,0.0,0.0,0.0,-0.15170034747806105,-0.2247472865693472,-0.10518779666536214,-0.1999766785466414,-0.5904881778904708,-0.14349844116997476,-0.06513949726026648,-0.8260535218687247,-0.17932378519558426,0.0803557687916201,-0.82449696463928,-0.214386761956001,-0.13058054715457582,-0.9684584584554837,-0.029686249740324758,-0.16817023592303368,-1.3100406100406015,-0.07956108679806886,-0.18056368187077348,-1.5271196941338554,-0.1349384167275647,-0.1836202491940596,-1.7126114869925426,-0.17880461281578583,1.2411117335632416e-16,-0.9995788789689348,-0.0290183514212578,0.0277492370486616,-1.383237212851991,-0.05508343104632266,0.05085468851087707,-1.6284848945597585,-0.12439002645225702,0.07595799648423449,-1.8353925713916133,-0.18695877198982697,0.10892077642447175,-0.9348721935309815,-0.047265456344189265,0.15706366605208474,-1.2708751668752944,-0.08159255525263209,0.17664770889126952,-1.5019913778479788,-0.1631431651692405,0.19438199290576574,-1.6892391340017046,-0.2281958620098471,0.20980255964265893,-0.7928522366178014,-0.08012754542851662,0.2909130064567696,-1.0534479332621713,-0.12128225878788236,0.33889167486633787,-1.2310553837915363,-0.17468083280452243,0.3809879498902472,-1.3845665554793964,-0.22096340304868783
4,0.0,0.0,0.0,-0.15184974675596707,-0.22060950688453332,-0.10691355850283916,-0.20163339240477832,-0.582477965766726,-0.1435985884335001,-0.07219720813941924,-0.8200579812258575,-0.17753238192435297,0.07244825876245352,-0.8201850245332765,-0.21099034763812655,-0.13015626354018967,-0.9643232581724818,-0.02711513112096115,-0.16589570395234493,-1.304753188032385,-0.07440740543970233,-0.17526198773958646,-1.5215354867847375,-0.12844818080947995,-0.17439826193590685,-1.707028691840878,-0.1717055106357948,9.537715026373892e-17,-0.9996847894926112,-0.025106207541432692,0.02917489121485648,-1.3847635716215523,-0.04925069109434432,0.05601234439507151,-1.6308628925658162,-0.11857071065536963,0.08614773349566647,-1.835697144590833,-0.18128385745877712,0.1083289242813584,-0.9380725405632847,-0.04226661805596992,0.15665096986811616,-1.2749667658642456,-0.07666943180984999,0.17918020275939742,-1.5053641392516024,-0.16053510155637937,0.20231672833609463,-1.6897176066235549,-0.22680018809343871,0.20853859977500364,-0.7975797121858953,-0.07411659658513885,0.28995167984529585,-1.056749575080735,-0.11627629913717571,0.34016001277052,-1.2322816984964,-0.17152624609908887,0.3858444679122409,-1.3805275507387416,-0.21876196859489871
4,0.0,0.0,0.0,-0.1542035106771743,-0.2243414219339593,-0.09942502289307052,-0.20784025682003496,-0.585878621448973,-0.13422811688577146,-0.07811419934985016,-0.8219841811521994,-0.16776435928886746,0.06816039960934991,-0.8185292167753158,-0.20056668598792407,-0.13032672833522682,-0.9712618362178694,-0.022109680446201724,-0.16790685761268734,-1.319672154579709,-0.06706115332181693,-0.18312539089664553,-1.5406902024192752,-0.11932316936363047,-0.18796228581118699,-1.729697663768257,-0.16184016271823165,-5.21778783220106e-17,-0.9997128524959519,-0.023962732615609755,0.026415152459212776,-1.3870687532878074,-0.04583124785650054,0.04820103284964539,-1.6365436664571409,-0.1122469732888636,0.0724665385584667,-1.8410083741055403,-0.17321152764853592,0.1085096647000029,-0.9327857595190814,-0.044136740515422275,0.15641875798014823,-1.2699490708383612,-0.07598112422335353,0.1771022474520584,-1.5052718742652658,-0.1563676580066374,0.19636041819388678,-1.6921212559061642,-0.22061660128571736,0.20768657044147285,-0.7878874458527357,-0.07858267239681901,0.286845803912019,-1.0521297671336818,-0.11822235246309899,0.33175301982364513,-1.2313285700629168,-0.1708573545050648,0.3706614635559285,-1.3797186335072915,-0.2165745919895384
4,0.0,0.0,0.0,-0.15196897793698994,-0.21490981222938751,-0.10493443022839707,-0.20800280510294827,-0.5681825334100811,-0.14486455837948065,-0.0858337108015611,-0.7990090372242413,-0.18286375309578115,0.05689907577632643,-0.7980317611155777,-0.22045227026769254,-0.12926634490056582,-0.9709756784790367,-0.03447974853292325,-0.16568863549663498,-1.3159754104069286,-0.08550741935426988,-0.17921581466763242,-1.5347213465168945,-0.14132734726502674,-0.1832398913216341,-1.7207949980718522,-0.1854986357407711,3.592608455533433e-17,-0.9993897298376501,-0.03493090172080929,0.02992113595046175,-1.383946493556465,-0.06365298560176633,0.05405566155585688,-1.6310249729712636,-0.13260711069485545,0.0797266555473967,-1.8369112662055371,-0.1943529257863341,0.10809028467541469,-0.9309990729158266,-0.05369782212479337,0.15929623166615284,-1.2638803085802897,-0.08971928896694047,0.18110436626101692,-1.4952189088330725,-0.16934738475498876,0.20087175998107115,-1.6813834753035528,-0.23231441761746677,0.20725850764215525,-0.7846819765928111,-0.08724009504510115,0.2881643872231016,-1.0441860368901015,-0.12903109201064045,0.3350118643929908,-1.2211657271147096,-0.18099597447919458,0.3756826575800856,-1.3715754226175638,-0.22569185557458468
4,0.0,0.0,0.0,-0.15140040432128007,-0.21489490070324446,-0.10466184412164975,-0.2104208941224034,-0.5718062575599978,-0.14325327476131383,-0.09177661832213334,-0.8075434069158977,-0.17989442747665102,0.05363304253764681,-0.8044909234601497,-0.21621223778577506,-0.12771355991013186,-0.9704155505052412,-0.033008523832161775,-0.16473059889094635,-1.3195182321252672,-0.08302075798134106,-0.17812331719503383,-1.5389335512716842,-0.13731739120849976,-0.18223678845395594,-1.7245521096719751,-0.1802814532315218,1.1761418125272888e-17,-0.9994425646828955,-0.033385025087250116,0.03136355053678469,-1.3874155461595445,-0.060684567762056246,0.05621527932494888,-1.6341153711182443,-0.12835056117751284,0.08244492641974034,-1.8377495576057958,-0.18910289958480656,0.10696795468149148,-0.9321250037934192,-0.052267085971144496,0.1596551860760357,-1.2723503155486233,-0.08826163596843749,0.18221954602086615,-1.508184586184317,-0.16871199047845947,0.20308434952077986,-1.6980370147449173,-0.23201499039101411,0.20598538930083773,-0.7883802570587747,-0.08572859739052943,0.28956320207307407,-1.051039049989369,-0.12776032446220376,0.33861197942484694,-1.2296734239601137,-0.18025646370161713,0.38155669571092365,-1.382067359509389,-0.2252601551744203
4,0.0,0.0,0.0,-0.15242438927641425,-0.21300890772821707,-0.1080038539964679,-0.21459944871080072,-0.5648177578601264,-0.14834389900922093,-0.09851274397616618,-0.7994413425624951,-0.18644088599162192,0.046899359262429545,-0.7995991115086727,-0.22378354624518168,-0.12967773280669967,-0.9713614760621546,-0.032215316140701486,-0.16691958685542885,-1.3211293006536,-0.08137293036789808,-0.1803880784833283,-1.5426577065043534,-0.13618330201472678,-0.1835452755689594,-1.7326798509070904,-0.1797179941411543,-1.6634224572407057e-17,-0.999531061177226,-0.030621197591350954,0.030317889174164638,-1.3855898250303875,-0.05743133278057524,0.05543563379492274,-1.6341038593774273,-0.12580676551659883,0.08220992914494991,-1.8437942799236495,-0.18687795957074016,0.10830219621205762,-0.9324179045967059,-0.047787023366641763,0.1620563871114285,-1.2671953141316312,-0.08239033390728485,0.18448107451242285,-1.5008548173010385,-0.16166366522309555,0.2048957009928957,-1.6893894629727348,-0.2239794243771603,0.20795984140696594,-0.7884786166152404,-0.07996133752730912,0.2923268002435158,-1.0551924874265406,-0.12038496828348641,0.3402806976608449,-1.2336021488848798,-0.1716769497929537,0.3814705035708823,-1.3841692899731082,-0.21565892680142223
4,0.0,0.0,0.0,-0.15250908756090564,-0.21424135410035242,-0.10183993660973374,-0.21538912031738985,-0.5682514058328401,-0.13765872574581423,-0.09879242869106412,-0.799916612554881,-0.17234230095788683,0.04748410869769556,-0.7851157829041894,-0.20609295745602174,-0.12848395684768668,-0.9733516034653161,-0.023328658526760068,-0.16702019937321191,-1.32017475596855,-0.068939061473519,-0.18247871503445465,-1.5403983734332967,-0.12114006040297964,-0.18767380329882286,-1.7284399996359197,-0.16294859084783686,5.935015565147319e-17,-0.9997113873376825,-0.024023780455334275,0.029990792681322806,-1.3806897450669378,-0.046605402812984476,0.05379325785038471,-1.6254357049428065,-0.11157538714000137,0.07878935538242661,-1.8299448015150854,-0.17035769293370653,0.10620786648569264,-0.9299431647516909,-0.04330325803393253,0.15897845828363144,-1.2606992745825383,-0.0743322131510865,0.18034088429393097,-1.492322761221009,-0.15085031698001858,0.1992534760070658,-1.6787976761835366,-0.2114542917083901,0.20350793739609016,-0.7831057746538358,-0.07740236232575702,0.2884522574777361,-1.0462515791333096,-0.11486605864433853,0.33525346495398334,-1.2223177174340538,-0.16390694491337,0.37415260062272765,-1.368490534293424,-0.20632752447840857
4,0.0,0.0,0.0,-0.15182582222062171,-0.21139850824277295,-0.1060428601516151,-0.21057244858243646,-0.5653315333217297,-0.14187238630407897,-0.09347366010031369,-0.7998928819600466,-0.1751588919431172,0.04984822401918682,-0.7954798422326063,-0.20717367317033542,-0.12835590256270707,-0.9716544999514399,-0.0228168672934335,-0.16251972279726376,-1.3218454470691214,-0.065769574732496,-0.17337055873311907,-1.5393441791141755,-0.11521018762932646,-0.17563692169250333,-1.7221570229209175,-0.15483211519084744,1.551993007063333e-16,-0.9998098981198703,-0.019497887617247404,0.03526285898218882,-1.3859216937169885,-0.03958584190822964,0.06316707086122554,-1.6277566227149873,-0.102697094515498,0.09147215554446433,-1.8269804662143445,-0.15978869435644172,0.10643060501344422,-0.9312321284031543,-0.035199165175515836,0.1642885273822223,-1.268359063861174,-0.06487851612272413,0.19165572578277168,-1.5008707122784115,-0.14164077245666903,0.21666301828122583,-1.685676854599358,-0.20197735246111836,0.20400344516673935,-0.7865379739912811,-0.06586888151508134,0.2934588457004502,-1.0459156034851693,-0.10274742096569912,0.3442363723623791,-1.2206851981058602,-0.15243564815580893,0.3876216183876018,-1.3677496401989975,-0.19483570794491709
4,0.0,0.0,0.0,-0.15367831541159602,-0.2170749769978912,-0.09772709951479834,-0.21986664221712013,-0.565853211284006,-0.13141763293842254,-0.11053583036345115,-0.7945339646777522,-0.1649380743307942,0.03444523376590155,-0.7762194770320748,-0.19770351196336503,-0.12962923142924826,-0.974839357118361,-0.015823654816012004,-0.16978975813062028,-1.3213921122571723,-0.05838243415535738,-0.18539667795682932,-1.5402339576232045,-0.10838120341979812,-0.19079812333517263,-1.7262668508390853,-0.1490475587143841,1.0871311597442519e-16,-0.9998171756698233,-0.019121067847208975,0.029356606591078672,-1.3835365693634665,-0.03894123015081998,0.05341028668792318,-1.6291531356678361,-0.10281849471965605,0.07862770247272682,-1.8323013946115827,-0.1612602650482038,0.10731092852402771,-0.9278629449310022,-0.041076754316274174,0.15820592300753622,-1.2670177506247209,-0.07179812056603099,0.1798101001323783,-1.5024139120936786,-0.14980923023939383,0.19937853036927738,-1.6887784132635009,-0.211678537203968,0.20661805689967805,-0.7772290122188329,-0.07743138741972798,0.29346918532722466,-1.0398144307423192,-0.11617870670264988,0.3411004873407466,-1.2153400176147766,-0.1663775827907718,0.3805704780193049,-1.359905155301099,-0.2095821800034984
4,0.0,0.0,0.0,-0.15739287717052894,-0.21652615070703504,-0.09847704194320726,-0.2260610730983659,-0.5677461665906318,-0.13223630499515035,-0.11608710922292778,-0.7964907676490615,-0.1661191963579439,0.027224291218110108,-0.7757673671964447,-0.19955406041892337,-0.13194747118754685,-0.9774321135392711,-0.017208152423807698,-0.1705264959133546,-1.3244806734689285,-0.06117542867341597,-0.18613866544424076,-1.5449935063591318,-0.11229043299774133,-0.19188375053233359,-1.7309251572769668,-0.153814467879691,8.652884247214788e-17,-0.9997639828724001,-0.021725067344319206,0.02951905535445089,-1.3849791865117844,-0.043237075489610505,0.05197700917160352,-1.6327899989603265,-0.10802391625973844,0.07577303614182955,-1.835835075378649,-0.16705554777530837,0.10842890225840947,-0.9254099830838441,-0.04526820842887129,0.15709268630348006,-1.2683491120602188,-0.07864513376962219,0.17697269050203984,-1.5096719413955588,-0.15876604009159775,0.19533923144883358,-1.7000844912025272,-0.2218851085336954,0.20798206069979977,-0.7712923171369034,-0.0833907343131357,0.29308699652733533,-1.0351339446609655,-0.12431847275564811,0.33883883221893657,-1.215608738587001,-0.175976683913371,0.37691915502476947,-1.3638485975038914,-0.22025067748085816
4,0.0,0.0,0.0,-0.15372021137166672,-0.21761259569246325,-0.09651036507243882,-0.21888641071801998,-0.5668428186979532,-0.1311422483913579,-0.10917613566807233,-0.7901775873449484,-0.16599192621393377,0.03262299464583922,-0.7697953085436111,-0.20055623873209544,-0.12864620195783147,-0.9775855739206527,-0.01976272626593233,-0.16641250831296006,-1.322141514587781,-0.06571161275317172,-0.18104020313436234,-1.538311939353551,-0.11807739673297572,-0.18651694074052844,-1.7209796947799438,-0.16014589465845883,-4.0359777316100747e-17,-0.9996972643069982,-0.02460446579593712,0.029843727194203924,-1.3815141317070265,-0.04912672369361952,0.0541047071603032,-1.6264920083657475,-0.11540959138986694,0.07972794882326252,-1.830402903263304,-0.1751538921537605,0.10764612816367293,-0.9237536385336823,-0.047739431689781585,0.15915832395344953,-1.2611144337366205,-0.08137620430577816,0.18155244344191865,-1.496799042115326,-0.16036661971894406,0.20225898953679589,-1.6851037798969712,-0.2226624555171293,0.2075114263840536,-0.768736030296309,-0.08513723800766065,0.2947823972492904,-1.029780234999484,-0.1255307453790091,0.3424477528901925,-1.2104519268186666,-0.17683633042875216,0.3820171216440557,-1.3629178795597403,-0.22086888007426203
4,0.0,0.0,0.0,-0.15309783844704755,-0.21325323046466316,-0.09608726902353613,-0.21897625241454344,-0.5565661250474888,-0.13316758633562398,-0.10933338972304904,-0.777098954163918,-0.17038554917287796,0.03273459781068321,-0.7583780223586143,-0.20742733808443783,-0.12948082003176983,-0.9775162805902519,-0.02769116036120087,-0.1657118365599079,-1.3253454138734817,-0.07648391171069838,-0.17957917042997157,-1.5414067381584817,-0.1300924498548411,-0.1848242087212274,-1.722741119082978,-0.1728114040311913,1.459347874600757e-16,-0.999448589474061,-0.033204171399236516,0.03061542642479799,-1.3846341580072894,-0.06137032955457936,0.055206581356648084,-1.6306402953636137,-0.12826671750286653,0.08050442571502853,-1.8343472593099703,-0.18815458604069224,0.10783778317200027,-0.9217012800009138,-0.05620382900658901,0.15877732228827665,-1.2619037480733861,-0.091590095034011,0.18040652802532028,-1.4985125311533625,-0.16921962021910614,0.1998834605048587,-1.6861000136377204,-0.23056823623265135,0.207578092906802,-0.7635243052502085,-0.09327632080471476,0.29486390159950837,-1.0240956615028254,-0.13463276403270483,0.34337439508237944,-1.2033928144657269,-0.1848103862387859,0.38346243900335664,-1.3534816565627912,-0.22788330420792255
4,0.0,0.0,0.0,-0.15219060354009722,-0.2088586402426075,-0.08841919140563341,-0.22417183078809513,-0.5574767645874956,-0.12146798346547105,-0.11807804199168584,-0.7791238394101531,-0.15603269603530878,0.028465226261782096,-0.7361769785498717,-0.19083962359733758,-0.12837186049426394,-0.9771023750498788,-0.02737097325957341,-0.17170459058463905,-1.3188406565218707,-0.07729386332296424,-0.19007091205582283,-1.536716070686511,-0.1312305369477881,-0.19801239147813765,-1.7163915869143913,-0.1742248533141611,6.118385930542287e-17,-0.9992806380150722,-0.037923692966142716,0.028116238152538428,-1.3823717018080235,-0.06666972079466059,0.05113594978505148,-1.629274426936255,-0.13261343586956234,0.07619722826802092,-1.8312592709074382,-0.19216477753371652,0.10576948639701461,-0.9190222031366961,-0.06519221463352765,0.1526825915510358,-1.262623386095583,-0.10097754402049022,0.17326433285304396,-1.503652760471994,-0.1774638284540398,0.1936624206549598,-1.6919682074942748,-0.2385337186070651,0.20368990689507535,-0.755590079699327,-0.10612138054328804,0.2880562333437809,-1.0162688617396392,-0.14831065350300776,0.3344552866697436,-1.197398652332449,-0.19777611209649226,0.37415066312333983,-1.3443743126929764,-0.24054895510256938
4,0.0,0.0,0.0,-0.15001760210807358,-0.21243603362535085,-0.08872005203289741,-0.22260838852805162,-0.5609693134796084,-0.1232905125476101,-0.11876055390054821,-0.7803782934160927,-0.1590885831246119,0.026969190019951874,-0.7354414135703152,-0.1950854639880948,-0.12729478942797673,-0.9776853982927796,-0.03318375716633817,-0.17359999961500933,-1.329090430148511,-0.08415626016684671,-0.19301929000270493,-1.5487403516766622,-0.13760417150002732,-0.2022097342355882,-1.7316925377446069,-0.17993678819897263,1.9862546106853995e-17,-0.9990702247648228,-0.043112480656605306,0.026353169897363533,-1.3850248698534293,-0.0716499922433201,0.04785140089451789,-1.6316448761402393,-0.1357841694980529,0.070551246283621,-1.8343603017801444,-0.1943018283457787,0.10537214175030701,-0.9189197811195374,-0.0692491356378465,0.15336779623525987,-1.2616829312916766,-0.10331352121107606,0.1728298268559265,-1.501312121038484,-0.17690245174015815,0.1910429600518798,-1.6899697683544679,-0.2364287839323244,0.20335762403201318,-0.7582151231192242,-0.1090232159631315,0.28889473805583277,-1.0226598461134875,-0.14906451258294962,0.33492278467367126,-1.2028507849751204,-0.19640090777372726,0.3729980401651171,-1.3499243495702227,-0.23799281726440805
4,0.0,0.0,0.0,-0.15066324894184863,-0.2165665505093665,-0.09861708424394597,-0.2210070125005337,-0.5646178363009988,-0.13733137263912318,-0.11224774724130673,-0.7835970383959278,-0.17561000740505586,0.036093322001181816,-0.7462212028365803,-0.2134184983854365,-0.12751821304687394,-0.9798844460624929,-0.03798564648857074,-0.16837624358215103,-1.3359341618604808,-0.09053772940307311,-0.18463285459788806,-1.5545610253654725,-0.1450238543472302,-0.1919854227160168,-1.7369174342715024,-0.18780698086287567,1.1477458113002299e-16,-0.9990784031648257,-0.042922538713618515,0.030991595043948054,-1.3882853920281173,-0.0740671540622958,0.05709516311119399,-1.6369558447391643,-0.14047624780061246,0.08332674310706323,-1.8417222728508928,-0.19972159401107628,0.10516131651237359,-0.9198757189539428,-0.06508977743289604,0.15630692475469657,-1.2612891907776063,-0.10140164949322304,0.18103939246383446,-1.5013128570226844,-0.1767799995852892,0.20388256602764307,-1.6929385000261463,-0.2363806709010702,0.20268499493567646,-0.7618248457618462,-0.10166920669164131,0.28755560377546124,-1.029809565662592,-0.14249133707424436,0.33461427405105293,-1.2086579110149491,-0.19079295584774297,0.3739723986282713,-1.3561591861815394,-0.2324464561910977
4,0.0,0.0,0.0,-0.1507518761040414,-0.20882653913561983,-0.09453350494817025,-0.2246769207863686,-0.5563888866655724,-0.13477262019996267,-0.11706437654421428,-0.7690079790412516,-0.17547488206938244,0.03182885587890806,-0.7152486992101891,-0.21673084554277242,-0.1297078104741617,-0.9809013953109011,-0.048680802143341174,-0.17495784973798337,-1.3345988862754432,-0.10709855432516134,-0.1930361099599102,-1.5563620025921776,-0.16547678834998786,-0.2015567341212557,-1.7397565653720581,-0.21111018897400344,1.2134023317744332e-16,-0.9982616707798856,-0.05893756570941399,0.027750964611055178,-1.3900909991640256,-0.09552202016424928,0.05151192498481537,-1.6381439577502146,-0.16424634034116525,0.07580198178344123,-1.8434237539754235,-0.22577926702666531,0.1065141167762202,-0.9129384409197216,-0.0854403672623436,0.1541082646118526,-1.2607057525993803,-0.12652043507729926,0.17698785113105509,-1.5067356899651485,-0.20380848955240355,0.19857087128865902,-1.700721619001632,-0.26556443595633467,0.2045062216327775,-0.7434012328411074,-0.1258503509553982,0.28909845998878686,-1.0117526537876085,-0.17184962398515766,0.3369312669026396,-1.192181247769929,-0.22183652960296987,0.37775306519232077,-1.3380716207890957,-0.26512991519182805
4,0.0,0.0,0.0,-0.15031582424975287,-0.21986252306156287,-0.09189653730046582,-0.22324464092184285,-0.5682832111026663,-0.1283859191975176,-0.11380075048065709,-0.7770438392963649,-0.16599802452212223,0.03851286366176205,-0.7178853920637294,-0.20340360534261884,-0.12844895831465955,-0.9819048417788075,-0.035545360017965426,-0.17421916805203008,-1.3344463711824348,-0.08925458096722935,-0.190600857019703,-1.5522777982215057,-0.14513381062520286,-0.19770772674518197,-1.734334340559895,-0.18919872855902095,2.1770574455614727e-17,-0.9989759495646054,-0.04524436088061296,0.029892118323511345,-1.3879485482966836,-0.07763882346662901,0.05839517098473569,-1.6364283548864225,-0.1452516557753428,0.08681076205202007,-1.8414231032621915,-0.20590822208199813,0.10578414280203706,-0.9149139208147924,-0.07166370059789191,0.15572243245244624,-1.2567266949520766,-0.10799513038194103,0.18115282494496163,-1.4960310890205915,-0.18405965457802767,0.20482916129449344,-1.6866671565301303,-0.24481985050437777,0.20424165981723702,-0.7500067851866165,-0.1120636471403634,0.29012542722280776,-1.0169761878523083,-0.15308249634990206,0.33830709981641316,-1.195870930083704,-0.20176113656598044,0.37874263082910453,-1.3432348815654356,-0.24418497533119243
4,0.0,0.0,0.0,-0.1515379572509717,-0.21004096680282838,-0.09850086909214834,-0.224537092441473,-0.5558187221101492,-0.14169343366629675,-0.11213330633030151,-0.7645143329793922,-0.18525423626532214,0.041103966003925435,-0.7097810909274299,-0.22954589653355664,-0.13046266045907226,-0.9774821875616456,-0.05369730802817446,-0.17348607594802173,-1.3298324812656888,-0.11584462255474536,-0.18912452283756995,-1.5500377291315213,-0.17746318114394233,-0.1959300541455627,-1.7343225951983416,-0.2253498558434741,1.6354349569890658e-16,-0.9979839202877784,-0.06346727382704476,0.02978236550258676,-1.391177150624858,-0.10485827736791528,0.056434738603629936,-1.642098876309142,-0.17814039888556074,0.0828790965391007,-1.8498323174565219,-0.24269529482023458,0.1063178154949945,-0.9153935570339735,-0.08978661260426778,0.1551878440338667,-1.2615152953709134,-0.13465808194142434,0.17838341320564993,-1.505221672206396,-0.2155577832778211,0.19912565886553013,-1.6992155187349502,-0.27929266096536165,0.20384046923740334,-0.7481255970971986,-0.13020960429213924,0.29021849871343364,-1.0165720843215151,-0.17865824189905694,0.34012922859142564,-1.1962701261757034,-0.23088475661739413,0.3816001169036399,-1.343682058008656,-0.27566415474337197
4,0.0,0.0,0.0,-0.15315736529345758,-0.2051702435932585,-0.10549470545394365,-0.22922409901757995,-0.5487341806371278,-0.15473037264298434,-0.11669642821903353,-0.7579420740576306,-0.20325524015715293,0.04056700371619488,-0.7067321797278914,-0.25299704149663277,-0.13125336415534156,-0.9769963953594466,-0.06892857252398853,-0.1738683708232286,-1.3327910706268387,-0.1371673988598557,-0.1902179190324011,-1.5560602446748408,-0.2028132304024344,-0.19814849960129247,-1.7436602982848748,-0.25347914318214276,4.47131090477574e-17,-0.9969856030373802,-0.0775867729461114,0.029540769123237318,-1.39528023231,-0.12548594914641448,0.05483897895730463,-1.650389610121875,-0.2026616526459816,0.08011647263726712,-1.8632988445684793,-0.2699131584522441,0.10722498661094333,-0.9137646661128953,-0.10277156317588769,0.15396218676033724,-1.2671539959527753,-0.15326476294355243,0.1763818035496239,-1.5170306879634479,-0.23716876234918413,0.1966572181689654,-1.717218277472614,-0.3028636422086028,0.20592601387543702,-0.7439598825041288,-0.14233713986768934,0.29008384773508034,-1.0210839987587492,-0.1954404453621238,0.33965200269403373,-1.2033284599876344,-0.2499003407622983,0.3814581505044481,-1.3527844669658315,-0.2963036643312253
4,0.0,0.0,0.0,-0.15158456826480998,-0.2053817630260088,-0.10336886371208073,-0.22618658202833328,-0.5497240656691611,-0.1514146650760607,-0.11773085148542246,-0.7596025339226223,-0.19897066620923257,0.0346373407566718,-0.7104639465254519,-0.24762116573050424,-0.12904591780074195,-0.9797904080479161,-0.06493992645431428,-0.1751043503016785,-1.3299490378455239,-0.13205822664032443,-0.19279916138422054,-1.5509745025077375,-0.1971975240025181,-0.20200308280962573,-1.735338552138134,-0.24742077225545836,5.79963090165692e-17,-0.9972493984746206,-0.0741190747514265,0.027217082342382595,-1.3909417271773656,-0.12141488829154125,0.0519664041657735,-1.6436203580239812,-0.19838042006820727,0.07623771716883418,-1.8550931021793189,-0.2652722369323619,0.10580630932074908,-0.9114332268874884,-0.09977274475980193,0.15284430956704784,-1.2615684323846592,-0.149509036282092,0.17505234601871866,-1.5081633959164276,-0.23276909537480375,0.1948054069178926,-1.7051990007793636,-0.29791960550823865,0.20323339195912218,-0.7393452600904238,-0.13967015930530216,0.28778609339224237,-1.0126505585216212,-0.19205863032796722,0.3368734318604264,-1.1942596219460684,-0.24618516883632677,0.3785992731382239,-1.3441971799391719,-0.2923259130378131
4,0.0,0.0,0.0,-0.15067295034356268,-0.2016656219330063,-0.1057234210654188,-0.22545233348650842,-0.5443153408424066,-0.15579359370054782,-0.11873105156293949,-0.7563742497465098,-0.20482763780610583,0.03393818787619476,-0.7138269300994607,-0.25514539022921695,-0.12805506466175323,-0.9788274844185436,-0.06944955441103627,-0.17101578369663364,-1.329180131586439,-0.13764182388658994,-0.18713296970243432,-1.5500055608579963,-0.20301073099057015,-0.19519348751317422,-1.7343126035164877,-0.2533219329922111,7.304077236389805e-17,-0.9969748107074446,-0.07772532930039476,0.027085528362863886,-1.3938663173809709,-0.12617282020005324,0.0514326700865359,-1.6475254346834425,-0.20354026938609046,0.07565960755036723,-1.8617191517856972,-0.27072708547651864,0.10555593191082956,-0.9121993491393394,-0.10248234950034121,0.1526308649667528,-1.264453683726643,-0.15366261523563252,0.17446747916772107,-1.5129569503151137,-0.23786693248212448,0.1939097597296006,-1.71336273481075,-0.30350861888905506,0.2032066916698669,-0.7413845210749523,-0.14144786567241266,0.28789774827605347,-1.0135475470943518,-0.19513076277680677,0.33800296148014025,-1.1945425428707936,-0.24996053555868714,0.38109668141884556,-1.3464344343492518,-0.2965205246903585
4,0.0,0.0,0.0,-0.15064365293079024,-0.21385535930293187,-0.10505547898711198,-0.2246192767872366,-0.5570194441427083,-0.1550424550967265,-0.11289739131854681,-0.7614629290711525,-0.20442382264336256,0.04211372730941603,-0.7126485354057001,-0.2547750248546931,-0.12764762452418268,-0.981181651335054,-0.06751075293180044,-0.17784134861052386,-1.331398914055882,-0.13589784238024477,-0.19821933301469435,-1.5515231322691605,-0.20140119992317113,-0.20954368432902984,-1.7372472476990506,-0.25193821974549946,-2.156627376631149e-17,-0.9970385352436979,-0.07690357104258048,0.023117632025371333,-1.3920039485203388,-0.12439810630358465,0.04662013738249601,-1.646584225953693,-0.20081504829254687,0.07112193255449192,-1.8621766141488483,-0.2679441643066166,0.10536685412936271,-0.9095671173730736,-0.10317515365658655,0.14875336435437783,-1.2594146027437758,-0.1520912241874735,0.17099983601137905,-1.5049446789878695,-0.23453823819312064,0.1922668216443421,-1.7048972733847667,-0.3000072282155176,0.20397765279464722,-0.7371302400629054,-0.14396278701489557,0.2862516969931621,-1.0096607837861733,-0.19591038115543724,0.33251715987076336,-1.193508227610981,-0.25020617627184255,0.3721249613488571,-1.3500640470968164,-0.2969945932451948
4,0.0,0.0,0.0,-0.15477462405856823,-0.19798234347745355,-0.1167463843743816,-0.23318376041183234,-0.5318426535435729,-0.17454732285593907,-0.12060352871225449,-0.7327543203289968,-0.2300012807626673,0.03784764234897727,-0.6836292017751942,-0.28682357442158307,-0.13237306278871105,-0.9792784695690097,-0.08595191081011097,-0.1815746545336596,-1.3388689219875867,-0.1614753444081575,-0.19995760822956474,-1.56437338435257,-0.23296553959872507,-0.20977870098029827,-1.7539945573710563,-0.2876803624370902,-2.3603557900564746e-18,-0.9957613246005506,-0.09197491195840651,0.024426961105687393,-1.3998188465520869,-0.14822271024596437,0.04947152549999189,-1.6571983990876797,-0.231669317274309,0.07447782545463909,-1.8715010551057658,-0.30293320696591236,0.10796752528053484,-0.9077228597177285,-0.11514825598690985,0.15120205549822677,-1.2675661785356258,-0.17281035682360063,0.17269813317160382,-1.5179999510404356,-0.26252077037038535,0.19220346025616225,-1.718914932183633,-0.33176355444373473,0.20684473501501743,-0.7308806494117881,-0.15333865623978438,0.2892134399277336,-1.011296355823777,-0.21227303807366663,0.3378650748557982,-1.1952960740039866,-0.27130937384967924,0.38009559147086364,-1.3479224379430157,-0.32109090496502485
4,0.0,0.0,0.0,-0.1543211939071864,-0.20887916296125544,-0.11501921765779857,-0.23030752605448732,-0.5479065191070499,-0.17213505441141966,-0.11216627621440667,-0.7463805587350677,-0.22680054837086436,0.047886689155961046,-0.6949481436366102,-0.2826849344137511,-0.1326615340069377,-0.9804576243461347,-0.0872040485059228,-0.1831192458361785,-1.345595868145597,-0.1621982914676958,-0.20142442524016957,-1.5727838802373428,-0.23223448737876962,-0.2108481060193501,-1.765347845749057,-0.286046170991361,1.2521249299592575e-16,-0.9955996711611672,-0.0937085630226821,0.02294210049999719,-1.4038482429382562,-0.14849545930632435,0.048387613749476185,-1.6632732902455596,-0.22991591523553478,0.07427274493040215,-1.881837664937787,-0.30043491306127196,0.1079458539829398,-0.9069215768263015,-0.11706033364860825,0.14983775648605355,-1.267424792896626,-0.17303858390260726,0.1712199373434026,-1.5181969664939783,-0.2613820848434367,0.19142417715015317,-1.721281985669892,-0.33036459022511533,0.20689664027590646,-0.7308666362107941,-0.15513657262879418,0.288849593421749,-1.0102706699570594,-0.2130482140608786,0.3359534549383527,-1.1948755893842573,-0.27160863200892554,0.37668990264988395,-1.3493161183582614,-0.3213649368602418
4,0.0,0.0,0.0,-0.15534427676018872,-0.21208117537806268,-0.1096315679551562,-0.2313311989537198,-0.5533238362095383,-0.16688734516889336,-0.1102748988278175,-0.7355349860521626,-0.2219482818234314,0.04836803732779765,-0.6618685993016808,-0.27909476538015154,-0.13157279620968726,-0.9840236502376325,-0.10330298055857451,-0.19036367584162106,-1.3533261246985304,-0.18289588542139779,-0.21377537948710734,-1.5844104749872374,-0.25370108264605884,-0.2270125941853689,-1.777539425489625,-0.3076745772182825,5.25945565047119e-17,-0.9935474495985382,-0.11341721825296194,0.015283545524710182,-1.3993773835908287,-0.17007685649305035,0.03700706913963627,-1.6567272303778298,-0.2469426034095575,0.06126320289763629,-1.8718203808299174,-0.3154216495904862,0.10681921108299522,-0.89661133902825,-0.1386532584286468,0.14334158946218678,-1.2550617619651505,-0.19346397558788705,0.16500544469733686,-1.501951532050726,-0.27540285830203526,0.18764701360421535,-1.7000184142126116,-0.342030521249539,0.2043620239133364,-0.7111871468631044,-0.17838763221837714,0.28247835496741536,-0.9776614040189893,-0.2352447091777341,0.3260660161378897,-1.1604016381502684,-0.29062074952731903,0.36437509630918424,-1.3127612306250644,-0.3390587808414563
4,0.0,0.0,0.0,-0.3004372669676971,-0.01426696604140066,-0.31454345466970635,-0.46671345458135727,-0.198172142861498,-0.48603334174782753,-0.19318271786593041,-0.49695659303492934,-0.6280758846037979,0.1818554684949007,-0.7203718595556114,-0.7701235934285792,-0.31966247254805974,-0.8019319985170508,-0.2882767811736726,-0.4548974191049123,-1.1352850586971408,-0.4370323784686775,-0.4972459443147395,-1.3465343173641657,-0.5646988843391657,-0.513461260796148,-1.5414104560520858,-0.6601488629817899,-4.122303946150364e-17,-0.9714041333102568,-0.23743211616744012,0.046579659210018276,-1.4184691779888658,-0.3541860213863517,0.12315564741482242,-1.6978171070196255,-0.49717218742717073,0.19542169784711738,-1.9507462239652442,-0.6150044377892127,0.2612346458495726,-1.0138603691006678,-0.220039905919395,0.33531109587145225,-1.4231773835796424,-0.3353579972242283,0.3979820492213161,-1.6892326137488654,-0.49245317661069243,0.4525001107457452,-1.924950741560661,-0.6101845888886219,0.5035987459329496,-0.9584726822898045,-0.2324608881099215,0.6503279048088795,-1.3262017735045861,-0.3388522056479406,0.7471541734215216,-1.5275246894176044,-0.4430237226586742,0.8377880049594241,-1.7006681563162693,-0.528719050524844
4,0.0,0.0,0.0,-0.26267502983593555,-0.0180728007021265,-0.31139343162637045,-0.4212948839709079,-0.1821189394726295,-0.4851295935720397,-0.20088955977367715,-0.479618316747985,-0.6301042598115613,0.12472995953190318,-0.7303272357501056,-0.7750167647861493,-0.29325455014467633,-0.7925504488789498,-0.2829451944425673,-0.43190889563513657,-1.1163608343706963,-0.4277164839699554,-0.4804826689699204,-1.326237683848627,-0.5539082112473701,-0.5029812845351084,-1.523788614441908,-0.6481500214433147,-8.439147545051708e-17,-0.9730438259708549,-0.2306202782497684,0.03193600798994743,-1.4227496380741274,-0.3449078702879077,0.09553028232678344,-1.7069733160776333,-0.4853490458022806,0.15453903380800005,-1.9616770467285276,-0.6004137898852921,0.24489107054043074,-1.0309976647487071,-0.2108944692807016,0.30269804138196904,-1.439227995716983,-0.31919182894011283,0.35526737460351,-1.7054872219187651,-0.4696781403116567,0.40018340235086114,-1.9399434834029174,-0.5834725292264574,0.47203303190930934,-0.9937047544635275,-0.22086012279410666,0.6082273185564017,-1.370996795420542,-0.31837283383963416,0.6952466927692864,-1.5810405943351349,-0.417482957053124,0.7749460789520889,-1.7629034131460872,-0.5001639786084016
4,0.0,0.0,0.0,-0.268816285791746,-0.01516781584866993,-0.30335686118572747,-0.4302337491816092,-0.18727588169769555,-0.4678767780884438,-0.21225070136062976,-0.48708447179220726,-0.6050825619663839,0.11847077084395358,-0.7318046385988182,-0.742234141610254,-0.29289237115577216,-0.7992626754329532,-0.25911220987711764,-0.42641693300970057,-1.1195493037549558,-0.3969334247569562,-0.47089750575908973,-1.330119522567903,-0.5207351597436843,-0.48792980264552943,-1.5293757650166504,-0.613574081123842,9.115972320240752e-17,-0.978135605796452,-0.2079681145589573,0.03857167001805454,-1.4285745272144623,-0.31571411016511974,0.10852881646831646,-1.7154911349724977,-0.45627792377830934,0.17542011058032408,-1.9723620350801763,-0.5714487185740896,0.2451952082508875,-1.0334317714631651,-0.18988149739703314,0.3068600469777408,-1.4433909427074656,-0.294146884264328,0.3603878445451678,-1.708867954092066,-0.4452150331911959,0.4073054329315659,-1.9395997684475283,-0.5589633540157422,0.47450902747566054,-0.9934131280328878,-0.20124787361897287,0.6129331132347452,-1.372364854519081,-0.29737987644677133,0.7023194774709842,-1.5809482334277662,-0.3965025785307207,0.7845026415322806,-1.7595252688210112,-0.4786653952511636
4,0.0,0.0,0.0,-0.25285942107654047,-0.015425363761833594,-0.3125580693068751,-0.3984728758009486,-0.18208082204956558,-0.4884761611229297,-0.1741728062364464,-0.4781580313302763,-0.6360487276229985,0.14096998637893976,-0.7221670991584528,-0.7836695995684656,-0.28228689810697266,-0.7911772662573207,-0.2816069717927079,-0.41565236984874077,-1.1134043838177512,-0.42747291032200246,-0.46778739381700146,-1.3192434399051103,-0.5549886612527022,-0.4936172438997371,-1.514534624187782,-0.6503077134139895,-1.1365679215387872e-16,-0.9732167812576991,-0.2298893139717539,0.030480595791105417,-1.423071211769637,-0.3429724565149027,0.08648999899972708,-1.7071119883680275,-0.48372731463802765,0.13974324037765318,-1.965390005538475,-0.6000152559630261,0.23676599747692245,-1.0323739700378616,-0.21150419694465206,0.29272081411223566,-1.4406433975524549,-0.31770157469583576,0.3426327404965981,-1.7080157899607828,-0.46722855750796055,0.3862414004026453,-1.9464017234445303,-0.5815795377486195,0.4578791534734747,-0.9972222960711105,-0.22323887221171224,0.5921225757608897,-1.3759179099423127,-0.3193117056142546,0.677894072077246,-1.5878687264299172,-0.41795078003339503,0.7564247927073192,-1.775271755943979,-0.5009712582070066
4,0.0,0.0,0.0,-0.2704419226163536,-0.005324030459647829,-0.30829128028491853,-0.42603502168380897,-0.18356704641019678,-0.47530467047685826,-0.19838692639443664,-0.49360108599259,-0.6132335917001397,0.12974189520646628,-0.7381412151539282,-0.7516362893064985,-0.28507382252187713,-0.7916837963524951,-0.27733888098219656,-0.41274442536596884,-1.1172708063489096,-0.42058700165419177,-0.4562178235762083,-1.3292701318198181,-0.544729594465049,-0.4730237758324498,-1.5308676846190605,-0.6376445325679547,9.640710331354056e-18,-0.974317079858666,-0.22518043408716057,0.0370553866171377,-1.4270531231277992,-0.3364262648705433,0.09958481874960999,-1.7156335266802818,-0.47644981628726235,0.16128535926741497,-1.9788407127699954,-0.5924104587479178,0.23554125864664546,-1.0308308395933592,-0.2058776351179196,0.2974729351606795,-1.4483146922960115,-0.3157958201706922,0.34650319495483084,-1.7189747742396146,-0.4690835763825269,0.3926178911604075,-1.9587417667970697,-0.5845289695094719,0.45513160890483273,-0.9911125759929197,-0.21563883376590576,0.593664173368552,-1.3728042591848273,-0.3181229071992994,0.681017342730003,-1.586218558068854,-0.42054363496152064,0.7639444983828977,-1.774163873402058,-0.5049405592521538
4,0.0,0.0,0.0,-0.26513886010898824,-0.0029811530021228725,-0.336946913024325,-0.42926303534907007,-0.157078591309931,-0.5240653051838798,-0.23593049368674407,-0.44999561706337826,-0.6778698582236191,0.06456728662202972,-0.706906186456453,-0.8326909445050481,-0.28948529090144265,-0.7864614094966792,-0.3118003965954197,-0.41536925939184194,-1.1193143465075266,-0.46607056950397757,-0.4580349586327438,-1.3337643227938585,-0.5986477862646764,-0.47290838680745845,-1.5379365993607095,-0.6974788723795141,3.1494743603863533e-17,-0.9681393618032006,-0.2504120127455775,0.03998441688345049,-1.4253456168576173,-0.37435025628249446,0.10901617864264479,-1.7162563352705718,-0.5238587972110726,0.17693587477518008,-1.982400309332573,-0.645442620655179,0.2429291710554164,-1.0272018131788858,-0.22314129353634155,0.3045362843671588,-1.4444132134683347,-0.3429413555188253,0.35803339430746695,-1.7160227194135633,-0.5039347231294156,0.40754258801808824,-1.9607592445332367,-0.6243989472165828,0.4677266768269892,-0.9897172059952982,-0.22680419864462503,0.6059453954618165,-1.3677389259904826,-0.3361482351731623,0.6948769861424681,-1.578017101324664,-0.44407559168846494,0.7807431158251934,-1.766270348887228,-0.5323404659173586
4,0.0,0.0,0.0,-0.2740871109768594,-0.008456923376102453,-0.3003300824828873,-0.4390287523562176,-0.17664519323834157,-0.46621823472057905,-0.2218956940964778,-0.48205613893709853,-0.6055056994066461,0.0980831917197856,-0.7326850743867206,-0.7451732071473203,-0.29851922400516684,-0.7910355293778485,-0.26682879632117484,-0.42380434175535725,-1.1253228210727884,-0.4088300849365106,-0.4677780566917151,-1.3373862713753435,-0.5342781795796818,-0.4863161384055699,-1.5372454626126324,-0.6291046732714709,2.327301527604859e-16,-0.9753511397756863,-0.2206584558503699,0.04016905919866805,-1.4329521388782456,-0.3342162840460607,0.10817120697662175,-1.7239301571631704,-0.47840122663825785,0.1724652174855254,-1.9857859343768811,-0.5966883268710573,0.25124968778163914,-1.0347956101171967,-0.20665967214330186,0.31766097076523087,-1.4522854404287737,-0.3182257179158718,0.3715447817486626,-1.7263675802131826,-0.4748696177554522,0.4183528739822181,-1.9673299406808331,-0.5923026285555248,0.48464319675693635,-0.9957927305841464,-0.22110127158418155,0.6291187272554605,-1.383933367623687,-0.32492644040238755,0.7154636415228272,-1.5996006876425761,-0.429194333368938,0.7933572776334866,-1.7844428252873685,-0.5147946902680238
4,0.0,0.0,0.0,-0.2705001380238,-0.010809719913016847,-0.30735784476607825,-0.4353368267486488,-0.17538570624343966,-0.47816237381687654,-0.22555051482411898,-0.4790313887490227,-0.621050100705728,0.08293785265345885,-0.7322211809131379,-0.7643837535460966,-0.2982555029832713,-0.7896981454673293,-0.2768773224653264,-0.4262516280713608,-1.1241503742550378,-0.422217968932833,-0.4693233024160252,-1.3373662328860063,-0.5491690453427958,-0.48777377313349807,-1.5383467075708999,-0.6447781260047459,1.2321234770722568e-16,-0.9735421857233006,-0.2285073579058191,0.03955705560467666,-1.4337172736548998,-0.3462226574376921,0.10943322625601404,-1.7266273080191565,-0.4921179785546407,0.17429548871089234,-1.9891116832297338,-0.6110512489768131,0.25046856624252434,-1.0324774872330753,-0.21258735837967674,0.3124532882210338,-1.4519751909876946,-0.32831454868011095,0.36644391560650275,-1.7272396932281084,-0.4866415038019081,0.41300077905975874,-1.9691244412320235,-0.604539146700714,0.4825353793589262,-0.993353508734542,-0.22537683352495003,0.6239659526957321,-1.3809705812660498,-0.33199860375183643,0.7141986916005534,-1.5972276028150232,-0.4372613511790096,0.7969302207091302,-1.7832130403158044,-0.5231370874523448
4,0.0,0.0,0.0,-0.2695628031303054,-0.014387046460134225,-0.3048226854100039,-0.42421108892295883,-0.18516435524661132,-0.4746072127463097,-0.2030640249722446,-0.492092270220391,-0.6160560928001405,0.10536114659085456,-0.7431538484085759,-0.7580723243060594,-0.29691665594265426,-0.7892076026071032,-0.2804627027430245,-0.4242367177553106,-1.1230974653746646,-0.4255862016032262,-0.4653106193821198,-1.3373682131354092,-0.5517972965289922,-0.4825109861170661,-1.5377080909093694,-0.6468439326113855,-9.098887634806561e-17,-0.9727221226061995,-0.23197342992784636,0.03951850300619218,-1.4343475809524804,-0.34907912730274404,0.10965865264790456,-1.7268864217548525,-0.4934860523355926,0.17332202680502665,-1.987667420600929,-0.6118572716096009,0.24987038275103546,-1.0316162615719222,-0.21495969187467784,0.3120380918542358,-1.4502162174120117,-0.3292623744889861,0.36700848191182445,-1.7248476398498223,-0.48601973145515254,0.41350982984687523,-1.9666389791095031,-0.6036060011286144,0.4802917907847627,-0.9905154923134946,-0.22625831628492124,0.6234271513097772,-1.3781483099836773,-0.33173705014067695,0.7132945223536747,-1.5948668817016658,-0.43635333710214186,0.7933039464522663,-1.7812495291908332,-0.5222133192757891
4,0.0,0.0,0.0,-0.26239878529553523,-0.015056257287985118,-0.2937229455387298,-0.40807128113633884,-0.19459594946987185,-0.45490558788018354,-0.18060866950694598,-0.5076944470440424,-0.5890828878511286,0.12432969997551528,-0.7518715672516011,-0.7236583216391725,-0.2881667565282582,-0.7895757534809886,-0.2639138650084468,-0.419199027550597,-1.1145961009197525,-0.4038872482340233,-0.46311958169310613,-1.3269855768090175,-0.527424566693871,-0.48138724912541236,-1.5269999199131417,-0.6202278293420815,1.2503458102890074e-17,-0.9760322964461263,-0.2176257252580697,0.03347710373156882,-1.432390365562145,-0.3292744481088568,0.09736989808762067,-1.722380386914876,-0.47054364455484443,0.15753180170789574,-1.9812983903230665,-0.5864673775170195,0.2419932043084274,-1.0372314583365632,-0.20250044853473362,0.30074770077584895,-1.457393302054001,-0.3120009478726663,0.35136564656187425,-1.7283957908745229,-0.46614139153722994,0.39661963257668037,-1.9645540044811745,-0.5817020410711558,0.4677904411576504,-1.0001795151310866,-0.21492732781955243,0.6082337233804691,-1.3919531002066734,-0.31691196572823205,0.6960790702459128,-1.6127305973336878,-0.41995745517985816,0.775290375923919,-1.8027579822898336,-0.5045681977857607
4,0.0,0.0,0.0,-0.25459061579848163,-0.00933117829801094,-0.3239636444340347,-0.3955960806761438,-0.17640473254551425,-0.5040106693788452,-0.1658039057188177,-0.48602326943715174,-0.6510570639076779,0.14076395987639215,-0.7431058974498369,-0.798059596163448,-0.2868670305529404,-0.7794909813370687,-0.30216392418428867,-0.4200375627676974,-1.1042239094416253,-0.44996146866619974,-0.4697325390296939,-1.3135252643136348,-0.5777255509158993,-0.4925893284683817,-1.5130872404191444,-0.6732541708941681,-3.875540570868412e-17,-0.9700728071498772,-0.24281422698918786,0.033209865491217225,-1.4255683037044569,-0.35899087558161163,0.0949037887293514,-1.714360891117438,-0.5025251503734248,0.1532769396283747,-1.9761097899381463,-0.6208798882556187,0.24199907718077807,-1.0359113882224016,-0.2160858504598862,0.2977165899437203,-1.4521054696206768,-0.32835764825527497,0.3465460472067328,-1.7200563787137033,-0.4849877448031657,0.3899485868616258,-1.958554051804843,-0.6033194942156518,0.46714052064014705,-1.003122921716341,-0.2186520662942258,0.605855076384089,-1.393923169720655,-0.32210195357044324,0.6935459036145036,-1.6113875832172635,-0.42732645520704143,0.7742959837368488,-1.801740682778103,-0.5142870610585792
4,0.0,0.0,0.0,-0.24551063036062876,0.002744558646204127,-0.3254121890388478,-0.3872971113048602,-0.1620572909333754,-0.5058189275442938,-0.16205457992885228,-0.4671786566795998,-0.6541023238562433,0.16088412556632653,-0.7281147120002539,-0.8024441663317656,-0.2845820136758448,-0.7793387258636855,-0.29467306203965477,-0.4193498510673119,-1.0934163971993345,-0.4390637546903874,-0.46857377050782745,-1.3014819150837054,-0.5669132372136739,-0.4921772793325606,-1.497183897906029,-0.6631986603631883,2.452343490691473e-16,-0.9720883444020221,-0.2346151117846756,0.0337872355204089,-1.421596528597774,-0.34653281263444413,0.09766025215341628,-1.7131952767863525,-0.48962751379202524,0.15592760577528392,-1.9723965795561458,-0.6080269170125465,0.23704709547411362,-1.0346493885917172,-0.20783390223244932,0.2966688509927634,-1.4486064217041217,-0.31462039194754643,0.34854182150284013,-1.7170045544154107,-0.46869706853336685,0.3927153368046813,-1.9503964581760422,-0.5865512786343109,0.4530482470308628,-0.9958211224272508,-0.21132286423135188,0.5897766464121379,-1.3816570228961103,-0.31090446183909987,0.674399509192807,-1.5955412982585901,-0.41371661243124863,0.7523991952778554,-1.7788719514791733,-0.4996741875278671
4,0.0,0.0,0.0,-0.254906166446678,0.0002079088510708865,-0.32502662745525596,-0.3962943844216778,-0.1617825742951264,-0.5062752741479888,-0.15473702462913774,-0.4782554376602304,-0.6547266799444527,0.16657201698245427,-0.7457072637302042,-0.8034928490288841,-0.28718971335348015,-0.7739735812580281,-0.30098810529287295,-0.427918835832919,-1.0891760828464163,-0.4476149455611288,-0.47962946109375465,-1.2970547990731414,-0.5771099454523501,-0.5049123567930418,-1.4966396062772147,-0.6749092955353398,-5.36880926076891e-18,-0.9703379733489311,-0.2417523887722496,0.02923635148148824,-1.423415930396951,-0.35743836776460597,0.09183270832818836,-1.7169121759456443,-0.5036707647587629,0.15173468548959182,-1.9786810787026266,-0.6244623747720311,0.24109473823088362,-1.0373706225001713,-0.21517113574844263,0.29644344563281605,-1.4525210724641382,-0.32724097190633594,0.3453692916586628,-1.7242073267345068,-0.4868424288908723,0.38830085625392363,-1.9634851890572125,-0.60781977658679,0.46505507964804055,-1.0027695847754834,-0.2179682989273095,0.6016557733586035,-1.3943104588282746,-0.3223587793931626,0.6867671222848956,-1.6122354739115585,-0.4294562723874453,0.76484387262592,-1.8008794614278376,-0.5183223926647837
4,0.0,0.0,0.0,-0.2562607131432585,-0.0042059543072996775,-0.31641085922153156,-0.39762310501065046,-0.1648453749530578,-0.49551323518592605,-0.15739505229200235,-0.4782492773683928,-0.6432858707204439,0.15686099533219255,-0.7417965325940967,-0.7916326139585952,-0.2884626304253367,-0.7753359104553412,-0.30027054656671043,-0.4310673021710822,-1.0885341586408708,-0.44984932589663784,-0.479991867226106,-1.297977929973511,-0.5812815348902256,-0.5029551338855001,-1.498903017275415,-0.6801376666575896,1.712411292076177e-17,-0.9692921824920229,-0.2459119048762205,0.03207620678532688,-1.4258161344612843,-0.3668831004872803,0.09970047663762378,-1.722932184131424,-0.5150433586987122,0.16457483720526803,-1.9875660713826102,-0.6365528942556644,0.2431070779044095,-1.0343674023476852,-0.22302705042171528,0.3004210354729504,-1.4523316748807973,-0.33805451169643164,0.3534404012681453,-1.7264396186730815,-0.4971312623306048,0.40185917818345285,-1.968767958439989,-0.6174448494797986,0.46914597382063755,-0.9976603131707812,-0.2288759906022568,0.603764345183273,-1.384727120934758,-0.3348503860494941,0.6882875187887258,-1.6026233498179068,-0.44186601355705196,0.7676942367864401,-1.7935761843365827,-0.5304735309970244
4,0.0,0.0,0.0,-0.2557394581881757,-0.009989891581483754,-0.2854808273895533,-0.39121602765412233,-0.18124273844767874,-0.44796712250714504,-0.14889048778464445,-0.4867171592445415,-0.5849446961763083,0.17720268579164472,-0.7255726821437803,-0.7217566311917077,-0.28574578737009937,-0.7901497338378874,-0.26236744369739085,-0.42158362401898797,-1.1085735528997234,-0.39875360439963675,-0.46576919625874885,-1.3203519724636903,-0.5217229726855473,-0.48433354703868897,-1.5184568014385784,-0.6155580383110815,4.5760874613579973e-17,-0.975534512967047,-0.21984634181661106,0.04033899003469168,-1.429994474380131,-0.3264611210215273,0.10854456817152479,-1.7263675668024514,-0.4648955465754736,0.17221456294839116,-1.9859736068606872,-0.5811200720032419,0.2391765285230437,-1.029703692300174,-0.20688702246507257,0.31277291885284053,-1.4478136212309163,-0.308369784534696,0.3669100166770564,-1.7205722392472151,-0.4573319140529745,0.4141398691506849,-1.9556713051563615,-0.5723673444772666,0.4586466218497963,-0.9812840875080263,-0.2211888446419034,0.6064567253402235,-1.3677106974975142,-0.31754336945645895,0.6922557809931168,-1.587450746635196,-0.41731352311143854,0.7684661944136623,-1.7732290215327515,-0.5015407170888664
4,0.0,0.0,0.0,-0.2526641072865267,-0.010493981972885424,-0.2908066382112479,-0.3828105979607587,-0.1912398655249647,-0.4538629141977051,-0.13104249033968907,-0.5120905522238367,-0.5888666370019411,0.19061286347610065,-0.7562894448645473,-0.7244296576849287,-0.2725944162432795,-0.7836945309861854,-0.2769002949944925,-0.4179566604389482,-1.0939674974809837,-0.4183819547277676,-0.4736100638999439,-1.2991982765289243,-0.542926090999545,-0.5033946728114397,-1.495445338145733,-0.6368913244272675,-1.358394632009742e-16,-0.9729799683286515,-0.23088954335607326,0.024690728541177022,-1.4261434656798746,-0.34311991801214853,0.0814858058306861,-1.7208684949160888,-0.4834631811698734,0.13756915779447246,-1.9835167042568027,-0.600252588857734,0.22904112494175302,-1.0345906228568718,-0.21444413642638258,0.2860758806329621,-1.4550149417064027,-0.32275534840711484,0.3307089393025198,-1.730253816655298,-0.47628451194746224,0.37075860089449986,-1.9711833793846474,-0.5929219528706776,0.4450626087996716,-0.9985339589536794,-0.2246493667057394,0.5847328519212323,-1.3981527620429097,-0.32606906646438266,0.6668522749758229,-1.6244726608215323,-0.42991265116533156,0.7401835719126119,-1.8198263306148506,-0.5165849845115155
4,0.0,0.0,0.0,-0.2482264484294721,-0.005100607693620768,-0.26743003514669345,-0.37752904095256434,-0.1862294051675536,-0.419105257000947,-0.13080586939212002,-0.4984834676099346,-0.5479834241436455,0.19630937052578762,-0.72993831671539,-0.6769919900654977,-0.2729887844326988,-0.7907293268011688,-0.2442661783296098,-0.4088796192464404,-1.1002241243790558,-0.37581177303778707,-0.455481656316225,-1.3085822164561505,-0.49579845763147845,-0.4770053599846478,-1.5035424517928848,-0.5873419551035127,1.1184827486795038e-16,-0.9781984890483343,-0.2076721358862466,0.03061934988825458,-1.425792073920579,-0.3087188062894291,0.08995410621100776,-1.7201030317893633,-0.4430029473520673,0.14512883495247128,-1.977187456332581,-0.5565386618741273,0.22656697040796858,-1.0319898691529774,-0.19952602468367653,0.28948319101264175,-1.450271351524148,-0.295309374392784,0.3373381019239029,-1.7218958525341956,-0.43933787883014014,0.37916769538118195,-1.95134542664555,-0.5515712968176367,0.43487513517088444,-0.9834526403570866,-0.21740792831460998,0.575823646722614,-1.3718877563025194,-0.3098776899657587,0.6556248675781088,-1.5949303258314507,-0.4063265779591044,0.7254173676481137,-1.782576223559151,-0.48844745219649993
4,0.0,0.0,0.0,-0.24273075438801428,-0.006563073474970288,-0.264558953789412,-0.3724979681659825,-0.18191266827472952,-0.41873055663432174,-0.1358790591115963,-0.489123218863395,-0.5499901814342459,0.17939523713238223,-0.7164319609287121,-0.6822445342748119,-0.2644864366552954,-0.7845564759990963,-0.26120194002861435,-0.41185973043492313,-1.0877995130357279,-0.4007124648530506,-0.46460601560397,-1.2926358233112851,-0.5246650044337429,-0.49204220849593716,-1.486019724131978,-0.6180681662872664,-7.932526848601339e-17,-0.9738442991846482,-0.22721637473025907,0.01988258425863204,-1.4198237496539796,-0.33791755001837037,0.07368720029125854,-1.7126124761545485,-0.474821361392602,0.12628941247483308,-1.9712196853252404,-0.5893395099470843,0.22026376957111793,-1.0314118445909402,-0.22010857767158018,0.27285107201281394,-1.4480669953676415,-0.32201181881329566,0.31694733072718784,-1.7197696529453204,-0.46607765550503144,0.3575062657187993,-1.9526220932993896,-0.5778538929023856,0.4244147065961903,-0.9890355865325245,-0.2382328607044684,0.5522555795802455,-1.3776464963693713,-0.3336040414875443,0.6271774298539974,-1.6036542854537001,-0.43069204529721905,0.6958087052927076,-1.7974824774341083,-0.5134481805415505
4,0.0,0.0,0.0,-0.24108102948511903,-0.011260228812785818,-0.26910624859027865,-0.3684526449654329,-0.19185988191747855,-0.4243727209370221,-0.13748384969558738,-0.501838783311849,-0.5554062750203763,0.16766410613904792,-0.7329531933268332,-0.6875857198383818,-0.2607457259064613,-0.7866950758020907,-0.26515060468824386,-0.40490247044046884,-1.092191336093897,-0.40657202267654213,-0.4566826278535899,-1.2977558916838596,-0.530732528616642,-0.48517137194549553,-1.491289346009322,-0.623606592682992,1.384236237328978e-16,-0.9736416246139585,-0.2280832892149086,0.023917009239451725,-1.425298202269082,-0.34151113617787227,0.0800992843995143,-1.7187555826903513,-0.47901933648724226,0.1345273200825165,-1.9798838437617632,-0.592835498204863,0.21821160186429178,-1.030567951866661,-0.2183296317378454,0.2751970739997602,-1.4528525952833646,-0.3230617978259804,0.3210292320349118,-1.7268627401862533,-0.46758907777592107,0.3628758160412126,-1.9641937804766694,-0.5785097044394907,0.4235101971833183,-0.9903349344235548,-0.23389447897520596,0.5569827566569234,-1.385293726524981,-0.33120107190627945,0.6377694285830712,-1.616382418015606,-0.42886268375454645,0.7124439103581213,-1.8190993650203489,-0.511169009851493
4,0.0,0.0,0.0,-0.22049462681755005,-0.007446147331305558,-0.28862087140976106,-0.3458620045619904,-0.15828369941980316,-0.4603217934364206,-0.13832150968028747,-0.44988511458470265,-0.605227291797835,0.1497352241345411,-0.6977137019535552,-0.7508464523160233,-0.25358903776972136,-0.7851849082268294,-0.2865951776111145,-0.39065099801850955,-1.0907210809387342,-0.4311858143336059,-0.4356053469503157,-1.2979684508006781,-0.5579459799757395,-0.45739835991397065,-1.495386379636339,-0.6530263045720331,1.7521904120682213e-16,-0.9700707608867576,-0.24282240191668275,0.02207554103145198,-1.4131776131723206,-0.359335665323608,0.07835412872461622,-1.7038293859941753,-0.4977398457473141,0.13003099567608378,-1.962984188771785,-0.6123040089337366,0.21125801165315392,-1.0250216860490065,-0.2275338980551195,0.2634019196061569,-1.4381823184487874,-0.3338093175659664,0.30888124274509215,-1.7043571707095133,-0.4778584784405301,0.3478975471635718,-1.9363409392397073,-0.5892357154710879,0.4052691586896653,-0.9824255427528541,-0.23895879965923036,0.5337820429782012,-1.3650630871052358,-0.33593319960796014,0.611385796696043,-1.586296276526465,-0.43324184967506846,0.6825850551015278,-1.7814583085003401,-0.5158978964785538
4,0.0,0.0,0.0,-0.21448322959046084,-0.012131550942338566,-0.2655237655158359,-0.33407105483934196,-0.16112936401171263,-0.4268046516062726,-0.12937528212197255,-0.44526925902169817,-0.5652257511802097,0.15329989036455619,-0.6766999608306369,-0.7035829713807716,-0.24538918352968606,-0.7921527046931331,-0.26134914591861025,-0.37780095361519533,-1.0965288407485085,-0.39983387475091325,-0.42403027634660534,-1.3003452042591168,-0.5229944821589168,-0.44732563111948637,-1.4935351184683936,-0.6153033281352535,5.013847788151121e-17,-0.9742004223608917,-0.22568459644348876,0.02214318670081426,-1.4148656708284164,-0.33702519370748657,0.07513862113464231,-1.7032163880740858,-0.47140686084672473,0.12384904815376649,-1.9604799186696829,-0.5825089984608559,0.20427568462812754,-1.0263242451890302,-0.21670644305815243,0.2550140901915136,-1.4379945145974617,-0.31579348082102393,0.29739005716800454,-1.7022202045928192,-0.4523666056487474,0.3341055327179701,-1.9313926913410964,-0.5585623871944446,0.39399312021719496,-0.9816265131479696,-0.23292007350152683,0.5168356771252683,-1.365062841964043,-0.32285897971874167,0.5891820352828474,-1.5874172089644765,-0.41391094775034365,0.6552357180322743,-1.781409196385405,-0.49206981220203905
4,0.0,0.0,0.0,-0.21908192672034632,-0.011326745455827628,-0.2756893605994874,-0.34420986142081583,-0.15855790386528823,-0.44091022568880817,-0.1539482233001528,-0.4457277197304525,-0.5801281836174885,0.11408255349982903,-0.687765189196069,-0.7191504378279505,-0.24455761606085394,-0.7879608575960195,-0.27801354215498336,-0.37737381748847876,-1.0943655652974642,-0.4203493411767046,-0.42961319434929834,-1.293790323431398,-0.5427185882881894,-0.4611832258949744,-1.4811878947271089,-0.6334453527819892,8.251647605866248e-18,-0.9717052658022253,-0.23619669009583247,0.030922077318713406,-1.4237489312370677,-0.3532441304153112,0.0870072509318734,-1.7175306797557275,-0.487811751204177,0.13845817835374777,-1.9815562725765685,-0.5977127823945322,0.20559640704809037,-1.0269414518116935,-0.2209916456321463,0.2646110501294974,-1.4466158479633322,-0.32613129431448434,0.3101651290497024,-1.7186402825073193,-0.46302979336421923,0.34980548702142794,-1.9571280928005046,-0.5674751086428119,0.39809409902165094,-0.9865464992443297,-0.2310497472747268,0.5237442489814731,-1.376144744696248,-0.3246729867686542,0.6017698147626354,-1.6037311403368995,-0.4163087290660328,0.6748684698482839,-1.8063144516160008,-0.493471366801928
4,0.0,0.0,0.0,-0.21426533180131105,-0.010307867026373875,-0.2622134344915001,-0.3397008835840169,-0.1588345500970363,-0.4185312151923066,-0.1511725481131835,-0.4387566347513944,-0.5519327084186323,0.12564120767194006,-0.664411991643333,-0.6850925012209022,-0.24016987861781602,-0.7950481592461125,-0.2541638356945163,-0.37120528193901275,-1.1031663230466116,-0.3893749612177556,-0.4244219625971759,-1.3030045589041095,-0.5093180044311764,-0.45461068603874727,-1.488477960647585,-0.5990700047270086,2.2078288305467074e-16,-0.9759949709441804,-0.21779305932850204,0.03213829908016514,-1.4263108855683975,-0.32720504125660677,0.08975432943981715,-1.720748603359613,-0.45989281243215974,0.14438796490682895,-1.9808452800297538,-0.5690903176430898,0.20163644218803536,-1.027106647114116,-0.20787193871402293,0.25928799383785084,-1.4453458714054284,-0.30534140378152985,0.30626847983054456,-1.7187655044549366,-0.4406598636905413,0.34871621776716993,-1.9561106701821191,-0.5453059684251212,0.3905927280703066,-0.9823805326850993,-0.22282622819082273,0.5169750798860794,-1.372489219880559,-0.31119037159202934,0.5947004488575538,-1.5999635428236494,-0.4013445577444574,0.6684179426117813,-1.7979945077803374,-0.47836570600635603
4,0.0,0.0,0.0,-0.21832893162584271,-0.011052600629246298,-0.27325581248326214,-0.34853921103089514,-0.15867997688790192,-0.4346968190052844,-0.16699791595976482,-0.45031700935000935,-0.5710938184680185,0.10136521917160517,-0.6985687313677132,-0.7075669385963284,-0.24118678593710507,-0.7905771657242289,-0.26635383418928094,-0.3762018469360488,-1.0957128684684287,-0.4070062916823493,-0.4277794741215528,-1.2970320280669414,-0.5302776426798195,-0.45726674008784923,-1.4881554461140973,-0.6223070533840834,2.324774677783081e-16,-0.9741277583177304,-0.2259980320154883,0.02840888192843747,-1.4225265624722188,-0.34214750320718496,0.08642955039837741,-1.7179556551683495,-0.47991524342237796,0.13991833734057574,-1.9820059251775635,-0.5921609947277238,0.20230291180705187,-1.0287888697742087,-0.21291264787488595,0.25897134686260725,-1.4459409460314272,-0.3194201048967621,0.30442585714064024,-1.7189966931712055,-0.460891997088962,0.3425654139790244,-1.95932891012958,-0.5683008156906967,0.39078836153959967,-0.9861776614747967,-0.22482278297234878,0.5167267477309003,-1.3753861689703228,-0.32125915837414043,0.5944791163801859,-1.6048106178732318,-0.41646956922085854,0.6660717986015635,-1.8084259230766673,-0.49616150739252235
4,0.0,0.0,0.0,-0.2167795064203934,-0.007578948851779281,-0.2666581744815614,-0.34517864246472435,-0.15248910238132524,-0.4283963110245339,-0.1610503737938568,-0.44127434485563266,-0.565912925456769,0.10816642391498166,-0.6861743380230091,-0.7039033102698321,-0.2428189203121995,-0.7845868391802481,-0.27408342483994363,-0.37727519100338325,-1.0877191472407577,-0.41838147587011654,-0.4317232315785618,-1.286891279577796,-0.5433355205245082,-0.4636033139606784,-1.4750907006653244,-0.6365705516116072,-3.0498400571384274e-17,-0.971191111885887,-0.23830196011332883,0.025938420471462626,-1.4193271716339773,-0.3587468024462499,0.08162192397628258,-1.7155983616868056,-0.49698124871775756,0.1331896833262437,-1.9803607143738176,-0.6099070480082288,0.20456103823481814,-1.0261112262090728,-0.22841723183739332,0.26047439377158027,-1.4475324773418397,-0.33776615132346505,0.30739256008377464,-1.7230863673865249,-0.4775433129670892,0.3469992627996252,-1.964074992999843,-0.5844363540605244,0.39277010693721837,-0.9793852517834302,-0.2427886312313642,0.5183586100387609,-1.3677615327268628,-0.34237860077736076,0.595740276539981,-1.5994161721432907,-0.4374920826713842,0.6675129140708769,-1.8043550534323747,-0.5172414253120904
4,0.0,0.0,0.0,-0.21595478366000853,-0.010288589885463478,-0.26246081113607655,-0.3431527457293899,-0.15651741995327081,-0.42314434268215784,-0.15993614495564482,-0.4456466610745613,-0.5604790220434134,0.10528135917995886,-0.6883657257008425,-0.6980733522102153,-0.240950797638336,-0.7867569202278785,-0.27004896898154107,-0.37556572115713843,-1.0884482343404247,-0.41448418854888325,-0.4317780935009358,-1.2855637077905102,-0.5391508447351686,-0.4661115622861799,-1.4715157090793605,-0.6323269197560311,5.529846644747154e-18,-0.97153599040258,-0.23689199934248056,0.022353056120324163,-1.4152402411177594,-0.35719958960004106,0.07326060109398619,-1.7091458326976119,-0.49491958199214325,0.11807002529355833,-1.9734179553218119,-0.6076224493401892,0.20252627600338882,-1.0245213722947257,-0.2295625501097659,0.2557970439067886,-1.4419778293941348,-0.3393562109512132,0.2972495933330292,-1.7144993751993944,-0.4784993088723132,0.3282026542151787,-1.954093136664783,-0.5848544699701342,0.38769434764920263,-0.9752387111810239,-0.24616245338182116,0.5116130150609082,-1.3617805460295194,-0.34626307575896864,0.5856006184063681,-1.5919590727838382,-0.44082833736815497,0.6508422683596614,-1.795838801336277,-0.520113554432956
4,0.0,0.0,0.0,-0.2228704021482846,-0.011932051178561123,-0.2531417248834514,-0.35188215565706615,-0.16923019579848253,-0.4063296118261888,-0.16221604930082334,-0.46393646995102616,-0.5375399002165174,0.1083235643973925,-0.6984748706086478,-0.6689250795712214,-0.24050209422772434,-0.7882452036671228,-0.25941909203719493,-0.37957252222669446,-1.0876364883169551,-0.40091410579489295,-0.4384538251438083,-1.2838082202548415,-0.5224574705036772,-0.4761643778834268,-1.4682110559349284,-0.6134322454635542,4.230601829845506e-17,-0.9733083938962293,-0.22950113370339284,0.013735737308830744,-1.4161824150372477,-0.3462965876167554,0.05903724704584421,-1.710896007761624,-0.48027645655223544,0.09807072209800127,-1.9778124282474874,-0.5907819711401171,0.20061464508504723,-1.0260062948776694,-0.22512476933265765,0.24905462646431772,-1.4430616204825375,-0.3327497281265751,0.2885188702655292,-1.7174081923689768,-0.4687141488151202,0.31761222312438286,-1.9575980848096082,-0.572665773054108,0.3844859576537402,-0.9746032745338622,-0.24414446309614904,0.5041050932663311,-1.3650552050181028,-0.34316708560023645,0.5745486095752157,-1.595064310484884,-0.43557377494901334,0.6357798837905353,-1.796278914301706,-0.5129486892426525
4,0.0,0.0,0.0,-0.24198971102602054,0.001683625563007476,-0.24069626142375916,-0.37720962905634664,-0.16967948787879783,-0.38124953932267003,-0.17468056397520018,-0.46364132176989253,-0.502570947607195,0.09273377913147393,-0.6674236450385622,-0.624447868997874,-0.2579790493808264,-0.7882915993863779,-0.23523874831015193,-0.39701129066528384,-1.1001243296535665,-0.37199063759305834,-0.45102217733024136,-1.3099859772276747,-0.49261584869933855,-0.4867992649727244,-1.497608664124637,-0.5828978151941497,-2.5417140423504484e-17,-0.9777286892062955,-0.20987284317638405,0.014642801563904965,-1.4268194795165225,-0.3208128378193723,0.060357356915555715,-1.7317099620795626,-0.4548344482178293,0.09530725949241692,-1.9918486824997081,-0.565237806617471,0.2101035464275359,-1.0301234405199002,-0.21048364302310743,0.2625090390055247,-1.454393783264014,-0.31406336197865026,0.30390544462053165,-1.7347623436214115,-0.45123394385819676,0.33115775539695924,-1.9691462098340875,-0.5556001497695947,0.39813588784029824,-0.973576937626298,-0.2342023686465428,0.5154706589645004,-1.364657827172976,-0.3316939738835488,0.586494102311911,-1.6002525825692897,-0.4247970129833646,0.6459448159496414,-1.7972909415255138,-0.5024234183101041
4,0.0,0.0,0.0,-0.22336017472762654,-0.010236647771911099,-0.24928876133489483,-0.35157996888212695,-0.16602337930962732,-0.40406256973495275,-0.1662997276575513,-0.4533585249863111,-0.5380161487689697,0.08989925967327389,-0.679104427865717,-0.6726235101698725,-0.2406795415361758,-0.7899403720977385,-0.2644804570308654,-0.38041958153208233,-1.0943230354280038,-0.4094283507552028,-0.4393979319891522,-1.2957407652752895,-0.5321464767525339,-0.4793405447150354,-1.4833460429255863,-0.6236702523523205,1.1341234200278331e-16,-0.9711989547056384,-0.2382699947091017,0.0074859193621313585,-1.4168438384842885,-0.3587847497572199,0.04979265703851545,-1.7130798033285808,-0.49164831584549806,0.08479330021572216,-1.9807043823156107,-0.6010096878098997,0.20010044961327428,-1.020062785877767,-0.2369221396256869,0.24636712195040952,-1.4405850998456393,-0.34673105244691327,0.28737661840089823,-1.7164903120076667,-0.4799193965884083,0.31632377212273527,-1.9578686784934622,-0.5818429526581576,0.38181884304205077,-0.9639698750208543,-0.2589115136331693,0.5001423225282202,-1.3520133812957833,-0.3585434906605559,0.572067431668609,-1.5815924905826229,-0.4489708937988758,0.6334677375644943,-1.7830529312672014,-0.5248456319466283
4,0.0,0.0,0.0,-0.22267003802119348,-0.012042959504607972,-0.25656576102592,-0.35043526657414714,-0.16832501048607398,-0.41555698801924523,-0.16344261654842776,-0.4565741439304136,-0.5525627578852909,0.09318491806724424,-0.6859060408616799,-0.6904699568349347,-0.2397207755733389,-0.7868341725075061,-0.27510921736369504,-0.3840637191062489,-1.0892323199556007,-0.42348222912073974,-0.44435111802494426,-1.290702415004447,-0.5480547074180184,-0.4856998652233605,-1.4805462151474509,-0.6410376997707227,2.7258287235687453e-17,-0.9689613117954683,-0.24721241118440052,0.004165724734510311,-1.4149908470301933,-0.37109353020613006,0.04620384363970213,-1.7132892307304728,-0.5058752004897564,0.0816116132255727,-1.9842878885764768,-0.6169516232628892,0.19906671580289845,-1.0187269383260202,-0.24467654179975715,0.24446871676475238,-1.4393475165502971,-0.35855863701811,0.2850252788467787,-1.7143131519531598,-0.49439488646362023,0.314174420359359,-1.9576262620673743,-0.5980216518572932,0.3804114417831442,-0.9637265270758574,-0.26581640744906204,0.49937072956636713,-1.3542368850888602,-0.3689187754844944,0.5723005312369267,-1.5843358466626012,-0.461642412193319,0.6352873920343958,-1.7878016860416244,-0.5392463743183524
4,0.0,0.0,0.0,-0.220707718989944,-0.008739046133184195,-0.256738327705546,-0.3459371544873902,-0.1675429763659538,-0.41537822961815835,-0.15392236272286403,-0.45151024476480506,-0.5518010696260826,0.10351606735957974,-0.6674108775888841,-0.6893085879806012,-0.241577982309389,-0.7855374323454586,-0.279261559698119,-0.3892672345800642,-1.0896561051651696,-0.42941476974672066,-0.44793838995841984,-1.2964633602988247,-0.5553070928602877,-0.48735506868488393,-1.4886909658592742,-0.6492799607875974,-5.234663150443886e-17,-0.9676961848264599,-0.25211920567920626,0.0010144629480827556,-1.4152776942303575,-0.3761252204690636,0.04197957878798678,-1.7185272521804675,-0.511245768224001,0.07730023192624287,-1.9911327945721218,-0.6232611296022004,0.20046921263307932,-1.0170236751016748,-0.2504448464408794,0.24316475048906827,-1.4391976243128557,-0.3643693681078124,0.28364701704841777,-1.7174487744975455,-0.5010576454430306,0.31489459016895777,-1.962876315892638,-0.6059262378069107,0.3820504886310259,-0.9592072626036307,-0.27246504618144424,0.4941176444501086,-1.3486663004169492,-0.37656461019116083,0.5632299522924665,-1.5787155256003553,-0.47044541514301974,0.6256480336432626,-1.780658912919483,-0.5493198780239993
4,0.0,0.0,0.0,-0.221990037197925,-0.013787294589408514,-0.2534682128856218,-0.3518739892614106,-0.16477628609099682,-0.41305553881595053,-0.1684589931339259,-0.4444586638469929,-0.5520789165348169,0.08868073120147507,-0.6671123503060898,-0.6926671612165134,-0.2368791274039326,-0.7886463618638039,-0.2734779021515648,-0.3815165125367548,-1.0855264817339005,-0.42276340331763357,-0.4417130942515882,-1.2840548400227045,-0.5489384352578284,-0.48187054267889123,-1.473166819273667,-0.6431415625438824,8.412526917413902e-17,-0.9686100209735307,-0.2485852515127481,0.004334217694691624,-1.410155512047049,-0.37229823812309887,0.0463676177053055,-1.7024155525250868,-0.5075099512010715,0.08362451886230952,-1.970455684768317,-0.6192464051475036,0.1978744138661273,-1.015783783515551,-0.24899823539771082,0.24232084623349354,-1.4325921242879578,-0.3613144074873022,0.28396869758481597,-1.7031846710562972,-0.49608837267847494,0.31538326509451087,-1.9435689944101657,-0.5999750514021928,0.37868937045283685,-0.9585369083494621,-0.2731937925371644,0.49717671692762644,-1.3400822698344137,-0.3748798571310095,0.5696826899348401,-1.563048030869937,-0.4664553321735678,0.6335416696996847,-1.7619002767310465,-0.5437850051395481
4,0.0,0.0,0.0,-0.2229805204769262,-0.01788632921920836,-0.24884939264876174,-0.35568724243208416,-0.166708430954416,-0.40759369339857593,-0.17488473187019105,-0.4444534328153331,-0.5469620725829655,0.08440561068088145,-0.6685319541215474,-0.6878766528355377,-0.23362876992087583,-0.7921549310496416,-0.26978238622466755,-0.3799568436832268,-1.0867720910391079,-0.41868733206030667,-0.44286183777325044,-1.2802095006834033,-0.5447696729720697,-0.48556523347307107,-1.4666128828951137,-0.6387142007098341,2.0825375461656708e-16,-0.9689882340126166,-0.24710686422094935,0.005505604687962992,-1.4115488179939393,-0.3712481751568105,0.04587506749372119,-1.702312059545135,-0.5066718331630196,0.08169009255130431,-1.969039633863205,-0.618304183081118,0.19590045552438623,-1.0151712393324748,-0.24922214518135166,0.23991337770829302,-1.4294020554890168,-0.3600297343609318,0.2802869470466464,-1.7002793609875952,-0.4933468081605773,0.3099427749900455,-1.9393766353992248,-0.5963138835155433,0.37763433621074827,-0.9614426369292737,-0.2749241375209652,0.4952960128965343,-1.3433690148656554,-0.37375061032549733,0.5672667071028696,-1.566803315162246,-0.4633934411559296,0.6294857532867132,-1.7655506327755652,-0.5396949312790683
4,0.0,0.0,0.0,-0.21042894701207726,-0.014501708176544562,-0.2546987795376622,-0.337606221584336,-0.15624682995499065,-0.42017307831636513,-0.16548758806695174,-0.4267324503652638,-0.565107176197071,0.08613735852438702,-0.6582669656457102,-0.7117156626717814,-0.23006825184777746,-0.7896649212296412,-0.2823053362816901,-0.38054197226676306,-1.08117113472131,-0.4334260663551182,-0.4463841101075295,-1.2733605758289919,-0.5605998124323684,-0.4914742516862826,-1.4581997393285175,-0.6553992436463852,-1.699885406521667e-16,-0.966311255745608,-0.2573762945947935,-0.0006382872657652962,-1.4046634111485508,-0.3830686726658307,0.03573279733761945,-1.6938347186644849,-0.5180330203192406,0.06777095845782184,-1.9592764647153265,-0.6295005041403263,0.19424344157505083,-1.0124030581237955,-0.2570701473439964,0.23338352694109651,-1.4251041663684694,-0.36799472291649,0.2703833373109145,-1.692361483397113,-0.5000796123087669,0.29672686798725256,-1.9302059968829715,-0.6030187491367633,0.37302175475574745,-0.9585554642386908,-0.2807098798933592,0.48690441898529446,-1.3366714869325589,-0.3792384660139733,0.5562150962045841,-1.5586816856964216,-0.46839157308033375,0.61659156683175,-1.7587241388477908,-0.5449199440229567
4,0.0,0.0,0.0,-0.21221861942965617,-0.01656359143147733,-0.2552158102256626,-0.3423793240298934,-0.15746481020372652,-0.4193093409211425,-0.16838131261763023,-0.42973038128713503,-0.562464177906514,0.08955697455895217,-0.6597027862958076,-0.7070773815527011,-0.2292184437296149,-0.789238103716889,-0.2804009090067871,-0.3846072021577232,-1.079336798709422,-0.43126805996781686,-0.454384888709828,-1.2689034139642532,-0.5584954348297745,-0.502478268762755,-1.452483851629637,-0.6529882067137015,2.7258730780157334e-16,-0.9671349419783586,-0.2542636505765561,-0.0011960499391300771,-1.409020597389234,-0.38015720790710605,0.034182571945456666,-1.699674325656081,-0.5161348178677028,0.06624269385343587,-1.9665494056640527,-0.6280031946157865,0.19247994564632379,-1.0147253464711117,-0.25297311782016413,0.23143979088761263,-1.4294718640501616,-0.3642465397142583,0.26716942624338474,-1.6992466683388234,-0.4973863970141292,0.29291397667736807,-1.9375787310660564,-0.6004097829507351,0.3705335084065825,-0.9634059762068389,-0.27555607084093203,0.4847538511167337,-1.346231316639631,-0.37441403499094644,0.5543104330595485,-1.5709367996899597,-0.46426648224421807,0.6151179808108549,-1.771299233493915,-0.540993594416404
4,0.0,0.0,0.0,-0.21113037906322718,-0.012918695596349495,-0.24941150921713595,-0.33785428408883744,-0.15340127720089777,-0.41134265050835106,-0.17288357969132828,-0.41904413979913596,-0.5533335528574949,0.07237726451015254,-0.6450978509967816,-0.6970372653808555,-0.23424701448336513,-0.7911254059452459,-0.27524680675741864,-0.3780120123574355,-1.087923283062888,-0.4235769551074679,-0.44112721957518375,-1.2815205718600133,-0.5489091697577927,-0.4836612529780827,-1.4652941678774773,-0.642177981846859,4.6602486626221766e-17,-0.9679270449351112,-0.2512314384848822,0.008463439228810397,-1.410500090824062,-0.37576076480883774,0.04932535778222969,-1.6991363818159406,-0.5093732391800783,0.08589693445006773,-1.9621089633659923,-0.6189824793956242,0.19769069475452242,-1.0124563906704185,-0.2512821655967565,0.24380343063488805,-1.428424576795078,-0.36073020518249677,0.28395055132868097,-1.6961171589853035,-0.4908442887330737,0.3135821507027072,-1.931892725791919,-0.5918239641152361,0.37819057594615696,-0.9555534129653608,-0.2748526961190107,0.49640332629241374,-1.3332005463891856,-0.3724853405244421,0.566715784120391,-1.5565832656132665,-0.46063263112814934,0.6273746954109872,-1.7556743177798801,-0.5357621194331429
4,0.0,0.0,0.0,-0.20585502419612767,-0.007597783718732795,-0.25968165898325063,-0.3312610374989623,-0.13962091781175212,-0.429645245508282,-0.1657540725917598,-0.40447994537835574,-0.5772403344153814,0.08333245493647637,-0.639975987581735,-0.7269759350496123,-0.23108615720513737,-0.7854950983041167,-0.2995695201872701,-0.3738468218599834,-1.0879963329190554,-0.4540416049265976,-0.43473027770130207,-1.2886651692970073,-0.5838570903212648,-0.4745808238801468,-1.4784490670024135,-0.6805271698582129,2.0428755137021235e-16,-0.9623378666271921,-0.2718562680083437,0.007652437879567191,-1.4086502730933017,-0.40410718413906266,0.04933525765377428,-1.7009196039474939,-0.5424790725275942,0.08786832086021001,-1.9664893288041945,-0.6554154034767767,0.19596276196902557,-1.008701112758692,-0.2673967761427645,0.24206945457885157,-1.4278864133023443,-0.38339750807495404,0.2815623651724316,-1.6985138379418439,-0.5180636608193219,0.31174101794093095,-1.9375948636518057,-0.6222245526877052,0.374523293111615,-0.9532760444133093,-0.286555990552179,0.4924331494029839,-1.3332638035103273,-0.3894444895902633,0.5627398602854975,-1.5600476649356785,-0.4815127886269634,0.6253396195232441,-1.7631420579734538,-0.5598123826725455
4,0.0,0.0,0.0,-0.2050926969430413,-0.008938073555199266,-0.2589419321483303,-0.3316394593765844,-0.1447824338182017,-0.42635599194375084,-0.16769804456661666,-0.4130565961487271,-0.5706078719356829,0.0823648289052951,-0.6433887197886217,-0.7168746235081994,-0.22887020940371494,-0.7807387974370561,-0.2998512639769313,-0.37876934768933773,-1.0807668229344272,-0.45352264122424507,-0.4438852849459604,-1.2827057944404687,-0.5818712044565119,-0.4867684994802043,-1.4748200749898321,-0.6774418128469031,2.3422273459874194e-16,-0.9625319246248295,-0.2711683869443883,0.00043146048934067306,-1.4113841954375748,-0.4020015997846147,0.03828333990778589,-1.7096080068550639,-0.5390016237770898,0.07407298549760295,-1.982346258277751,-0.6514417156423413,0.1945179250365297,-1.0129774939645184,-0.26562360803411983,0.239325685415201,-1.4391068236533209,-0.3815255341957371,0.27752799720028554,-1.7134075045341457,-0.5152164935671868,0.30661146719695426,-1.955054541024982,-0.6185299987397291,0.37159392060952734,-0.9597323347086153,-0.28334605016024744,0.4909850225076392,-1.3472029687438418,-0.3873048155241417,0.5622206737458296,-1.5767969561227777,-0.4793295373020637,0.6254791397479013,-1.780286018859915,-0.5572082768311729
4,0.0,0.0,0.0,-0.20831309496653697,-0.008121110560297434,-0.25474049662939496,-0.3340788010220388,-0.1487663921915656,-0.419791958102094,-0.1687812160257685,-0.4198696264811037,-0.5623964163131204,0.08101614457018311,-0.6499170051779944,-0.7074662584048982,-0.22903715090754928,-0.7807360149310243,-0.29968439350971243,-0.377260299353486,-1.0813603622360382,-0.45465894066270285,-0.4391764709575279,-1.287964847563083,-0.5835394244362636,-0.47992954689741774,-1.4835677884708627,-0.6795595433151026,-1.4676153660204418e-16,-0.9617421002715032,-0.27395644282505577,0.00129279671921795,-1.4129683882667896,-0.4069331874868558,0.041235130603642235,-1.7156431933894196,-0.5445281036885287,0.07911706050559135,-1.9911241972809057,-0.6574214788992669,0.19429453714828168,-1.0109345775441134,-0.2709929056055148,0.239470826775216,-1.4409230332637175,-0.38967518772537446,0.27874780783766395,-1.7171550166661034,-0.5239080065249282,0.3096919405088628,-1.959375614627354,-0.6273800442119601,0.3707508858344006,-0.9546165119474894,-0.2908945941325653,0.49034465642747554,-1.3427322867817104,-0.3978792755620535,0.5592455741732383,-1.5724038998794525,-0.49101941419139333,0.6201208776896123,-1.7746305010020682,-0.5694235168561183
4,0.0,0.0,0.0,-0.2100192723134211,-0.01164899854647966,-0.25006092253262996,-0.33833583598158756,-0.14742069553320797,-0.4149995259418716,-0.17663908848128207,-0.4103474946019669,-0.5587921483581401,0.07030277395163162,-0.6349178900412445,-0.705123495683905,-0.2254911438466818,-0.7842219536663164,-0.2954175347689913,-0.37223397887552523,-1.084039442707854,-0.448961240174842,-0.4371298208224777,-1.2845729513118243,-0.5772802865359794,-0.48116820367293023,-1.475866107625776,-0.6728601556677819,2.327657736069342e-16,-0.9624591365951254,-0.2714266206262121,0.0011915642467918723,-1.4100500462449912,-0.40213180134615495,0.036409077859526594,-1.7069182532445235,-0.5386208315775887,0.06920349862957575,-1.9784120335230626,-0.6511313941732486,0.19159522270805465,-1.009897971785369,-0.26964743474373454,0.23622365050859015,-1.4313937911520356,-0.3839119276882395,0.27522167456506674,-1.7057699324896762,-0.5158280145739608,0.30382023844328027,-1.9466476173926162,-0.6186614179728598,0.36677033281636734,-0.9554183079797168,-0.2905961446426646,0.48682967965730845,-1.3369648568984611,-0.3920709453399849,0.5576788922911871,-1.5650591160450313,-0.48213468570078816,0.6183109165685731,-1.7671446706990217,-0.5592885585598733
4,0.0,0.0,0.0,-0.2086681779962704,-0.006045509202538981,-0.2552283907362695,-0.33489576518556013,-0.142582622121093,-0.4237622092174642,-0.16949013345267314,-0.40977350322107603,-0.5699401362276549,0.07489392691538181,-0.6379045200103,-0.7192848802208321,-0.2259356163349966,-0.7769780120865591,-0.31026792356388894,-0.3692750436520282,-1.0780826723111245,-0.47069673156470787,-0.43157440780444306,-1.2823284742631549,-0.6030294635441631,-0.4740217360564961,-1.4771535072504425,-0.7013196143297336,-2.007430532202898e-16,-0.95826068018599,-0.2858959055486521,-0.00017484140582777608,-1.408604237362322,-0.4246828492401195,0.035372038832245926,-1.7098637752978452,-0.5653328155467119,0.06814163320280801,-1.9846255230889007,-0.6805591423666122,0.19154666672808343,-1.0065300102366344,-0.2836988247137077,0.23519825499370686,-1.434531964615247,-0.406642887101111,0.2746438217632355,-1.7120314209934178,-0.5425436799930534,0.30334754897475663,-1.9571368646790002,-0.647562747001729,0.3647702293258037,-0.9478368059455115,-0.30414984496747144,0.4820349547912476,-1.3290856104442996,-0.41340073496953345,0.5515237397584711,-1.5557934087599359,-0.5070387648597453,0.6112359936554029,-1.757028273007876,-0.5862738326661665
4,0.0,0.0,0.0,-0.21031446423981032,-0.004171586591633224,-0.2418316342707612,-0.33593242901801923,-0.15078622762738159,-0.40092786188547264,-0.16244302584432885,-0.4154474923999978,-0.5400735465133476,0.0948194066052224,-0.6247538067431836,-0.6825675095412573,-0.22672135433846308,-0.7804361992485266,-0.29464071219501986,-0.3701837757379044,-1.0785414073553998,-0.4499450601998324,-0.43417558069192835,-1.278245622162026,-0.5783949324887206,-0.47866425547563923,-1.4673742211462493,-0.6741247750126368,-9.437926842624307e-17,-0.9613048846975278,-0.27548669415540317,0.003191094404620089,-1.4125180098656194,-0.40776535625432253,0.037394570447518136,-1.7113235848770247,-0.5440321866902804,0.06957571598451816,-1.9843950282253366,-0.6569987249880975,0.19001395127777612,-1.0046575093480552,-0.27793512733152625,0.2369243585396081,-1.4338175984471242,-0.39523577163520673,0.27372079304832175,-1.7097411779408007,-0.5278701575556296,0.30139447850503764,-1.95203313208226,-0.6313946424044664,0.3605898672346448,-0.9401845377874185,-0.30245000546528034,0.4786031466153981,-1.3187766201839772,-0.4083954034712911,0.5465388040228318,-1.5455918628152445,-0.4999142871244974,0.6048259817961608,-1.745802324879315,-0.5779256496989944
4,0.0,0.0,0.0,-0.21062463975815224,-0.008325628680134395,-0.2388508164993291,-0.33400216050539233,-0.15906429368209776,-0.395919328670713,-0.16059604080669151,-0.4244611208589571,-0.5330770790957442,0.09294546050189383,-0.6283343800880415,-0.6735101816197121,-0.2228931443778501,-0.7836273503622415,-0.2911786821523479,-0.36931806523064575,-1.0873328681517533,-0.4425222761337313,-0.4350447219980507,-1.2893402233371212,-0.5679196957393831,-0.4809676029908383,-1.4799081767146782,-0.6617483938543135,6.713634630156965e-17,-0.9623527875351782,-0.2718034442814736,0.0006407110827428371,-1.4170094759498846,-0.3996377572967768,0.03372915102104688,-1.7172112675478426,-0.5329229177131825,0.06439291238527912,-1.9892200790038947,-0.6441836175839225,0.18596588401638284,-1.0043755905275147,-0.2734923745923162,0.2328547767126953,-1.4361286694680353,-0.3866054851130738,0.2702282185579428,-1.7125649958230795,-0.5175582398899988,0.297724417879774,-1.9529645807880174,-0.6202807412762735,0.35336236442660574,-0.940536086342788,-0.296908795866832,0.471447016048709,-1.3232095164794948,-0.3993771563861697,0.5408420571331093,-1.5519838912565043,-0.48954771045277484,0.5997028982240716,-1.7522867325640084,-0.5668825700900811
4,0.0,0.0,0.0,-0.20126615488996183,-0.014611866244146609,-0.24333031221536144,-0.3210835017841291,-0.15729346340259084,-0.4063618560658081,-0.1590416181024341,-0.4149160878217042,-0.5487776205442141,0.08100232028184483,-0.6228288195822763,-0.6937975865502318,-0.2146270987950271,-0.7872290281871499,-0.2988373881164492,-0.36000283878716266,-1.092346356123113,-0.4550165728915505,-0.4267650754699925,-1.293350185315216,-0.5833117540620981,-0.4747142929602054,-1.482651068434848,-0.6788405380161698,4.091144415272601e-17,-0.9603990630902058,-0.278628138592381,-0.0017736462626176772,-1.4167774052036,-0.4131584723150666,0.029633110492706748,-1.7191079662706341,-0.5494992641576093,0.058243119502892016,-1.9946105113063965,-0.6618695915693603,0.1815739528710913,-1.0010983060505994,-0.2796546728660286,0.2252192915567607,-1.430579599303187,-0.3984249869493358,0.2612378532640565,-1.711773999295177,-0.5299291201241397,0.28628288455357515,-1.9600153512644314,-0.6319385456689803,0.3471087357090918,-0.937019055206773,-0.30257358331841355,0.4640589677983947,-1.323066850751726,-0.40816771378833855,0.5344898218295334,-1.5533866369470062,-0.49840127900196346,0.5941076779637863,-1.7565384306880822,-0.5752876388138691
4,0.0,0.0,0.0,-0.20073937377405487,-0.016969305051531273,-0.2616877204917907,-0.3199388117925992,-0.15664122443354675,-0.4311022419960645,-0.17514740203341433,-0.4154964290929896,-0.5768838284615064,0.025578189229824036,-0.6339325315482984,-0.7245765916143361,-0.21684598120833554,-0.7849667648177459,-0.3059798932436486,-0.35395922458088236,-1.0984837970837413,-0.4650463072160239,-0.41164467937170784,-1.3086738785275174,-0.592974281847805,-0.45604470800817304,-1.5074921659923683,-0.6877603195162353,2.0748915339430126e-16,-0.960491971921092,-0.2783076928062392,0.0014228994901847687,-1.4177473303661459,-0.4164192135148317,0.03637323589462141,-1.7167662230386294,-0.5525346103034336,0.06359030606235663,-1.987166673024972,-0.6628524957574781,0.17974082897176605,-1.001043884740156,-0.2744826457171691,0.22412252687323025,-1.4280127580075739,-0.4017334369008337,0.26184405387718607,-1.703274859300814,-0.5354864462530878,0.28360269382899145,-1.9527045946604642,-0.6359289030108446,0.341768910011794,-0.9334527526690523,-0.2937460224501314,0.45703150308890395,-1.3162618313968681,-0.4055025690113647,0.5287345552357933,-1.5400839117321532,-0.49760672840256875,0.5859651957484253,-1.7384156909262574,-0.5736005988749414
4,0.0,0.0,0.0,-0.2930646822846704,-0.4067593849766817,-0.07691055077321697,-0.4241638345514124,-0.8690990775077225,-0.06518470571074583,-0.2935313185844879,-1.032484255217398,-0.06284554218570082,-0.0660425718784924,-0.8557049017827683,-0.058890539280280124,-0.21718545338944212,-1.1014979799187716,0.12930632317661656,-0.23735973265002314,-1.4410484021305723,0.13374945868451324,-0.23149919511737144,-1.6267790367885206,0.10576557074001405,-0.20713741970211255,-1.7718305681824655,0.07756155236971775,6.154020615307086e-17,-0.9925473402187173,0.12185966282880449,0.07094521283024978,-1.307514074969443,0.15410115243798106,0.1274894144643197,-1.4899368981732635,0.09851737434793664,0.18838040030010317,-1.6118377021963908,0.04279258598685935,0.1846288753673988,-0.810427973470274,0.08770207463407824,0.28017456223718884,-1.0697916739585782,0.09035259602685808,0.3324411162304542,-1.2456689257285645,0.006118658547186122,0.3820858767234987,-1.3675106870439038,-0.06135202697827126,0.35781483472842834,-0.5623305860527065,0.036495245801503505,0.5007324408850221,-0.6986288808120312,0.01789014482133456,0.5937337825056509,-0.7930577754015282,-0.03249917101176671,0.6724417530591228,-0.8649860823014793,-0.07591251292719074
4,0.0,0.0,0.0,-0.30230929320440936,-0.4226384752277674,-0.08366426736740891,-0.4314060435519896,-0.8860760802915064,-0.07924620690413574,-0.2820641939912738,-1.0333900899161392,-0.08412623326863833,-0.046940161478481214,-0.8586326914553972,-0.0870326814339721,-0.22467362303377755,-1.10748380223727,0.11685595173992265,-0.24446499218457113,-1.446078324758983,0.11196168159008736,-0.23784410645771792,-1.626167496812462,0.07665524913900501,-0.21401366025747096,-1.7671476141000755,0.04335381034696413,2.2272761444663756e-17,-0.9941775532373468,0.10775431610382274,0.07613233143154291,-1.3004328995566563,0.1314999196129181,0.13309575071806862,-1.4795199530858165,0.0662368546810381,0.19308262890339895,-1.6043404258326541,0.003012107459942915,0.1885078341455819,-0.8098969481379887,0.07100221480541531,0.288803679725252,-1.0586344767969966,0.06684895309423187,0.337523204931367,-1.238198964216599,-0.027981287951413244,0.38142054093167255,-1.3674444981991323,-0.10350488814098235,0.3662777788696768,-0.5592459720528683,0.01714289963206043,0.5128394262516455,-0.6931104030401437,-0.00627919708393717,0.6072298984301067,-0.7936878274526213,-0.06396723751549888,0.6853088699789616,-0.8751629163590735,-0.11394041282332028
4,0.0,0.0,0.0,-0.30393030123092657,-0.42367871302778515,-0.08995958459403258,-0.42948693249731673,-0.8869337066137335,-0.088409801018516,-0.26887848947417436,-1.0238158920579161,-0.0953896845957254,-0.029105886027680068,-0.8435713938907838,-0.10077374653968202,-0.22815282007967147,-1.1097636394626342,0.11182561844178449,-0.24758918618750142,-1.442812026849189,0.1029802222592186,-0.24398795689472552,-1.625621753503289,0.06251207467961013,-0.2247809396168001,-1.7734538486035405,0.02541581885107623,9.00429592813573e-17,-0.9945175822636938,0.1045694915755881,0.08038676459358521,-1.2935592879879794,0.12572010150848842,0.13777177573048424,-1.4691536641459542,0.05494651707676948,0.19587166987002394,-1.5951231489730064,-0.012724169878658946,0.19127340542209914,-0.8082524670516086,0.06897511717924465,0.29448938688247195,-1.0544118261258446,0.06220852010856299,0.34507049134976864,-1.2320612238994881,-0.03917550891123238,0.38862555906620194,-1.362841633519875,-0.11976016430959527,0.3720992270459941,-0.5554323407660896,0.015915250750463954,0.5203991772171889,-0.6879334472159275,-0.009582318990566734,0.6177711892822011,-0.7852126389187372,-0.07127366937527274,0.6977891826383168,-0.8652663970304658,-0.12485623810465557
4,0.0,0.0,0.0,-0.29794466208023135,-0.4018095147750391,-0.08903536869710264,-0.43575803023714393,-0.8684975963020657,-0.08813248713566772,-0.2885042390164622,-1.016106050875878,-0.09456942843052012,-0.05310267197812702,-0.8207745120988506,-0.10022143195097037,-0.22759235834410504,-1.1105685684030733,0.09232570312293092,-0.2552667615520541,-1.458512680443394,0.07882300732849863,-0.25481025068762375,-1.6543494677616488,0.03849986019988911,-0.2373090539702239,-1.8123283470512452,0.002016527961005133,4.5768775259854284e-17,-0.9964276384119705,0.08445094083989572,0.07146866158801192,-1.3038753190090964,0.09810650829935431,0.12950377580850242,-1.4823109950104818,0.032969220472386145,0.18997463716572457,-1.6087954803517281,-0.029280421937262324,0.19439142241629864,-0.8047230309383978,0.050191861527418474,0.29709119763170416,-1.0567349454391626,0.037737544223566545,0.34799509665637424,-1.2349111781144524,-0.05377051429019851,0.39158200089236805,-1.3694516318866856,-0.1259254091719173,0.3784026640570247,-0.5434561475896007,-0.00162263138016136,0.5319414119200284,-0.6780995089184417,-0.0317041830995762,0.6283210620966431,-0.7740307600582879,-0.08808552053978616,0.7068359496251448,-0.8553495936412361,-0.13629223804483942
4,0.0,0.0,0.0,-0.30032549085948657,-0.40890509621044085,-0.08854360447843987,-0.4413285959947857,-0.8750585741700602,-0.08834740594824564,-0.29551247088837185,-1.0242537386532475,-0.09658443010147345,-0.05810437813989637,-0.8346305447891077,-0.10424852937974527,-0.2312265001870646,-1.1113395706956222,0.09694509628992849,-0.2569317305479817,-1.4585497010219344,0.08147810728233279,-0.25577859967858835,-1.6530680902362835,0.03830305803108812,-0.23806214092049804,-1.8110090157863576,-0.0003681824760827856,1.3469244559197659e-16,-0.9962356746530601,0.08668610354931354,0.07818132302913436,-1.3045754219772685,0.10027752298465062,0.13528112196276806,-1.4885056766387836,0.02909912621533937,0.192399480615624,-1.6209830891008579,-0.038027256595793375,0.19390823889127493,-0.8056617189086944,0.049351666088370695,0.29459929379244787,-1.0659195995374184,0.03623063515316908,0.3456647695498879,-1.2496970782766876,-0.06353798548194722,0.38950660563234757,-1.3861717648148637,-0.14210286953473641,0.37538008660707545,-0.546295290321628,-0.005122703008629461,0.5255852427983297,-0.6882267073706011,-0.03685485003088381,0.6233351567293173,-0.7885052559436544,-0.098201513341089,0.7047114230634091,-0.8683697776981897,-0.15047366541309665
4,0.0,0.0,0.0,-0.30259539249554074,-0.41024417042489936,-0.09700973012922373,-0.4496550139444227,-0.8752539417358071,-0.10346501205752723,-0.3064917986093287,-1.019622287229129,-0.11767635626793237,-0.05529342388797138,-0.8186821642321513,-0.13108295903179096,-0.23648006296060695,-1.1168406561238986,0.0816049045121542,-0.25892279252907674,-1.4619661989924422,0.05841951310397775,-0.25932259227500826,-1.6539402539840482,0.010767535622720216,-0.24530661869507914,-1.8111945439735677,-0.030882168228372926,1.4180993046735916e-16,-0.9974665272310977,0.07113738154819668,0.08798027708906406,-1.302926031225293,0.07761151724221128,0.1429195935399198,-1.4911791291910605,0.0004006091048492376,0.19566354921535245,-1.6330067650554914,-0.07153046629064548,0.19699314374494073,-0.8040682002692173,0.0328269180640342,0.30486341771378744,-1.062988463565341,0.013230248524441978,0.35429919740705657,-1.2482164947726104,-0.09391959001649043,0.3956359980768368,-1.3910254198044885,-0.17749593802886166,0.3790650540073307,-0.5437368950431317,-0.023113832295853655,0.5358663592783015,-0.6797092912337067,-0.06095338863314347,0.6333845355762644,-0.7837937865162314,-0.1285584966305249,0.7145388610921823,-0.8735399180251615,-0.18543386973426507
4,0.0,0.0,0.0,-0.2999636798190952,-0.40785934168771165,-0.09425216679518314,-0.4455248153918305,-0.8705586276838841,-0.10091197888820082,-0.3001088406775409,-1.016984383823924,-0.11555961474548464,-0.05719166095569292,-0.8223586064726567,-0.12953561649245304,-0.23279886446919965,-1.1139681629298248,0.07906765622905662,-0.2606063979418923,-1.4638522805800054,0.054632615655372356,-0.2598767574035854,-1.6589287683563354,0.005983552383013228,-0.2418723935224437,-1.8192985984766454,-0.03656291408123755,1.166953012591126e-16,-0.9977399319846255,0.0671939589793248,0.07904918354206293,-1.3036277574467126,0.07099856539401757,0.13823713407074728,-1.488791626807758,-0.004688333751702745,0.19873886262690285,-1.6264487375780394,-0.0752199073686222,0.19463821347494584,-0.8049027497017904,0.028159403159458116,0.295446427971992,-1.0608516757234618,0.007212745950742547,0.34409548999681366,-1.2431501137427825,-0.09501856659839966,0.38763496180752,-1.3829330999923048,-0.17507419251490686,0.37778698710085207,-0.5423284539923184,-0.028456146064376995,0.5349808498537968,-0.6766641680328284,-0.06666920094553805,0.6341458428848428,-0.7757812558383258,-0.1308875119705319,0.7180391638928778,-0.8599499269873148,-0.1850703034380825
4,0.0,0.0,0.0,-0.30226771153370624,-0.40889121951721086,-0.09626874236284749,-0.44636894354874934,-0.869808394585393,-0.10204333079788362,-0.29414980791223366,-1.0083002795430158,-0.11571752269649518,-0.04608785879834735,-0.8083474191687188,-0.12872597127070104,-0.23639408442884033,-1.1149234659838356,0.0844763037056955,-0.26318129980061045,-1.4599426733954826,0.06228152481726365,-0.263378219276997,-1.652906695937007,0.014880383641606026,-0.2468959683788821,-1.8128883551226869,-0.02699454079165862,1.050029485216576e-16,-0.9972807726854245,0.0736957287226518,0.07740248998599453,-1.3014168241318953,0.08058374953857694,0.13322125923821443,-1.487915585204687,0.005660320594848427,0.1910806449638908,-1.6269725360625278,-0.06479181538597682,0.19707556221852987,-0.8040546364461546,0.034824702369886745,0.2942547567413216,-1.0601250321543227,0.014316810563941306,0.33884409539742594,-1.2419298902178213,-0.08979072662245292,0.3790578058691448,-1.382034898267715,-0.17102205394879852,0.3816118938069223,-0.5413450299023651,-0.02184511306703599,0.5341125662059035,-0.6747509839275182,-0.060381122243717035,0.6317300339136168,-0.7709360768252317,-0.12578297776138805,0.7144190785986821,-0.8526631531686302,-0.18071886594290987
4,0.0,0.0,0.0,-0.3015162612956141,-0.4056339691394465,-0.09301952293870021,-0.4462314118628985,-0.8660554756632245,-0.10225057446767509,-0.2894198651156871,-1.0034946576153152,-0.11949157242962555,-0.038560087687136695,-0.7993451105515622,-0.13712524200946566,-0.23687220462267017,-1.1146229236965406,0.06585329242165568,-0.26567095522293044,-1.4662241444491784,0.03523891263466493,-0.2661836830780989,-1.666164133741336,-0.017177429661771843,-0.248852066522381,-1.8307154363306946,-0.06206100697971361,8.906281816833383e-17,-0.9986464255467493,0.05201265944653285,0.07076359509287877,-1.3086695426668524,0.05048050186282366,0.12372752971433815,-1.499265115924877,-0.026172271656917063,0.17990219261231924,-1.6429406954109782,-0.09777815946698892,0.20158080197254669,-0.8049067979206234,0.012120303542952293,0.2971113408352128,-1.0637688865737713,-0.012874444197616582,0.34040994867597985,-1.2519122828884954,-0.1147440273408041,0.3785043088686222,-1.3976473358047354,-0.19488120949689827,0.39094442816979086,-0.5405149167902323,-0.045090109831314985,0.5443763773217318,-0.6788331579410052,-0.0859581094768158,0.6400435100994132,-0.7780785177527569,-0.1499044103632715,0.7192201427839224,-0.8613687513284846,-0.20408300042212857
4,0.0,0.0,0.0,-0.29966820937456545,-0.40725347651088956,-0.0951375812117063,-0.4413809089783221,-0.8640438466790941,-0.10559091664793573,-0.2801072528524399,-0.9956121061120482,-0.12355873762829377,-0.031017513223085904,-0.7936934451277826,-0.1415377259955318,-0.2381174817019556,-1.1160598160884863,0.06373192801823424,-0.26756669458596066,-1.4699718348407393,0.034548696303687,-0.2707021515869256,-1.670998019448129,-0.016289392229068066,-0.25660992201835214,-1.8361600491156302,-0.0601261939134806,5.4558143961591015e-17,-0.9986814093858086,0.05133656150517654,0.07098683487302374,-1.308442319981554,0.05219429590283906,0.12124759624096502,-1.4980650702912028,-0.021930995183200085,0.17407497464754138,-1.6410164874476583,-0.0920187509494927,0.20108428587144697,-0.8046189399190561,0.012811928270784659,0.296895650990443,-1.061881366875708,-0.010143487673092812,0.33956305165367795,-1.2492407486673154,-0.110162638942168,0.3770407118898151,-1.3939868596354967,-0.18937626157090362,0.38883033530931677,-0.5397037009515514,-0.043240498175950534,0.5430931265997478,-0.6766247595871961,-0.08220559721535779,0.6395903448119968,-0.77419133078842,-0.1445401304544795,0.7202051444934348,-0.8547520038592576,-0.19774738386355697
4,0.0,0.0,0.0,-0.30125021331958923,-0.4006628057129989,-0.10632270847203724,-0.4483416405599911,-0.8574890072052531,-0.12341945725933594,-0.28850353985563204,-0.9952575005638923,-0.14603341098587097,-0.03905958556037579,-0.7985191225934933,-0.16872851673142059,-0.24247491193468246,-1.1154916186982857,0.04578135655186481,-0.27603428039497857,-1.4765281686811957,0.011294404109837525,-0.2808252228153477,-1.6812746607348275,-0.04245346104982498,-0.26833799310635315,-1.849391645451792,-0.08838319192315179,4.06243478736035e-17,-0.9993367192546163,0.036415951853821994,0.06573600929507592,-1.3195566757441393,0.030996051825092602,0.11470123506524073,-1.5149986707270695,-0.04692499121913452,0.16635593748575195,-1.662022259605769,-0.11962694841058825,0.2024083510940617,-0.8062085827858887,0.0006915595542447983,0.292638760389417,-1.0764201090458183,-0.029307086727000674,0.335493874389313,-1.2695655578339746,-0.13366520970916615,0.37416342599830626,-1.414749567212275,-0.21527046679404238,0.3887710554261383,-0.5413488600442239,-0.052986086560891744,0.5410605189308407,-0.6820290700585506,-0.09905778965618808,0.6392059961908695,-0.778110740278137,-0.16482244897765982,0.7224256155057981,-0.8536132475257324,-0.21982387692406527
4,0.0,0.0,0.0,-0.2991207940939142,-0.4044299535573948,-0.10469371636855286,-0.44375843286434424,-0.8646848259330991,-0.1189109999419598,-0.27949186071575804,-0.9983897629651565,-0.13851169864349558,-0.029933970629666726,-0.795846004233112,-0.15792648092236503,-0.24148836784695055,-1.1157390735016812,0.049681285760717564,-0.2811519350500884,-1.475216829587282,0.017221023680758597,-0.2883858791823199,-1.678761672096594,-0.035512794343561326,-0.27889397968675,-1.8470063089807414,-0.08090249742219675,6.299239910758774e-17,-0.9991711528648862,0.04070635432772461,0.062012740440411135,-1.3189037555902683,0.037046923662200644,0.11066468808481447,-1.5158217297129581,-0.04049045058286587,0.16052527160309,-1.6653263248212762,-0.11342054619646554,0.20186401089899755,-0.8051254982221583,0.00531655536739096,0.2928571755365723,-1.0710382008847987,-0.023575060005734824,0.3358976427783842,-1.262427435690012,-0.12859228857821925,0.37349863498928965,-1.4078630603377151,-0.21082205646039787,0.3860707396281522,-0.5402429176867679,-0.04776408155934087,0.537174862466047,-0.6735610618486118,-0.09208218248884756,0.6328552993326187,-0.7687576587114471,-0.15814559249221358,0.713039532028704,-0.8451802699757515,-0.213742600120544
4,0.0,0.0,0.0,-0.2982372978833295,-0.40560991012876985,-0.10747014163199262,-0.4433354827760158,-0.8677634724278984,-0.12415537920447357,-0.28140554592320466,-1.001439212277492,-0.14616183730970236,-0.03330351034258121,-0.7968529139270748,-0.1684819815629352,-0.23997391625001982,-1.1172733879374448,0.04486441165510529,-0.2739839687124313,-1.4760329488632669,0.00928651892523779,-0.27702340198848585,-1.6781968369398945,-0.04607460000154422,-0.2629702904254402,-1.8438416711576318,-0.09277518525558778,4.591747808113652e-17,-0.9993226922631525,0.03679886856853814,0.0682933384311753,-1.3136928950474462,0.031483115788226504,0.11945718091391436,-1.5041360706987301,-0.047820673158706695,0.17292017196928938,-1.6462010818675303,-0.12146863057124468,0.19832541620404925,-0.8068119673578598,0.0022369228197007323,0.2889920616569707,-1.0697015390161384,-0.02640158007202266,0.3323610821546079,-1.2615143781717055,-0.13169414505427332,0.37282975517704425,-1.406307077232503,-0.21430720507586948,0.37857881205111277,-0.5448414344308563,-0.05042525424914545,0.5268884782256301,-0.6807259754552002,-0.09394637203462415,0.6238810488829704,-0.7759836096111868,-0.15966257090239855,0.7079587339828834,-0.8510207811177479,-0.2152123353337737
4,0.0,0.0,0.0,-0.2973372674595979,-0.4043153634046274,-0.10716748950176935,-0.44079204691833135,-0.8622332890292362,-0.12690069894970865,-0.27482892620041166,-0.993168327150226,-0.1519975417841117,-0.025232448227832834,-0.7896510052379465,-0.17763117233545417,-0.23912801289534708,-1.1171679775126324,0.03460557379735401,-0.2768761798714127,-1.47817038383418,-0.0064079787425166445,-0.2813923707989785,-1.6824191237241124,-0.06463478496748244,-0.26750335785542356,-1.8503000936539684,-0.11315277355784228,1.9134828853633641e-16,-0.9997080931019932,0.02416047570675648,0.06683852062360986,-1.3169015979852026,0.012959020191596152,0.11862584534297413,-1.5091840270227608,-0.06767574767361488,0.17470739207121339,-1.651994760629622,-0.14213885285884145,0.19844960089997304,-0.8061918101236399,-0.0123333551001462,0.2897586618922447,-1.0685517989465683,-0.04503266584720176,0.3300301589443904,-1.2618166838821427,-0.15012791399049874,0.3691153277691106,-1.4088064318839577,-0.23249496323597454,0.3804057742841607,-0.5419985084757558,-0.06683356640990298,0.5316775268195979,-0.676984930872559,-0.11301674379720712,0.6271171492473553,-0.775497482373969,-0.17922816884063555,0.7104748780781587,-0.8546077231348854,-0.23520920548021904
4,0.0,0.0,0.0,-0.29809966355869016,-0.40124076451893753,-0.11091644730580377,-0.4438282314606835,-0.8585514658066269,-0.13460171990502565,-0.27773693672085037,-0.9905871718919058,-0.16312776841652935,-0.026383126392969025,-0.7897770647752897,-0.19280196428834454,-0.2409908993425668,-1.1143629027180706,0.02165346011401305,-0.28286443554879476,-1.4779022956017922,-0.02547563577061044,-0.2890057221284866,-1.6853672855304438,-0.08784586128454504,-0.2759507064316794,-1.8565977592088756,-0.13919119533785204,-3.2054414371492815e-17,-0.9999456352425371,0.010427202855941262,0.06363975364876315,-1.3252322288380667,-0.008267990361818498,0.11543573855915198,-1.5213739666858959,-0.0939531542451812,0.1725358090360003,-1.6657406830503538,-0.1719798106783007,0.1998209324797144,-0.8078981032463395,-0.026545985858576995,0.29052734901468524,-1.080004028876719,-0.06654487905586497,0.3322554989472116,-1.2760753371275353,-0.17662262284733665,0.37376060741403816,-1.4216678526036037,-0.26214420553291556,0.3820518083584302,-0.543655238779627,-0.08137175681613969,0.5327299997329128,-0.683022255736416,-0.13476362343077344,0.6263089509369612,-0.786753893747552,-0.2055176813565537,0.7086125150597566,-0.8698660904743536,-0.26457629593269705
4,0.0,0.0,0.0,-0.2970504162398853,-0.40042245822669986,-0.11193109695838561,-0.44411447110692315,-0.8619215894940263,-0.13588316592938712,-0.27720633248902105,-0.9962908153780438,-0.1641062041255714,-0.022174532381333253,-0.7929142015369088,-0.19354115799717878,-0.2412182824243556,-1.114419839527937,0.017322677257607107,-0.2825604184885189,-1.4787003658824254,-0.030631714688277828,-0.2879788317056033,-1.6873919559040178,-0.09308695054516669,-0.27330521278802683,-1.859904847382337,-0.14435202670170608,1.0950835364309475e-16,-0.9999748958619127,0.007085735385758391,0.06292463066766223,-1.3260626977742567,-0.012247827723345523,0.11512511980342914,-1.52200691620139,-0.09719770864355053,0.17354809021215734,-1.6669967406454174,-0.17459952741634127,0.20018350912815414,-0.80819430655174,-0.02861552534714582,0.29103188716109646,-1.0803075739913777,-0.06832393758218275,0.33389352893548013,-1.275740423538604,-0.17653986491415583,0.37657210733274865,-1.4199790941745642,-0.26077077235652113,0.38258289924824157,-0.54443388399838,-0.08226200353791631,0.533510261090523,-0.6876030133310583,-0.1353542744029005,0.626772808554575,-0.7929607324724093,-0.20519206031293288,0.7086831300070242,-0.8765786765299756,-0.26350750489067526
4,0.0,0.0,0.0,-0.29490307777372465,-0.4040665108131485,-0.10528079865268278,-0.43451537568266696,-0.8649538205495901,-0.12440526613574494,-0.263921259331863,-0.9935785257866683,-0.14908750645162747,-0.0107197626758055,-0.7843214705342826,-0.17512849052007726,-0.237701109261848,-1.1135069976201746,0.02892696587416248,-0.27869379693999397,-1.4780529233485715,-0.014791897372543564,-0.28605462298090584,-1.6884832813815727,-0.07457702361610957,-0.2752979583288411,-1.8635485332780997,-0.12472476742583874,1.6177361249808527e-16,-0.9998788289576361,0.015566868738001489,0.06159608040293956,-1.3253684836655295,0.00025148696461050636,0.11099178471376059,-1.5266038513464872,-0.08289367209139493,0.16373547388734833,-1.6772440959305581,-0.16014037202839237,0.19807777158480339,-0.8091443892338087,-0.023373735884156484,0.2902525582277594,-1.0813360573202582,-0.06239415329516933,0.33236387485072105,-1.2766428974954442,-0.17184745569455806,0.371625891529284,-1.4240112377077485,-0.25728897021791264,0.3792354607097566,-0.5481751832242927,-0.07955461212228052,0.5363586947153979,-0.6823551440372766,-0.13299090089860402,0.6330690479777852,-0.7833794157594215,-0.20408303107324982,0.7144443966255392,-0.8677557855736767,-0.2636965420520647
4,0.0,0.0,0.0,-0.290160001201107,-0.39225432640343194,-0.11154441468513752,-0.43176438460341177,-0.846458325357711,-0.13525016487843458,-0.2646667955476726,-0.9737678969647731,-0.1629913278922208,-0.01570902201581442,-0.7655389538226618,-0.19201468073132227,-0.23763590000224144,-1.1150196583485446,0.017298820879208792,-0.27495863565031226,-1.4809233096116357,-0.028977946752777168,-0.2825739922600136,-1.6942247216969843,-0.09097681812061546,-0.2717349948069318,-1.8688981691876463,-0.1424321049548789,2.811790578877132e-17,-0.9999717810303538,0.007512465839011112,0.06389487987072792,-1.325507196654016,-0.009583936165361854,0.11402462580470278,-1.5242038748664946,-0.09419633219373084,0.1684618515000485,-1.6712933159481553,-0.17191018418236712,0.19762796753917375,-0.8075207362723281,-0.02735389981281186,0.28673136544734135,-1.0838786626947838,-0.06632523238098881,0.33029055187471607,-1.279533834509533,-0.17661977298367149,0.37315296421358685,-1.4215711817504917,-0.2626408803843358,0.3787502016734753,-0.5438398487253299,-0.07985299596065559,0.5342574527512334,-0.6807381447829614,-0.13274299142628665,0.6310886309992607,-0.7779362602482363,-0.203289892014669,0.715282868312288,-0.8525552215339068,-0.26234837409746886
4,0.0,0.0,0.0,-0.29172906290723133,-0.39700454973409405,-0.11301874251990845,-0.43212399438639626,-0.8520522656883049,-0.13849890876258206,-0.2575597388563439,-0.9727404929141306,-0.16790677954661673,-0.005951707265921556,-0.7586081414882617,-0.19888039946826064,-0.23916866327143127,-1.1153911884428087,0.010965909607226905,-0.2773800378569341,-1.4820642799168342,-0.03799244273016006,-0.28554049845631463,-1.6961545341944766,-0.10142817866955302,-0.27634766843076203,-1.872713094312727,-0.15349990038997213,1.2040933222463856e-17,-0.9999992316188905,0.0012396619008499552,0.06164353482852549,-1.3295876696140132,-0.017939126365054164,0.10756286191756556,-1.530913539459632,-0.10324755241195875,0.15734963917269026,-1.680954625174464,-0.18140117424790203,0.19786276163232352,-0.8090192005153787,-0.033521860075633916,0.285796118828659,-1.0857957534119858,-0.07369061529188665,0.3273423939412422,-1.2853593533343044,-0.1846776058027294,0.3675457312091066,-1.4325867836939408,-0.27111533483346045,0.3792927986725758,-0.546289998432833,-0.08596954602240511,0.5327088289896726,-0.6864202391638032,-0.13854806795742913,0.6282068686132181,-0.7854129439570917,-0.209156743475859,0.7102514926661193,-0.8629397978162737,-0.26849223703703506
4,0.0,0.0,0.0,-0.29127846464235113,-0.40025303380905014,-0.11160686671295038,-0.4298150879669874,-0.8548828802083173,-0.13580324029172444,-0.25045060121156315,-0.9690592886045544,-0.16458183351076058,0.006685296605015121,-0.7414723004038326,-0.19445834401780163,-0.23927158389988448,-1.1173806895381935,0.01583122448536363,-0.27549478590857407,-1.481789438171631,-0.03304828953690898,-0.28394972053725037,-1.6962340756035366,-0.0969487444527037,-0.27559200612409285,-1.8742999946018237,-0.14995610405215878,-1.1609913497091085e-17,-0.9999922792767946,0.00392955300275079,0.06737904814515353,-1.3228139924706925,-0.015055127706174757,0.11229074281530899,-1.527523202923684,-0.10196137981709621,0.16062652751324114,-1.6840103682514524,-0.18177937505667624,0.19687515480002057,-0.8067626726159095,-0.03348491425342912,0.2896835749109554,-1.0749228035370737,-0.07435930275332286,0.32766878259113386,-1.278347230280861,-0.18800789019280317,0.36394522605201973,-1.4326285469606297,-0.2763666572400251,0.3784283400066669,-0.5413082509760851,-0.08856017528008202,0.5350294475069662,-0.6791077554877945,-0.142171361482356,0.6309078740538653,-0.7796797776298946,-0.21455616869651836,0.7128741892362802,-0.859113290414698,-0.2754376245450206
4,0.0,0.0,0.0,-0.2863073860475368,-0.39740012405796704,-0.11282305564304418,-0.42341276805896716,-0.8509660845298807,-0.1399303615270621,-0.24403482682601804,-0.9640256051658168,-0.1710111243321666,0.01213917848895499,-0.738731308698195,-0.20380372995682405,-0.23570141473861655,-1.1165019100111162,0.005236898204822055,-0.2748196864457193,-1.483374958670048,-0.045960733333041084,-0.2827584633658416,-1.6994855891863174,-0.11144564543856343,-0.27428712628351926,-1.8793735278209993,-0.16559529886089497,6.958859161356916e-17,-0.9999805406014975,-0.006238462818398017,0.06353011403298447,-1.326010427379184,-0.028320482577722402,0.11239718830271861,-1.5291577341204874,-0.11485457975522839,0.16220989417428144,-1.6808661706848842,-0.19464751408178554,0.19496960298447255,-0.8062226702650366,-0.042401240869511914,0.2850373574631803,-1.0783946946914345,-0.08508113648677515,0.32583707120629135,-1.2804100549525945,-0.19706349179930716,0.362272822319868,-1.4332707546492522,-0.2847847038388706,0.37437179834349815,-0.5394587099495053,-0.09613265654688755,0.5304355207027737,-0.6736860798837981,-0.1509848143426746,0.6255168935830192,-0.7717167928912617,-0.22248962842223052,0.7041984276741663,-0.8516587190621151,-0.2829475513803925
4,0.0,0.0,0.0,-0.2833698058344391,-0.39346345535182076,-0.11614409013190642,-0.4183281674664792,-0.8471199026282645,-0.14699041082116993,-0.2326953382604713,-0.9471779434740176,-0.1810086798568262,0.025132254963781058,-0.7045989994610193,-0.21652684270011785,-0.23472964134198573,-1.119923032836285,-0.007413996880120754,-0.2749658211113137,-1.49394878372266,-0.06342274191476985,-0.284494096559782,-1.7164001382205127,-0.13238132947289982,-0.2772754431795021,-1.9011922350331718,-0.18932910522835797,1.6013431413879987e-16,-0.9998221102603013,-0.01886127871163649,0.06060963820820236,-1.3299457743417409,-0.04425510945610457,0.10485316500530345,-1.542642161425893,-0.13423595854283774,0.15247994261380127,-1.7064669103557524,-0.21750485182522003,0.19314390589034228,-0.801304038512528,-0.054500393613655065,0.28271225274545564,-1.0724784414868016,-0.09833398637616611,0.3208614332489751,-1.2789374164103713,-0.21218002740416395,0.3564952358846146,-1.4371776315827478,-0.30230955330995785,0.37208420597773195,-0.5299026124780946,-0.1079877587610958,0.5258528694709564,-0.6698070410570252,-0.16431097082268098,0.6204430439272748,-0.77100879744565,-0.23722588260553004,0.7008024078162658,-0.8521696804657862,-0.29964799746268334
4,0.0,0.0,0.0,-0.2797441964113385,-0.3943810023372481,-0.11164915940111152,-0.41057552037992884,-0.847127336013516,-0.14027983601405644,-0.22278880152150685,-0.9429424665287766,-0.1731438251573556,0.03705606958947026,-0.6934984494253027,-0.2078937601625422,-0.23236268920649267,-1.1180294720222081,-0.002893860911800934,-0.26998164283156345,-1.48550028315542,-0.058573999603978855,-0.2762727973044013,-1.7040688570331561,-0.1280686330266286,-0.26687974909936824,-1.885613942571909,-0.18519989678045534,4.869025133404638e-17,-0.9998711064041064,-0.016055235228058354,0.06397809745697344,-1.3251177129883278,-0.04113461392205631,0.11203350465859287,-1.5321471467152308,-0.13088305441803869,0.16118256581699045,-1.6885609260159324,-0.2139553040227737,0.19037107563152214,-0.8047854730028438,-0.053276029699551294,0.28026133811128534,-1.0741147639311979,-0.09638665583714243,0.3191645451731531,-1.2785120146964846,-0.20946422708387774,0.3549176389126712,-1.4328906538480664,-0.29915805017366304,0.3660347935477174,-0.5373752632814894,-0.10816848919499072,0.5211956135097476,-0.6735166764552556,-0.16259706240869695,0.616166982859488,-0.7723189465413355,-0.23425639320432504,0.6961656188842708,-0.8502445754360413,-0.29602037646342677
4,0.0,0.0,0.0,-0.2780575498184337,-0.3890314464068962,-0.11393836637013735,-0.40729503202338285,-0.8420300197985753,-0.1419576439223269,-0.21448465942913666,-0.9312119936902084,-0.17285956955757958,0.04828325073689821,-0.6693926404809358,-0.20550240493887803,-0.23079041352318305,-1.1167930196618203,-0.006869647564061491,-0.2700261164160903,-1.4870604223938557,-0.060923282064994956,-0.27689659120308213,-1.7067776343203493,-0.12794524129425278,-0.26840265960102927,-1.8881082144053294,-0.18320594542633645,1.1089543662136434e-16,-0.9998458980339019,-0.017555061514567313,0.06149931734850665,-1.3320380536222367,-0.039592818538074184,0.10825252392349664,-1.5420907701936855,-0.1261160566916193,0.15700636539438514,-1.7005982556972892,-0.20747234786686838,0.18878164227417465,-0.8049251563292007,-0.052295095890260095,0.2783660376390448,-1.081078941171317,-0.09348128502183049,0.3187274340715205,-1.2877106576762924,-0.20553376821976196,0.35647608219973664,-1.4427278170970153,-0.2948372334326624,0.362693316139588,-0.5372095297094539,-0.104818675185075,0.5181350298524177,-0.6744788359473531,-0.15891897754957104,0.613356718644267,-0.77541712620164,-0.23073381769022097,0.6943446575352457,-0.8550656393982776,-0.2926964666210452
4,0.0,0.0,0.0,-0.2814811349157215,-0.388766121022414,-0.12004888269196333,-0.41291435567060064,-0.8360678824482944,-0.15624527224021115,-0.21646668976919273,-0.9218344716118808,-0.19464008355531903,0.04509503869745586,-0.6708211238837359,-0.2348777823336908,-0.23760457420152034,-1.1210879603426933,-0.026182311778653808,-0.28235212989089,-1.4964349858854862,-0.09009090000885818,-0.29354627255583055,-1.7204453096519337,-0.16325388245974282,-0.2906196502577008,-1.906607665146314,-0.22215369924251216,1.2764591410793724e-16,-0.9993033905432388,-0.03731934684299066,0.060698053701870064,-1.3353078308506998,-0.06945911627367485,0.10267262522579308,-1.5503263901480842,-0.16137552787989862,0.1452900136528053,-1.719945717730148,-0.24580465560594036,0.19372285983851797,-0.802037417304686,-0.07218615108837244,0.2805847607388769,-1.0797008373149948,-0.12005822027354089,0.3184518973691353,-1.2918917465419284,-0.23421528484411613,0.35294735270015737,-1.45669617291161,-0.32469401785149116,0.37156850113755274,-0.5328655356965352,-0.12516099282123222,0.5242648778973754,-0.6791768222456019,-0.1829299519695631,0.6191988155495272,-0.7828287063089601,-0.2555393394185366,0.6998359430431607,-0.8658299763845683,-0.3181020972098583
4,0.0,0.0,0.0,-0.2789971125641562,-0.3883702604603521,-0.11841364804979168,-0.4077634578309699,-0.8319956317010594,-0.15467900148541402,-0.2096064610361901,-0.9141503644390254,-0.19233393339837018,0.053230256547427406,-0.6600949860623636,-0.23168528128729748,-0.2353414902375125,-1.1204033354741443,-0.03196259190001603,-0.2799030711140164,-1.499772093929595,-0.09480043233742143,-0.2896781268437469,-1.7222676650557103,-0.1658370521761255,-0.28535394117988816,-1.9059249819439004,-0.22293422863795537,9.899534086590589e-17,-0.9991279595753148,-0.04175308844705812,0.05975535357916392,-1.337443424526599,-0.07187625480121262,0.10337419839270558,-1.5507943411529137,-0.1595148316267963,0.14684488158885323,-1.7173606674869937,-0.24125522054391077,0.19301796321542095,-0.8012052625113769,-0.07422244094591542,0.2822545735414557,-1.0795627916187283,-0.11891605972861902,0.32337301713081257,-1.2873248062452864,-0.22804372182808821,0.359591564811033,-1.448049206467611,-0.315621529568885,0.3677278296978732,-0.5329437022455603,-0.12449322989252137,0.5181137055592497,-0.6770265849298601,-0.17965453877838003,0.6110139942931961,-0.7813422049422831,-0.2493608603224989,0.6892944867669438,-0.8655978188206241,-0.3099785432752675
4,0.0,0.0,0.0,-0.27545667740603075,-0.3827212528646343,-0.12599034959104408,-0.40403561426157136,-0.825987481452512,-0.16471470467736307,-0.21577736375058795,-0.9176298830435714,-0.2035606990619371,0.04243807408626927,-0.6735511599407449,-0.24416436871616798,-0.23124848812148782,-1.1172730833424034,-0.034522199694832466,-0.27602935711698806,-1.4923225845942494,-0.09653688987872557,-0.28196357037587705,-1.7113871851180884,-0.16668122687219997,-0.27329177886962447,-1.8930342716809807,-0.22295675337814816,8.76374735630148e-17,-0.9992061259662943,-0.03983864745984641,0.059890401850658505,-1.3327609251752752,-0.06968135665698975,0.10742764032918897,-1.5406981953005323,-0.1558686189081174,0.15466543773400754,-1.703023547611154,-0.23597929269787862,0.18954360357554434,-0.8036048668783393,-0.06871002354105318,0.27998753375214297,-1.0791769066907728,-0.11353886121900623,0.32259404524135404,-1.2810468535052328,-0.22090456234993158,0.3603063836236512,-1.43834679411309,-0.30665540876256386,0.36076088043088334,-0.5362389661641167,-0.11611098727114513,0.5100546190367675,-0.6796760467736049,-0.1709391525463953,0.6005137543368949,-0.7807908974530663,-0.2396999462742073,0.6771036092756412,-0.863661637704808,-0.2991153017382731
4,0.0,0.0,0.0,-0.2662215375927231,-0.3811329386242801,-0.13225276664841065,-0.3926692857258672,-0.822751642014993,-0.178194177663692,-0.20692839043272113,-0.9205524897853778,-0.2219717235820046,0.04459827466077273,-0.6911610571163449,-0.26714859841683675,-0.22541954033869577,-1.1179263443052256,-0.056634185456772144,-0.2604664672923989,-1.5009322660472824,-0.1250444789822669,-0.2638830128438208,-1.7232291186324147,-0.19894528372718548,-0.2526193571463517,-1.9042738919798659,-0.25757044517227684,2.862990022641941e-17,-0.998273386702584,-0.058738789580251,0.0659096161044662,-1.3421978047958611,-0.09762627450066445,0.11717776256687931,-1.5524374773794398,-0.18897571591641887,0.1700637205992563,-1.7116244815734374,-0.27152931446467254,0.18491642344183729,-0.8023350893350366,-0.08265511329084399,0.276405351237934,-1.081815280886243,-0.13278636568652596,0.3239082795739838,-1.2894649418600728,-0.2421717476418488,0.3678891153471349,-1.446310801107812,-0.3283592183453589,0.3525739255230142,-0.5333964756227315,-0.12485749953047381,0.4999999806928672,-0.6867730832639809,-0.1833996237150074,0.596255146885954,-0.7923071066062436,-0.2534773926198061,0.679945388013037,-0.8745194919967084,-0.31321065190537045
4,0.0,0.0,0.0,-0.2632665134525713,-0.38108375252075605,-0.13504394706046707,-0.3911391919644188,-0.8186845165573899,-0.1818653372810376,-0.21546743230011658,-0.9286634281000191,-0.22698545008063947,0.030546862956001883,-0.7218637224610677,-0.2731219155567673,-0.22268161992593696,-1.1196407693987325,-0.04491042360028989,-0.2578610071126361,-1.5027304036078097,-0.10867572594721311,-0.2623664212187627,-1.725278486345369,-0.1810772629490274,-0.25229036875684735,-1.9074795504825626,-0.23925406094938495,1.3649503909403645e-16,-0.9989333947758435,-0.04617437386266281,0.06657841722057316,-1.3401258141524546,-0.08143093967469506,0.1161922902552159,-1.5491387934086125,-0.1729765843976851,0.1661878209355611,-1.7073848824925812,-0.2552000829014916,0.18217753920547555,-0.8040929485140124,-0.07060768346997512,0.2726485075951383,-1.0838117595429217,-0.11995118337699134,0.3194877990431008,-1.29246949039372,-0.2315776611068978,0.3621100348948499,-1.4501354735137315,-0.3187585657500864,0.34722776632097524,-0.538097618958773,-0.11360821937093378,0.4946828038740158,-0.6910779532421762,-0.17193588418413897,0.590688106752713,-0.7965565648800284,-0.24309883667926369,0.6740961213747689,-0.8790801541461007,-0.3033289376542642
4,0.0,0.0,0.0,-0.26152281645164793,-0.3800920515173276,-0.14266706945877902,-0.388932995170834,-0.8148041086377585,-0.19334658710661018,-0.21471640714758033,-0.9266860472092263,-0.24111904467877054,0.03232872778699624,-0.7205458412218151,-0.2901967249030986,-0.22154772885906523,-1.1193041048326073,-0.054867786857978336,-0.2556922603900478,-1.5016048131435151,-0.1219327280442277,-0.2592396381637862,-1.7253727176926845,-0.1961101664606358,-0.2486817813620279,-1.9099666168081602,-0.25564319425990895,3.995012144425373e-17,-0.9985213497892389,-0.05436096039509057,0.06848460567217297,-1.3413673229622838,-0.09342595117070707,0.12001865255136716,-1.550585288633645,-0.18698815473883182,0.17170119901564387,-1.7091617543661792,-0.27068988927347115,0.18111700545587103,-0.8043079518675574,-0.077725307805016,0.2717031803929222,-1.0894725060492925,-0.1322967210862697,0.3212639009749113,-1.2951143519355817,-0.24767040099133908,0.3675013516505027,-1.4498845240525373,-0.33691376976934384,0.34462899597795893,-0.5388954531238587,-0.12003994483982013,0.4955294715313296,-0.6914359195810964,-0.18349445220213872,0.5931549629455667,-0.7961372293933832,-0.2584011402775315,0.6792781513876783,-0.8776298159984667,-0.3209819813409888
4,0.0,0.0,0.0,-0.25740634263999906,-0.3771597025780602,-0.1408839920365655,-0.3850494338190265,-0.8121524847455621,-0.190778997472532,-0.21574901327693177,-0.9258598386929305,-0.23792770037000355,0.027716898552792236,-0.7192040745132783,-0.28646247715029755,-0.21969183450638857,-1.118233818706898,-0.05359088995307353,-0.25476977790235794,-1.5000137319406102,-0.12075131920202373,-0.25686317879472376,-1.7214027465851625,-0.1948946557038829,-0.24490587607876957,-1.902379433524405,-0.25407962564660974,4.447583585791536e-17,-0.9985612406750685,-0.05362320972739374,0.06736422180028644,-1.3416644923539598,-0.09255685093873342,0.11948802709862119,-1.5485863791508148,-0.186133618007669,0.1711090658890924,-1.7044285895864373,-0.2696367752757368,0.1797801155553417,-0.8045735269815137,-0.07745032449650271,0.2690440704907308,-1.0903574753981398,-0.13190383483257473,0.31855277436820606,-1.29565317650463,-0.24718871257312594,0.36418293768968313,-1.449526169733997,-0.3363450189726248,0.34242916109097493,-0.538488738371541,-0.1200752299505469,0.4911113854817953,-0.6916252856535956,-0.1836035397465871,0.587693795972882,-0.7958417723824502,-0.25835222654829065,0.6726311961987542,-0.8764992007545354,-0.3207426225421416
4,0.0,0.0,0.0,-0.25650968154579906,-0.3737285670468381,-0.14423758047401444,-0.38324304418393884,-0.8082427285226799,-0.19612974943240835,-0.2150364963638951,-0.9253552287983454,-0.24515145682828826,0.02779953990456973,-0.7258502333799095,-0.29550008670537087,-0.2176766225455507,-1.1182388479863596,-0.053326955048305764,-0.2516103988724962,-1.4988956486309248,-0.11995405186109066,-0.25312597894005107,-1.7202179440404344,-0.193737959776341,-0.24083143207083393,-1.9019110504491525,-0.25300322316750834,-1.869801380847992e-17,-0.9985941122042272,-0.05300753787011013,0.06613046273555043,-1.3404927363113304,-0.09125532984926588,0.1175842098900097,-1.5475787905344967,-0.18505582541824245,0.16839436006771413,-1.7063289696087243,-0.26888577435039873,0.17798970864113955,-0.8051590505157543,-0.0772122262495558,0.265913566010523,-1.0920095434393227,-0.13231079272943203,0.3148145737778342,-1.2973479512488795,-0.2491916690800075,0.35893813648205275,-1.4528285060614488,-0.3393078056119458,0.340296575215496,-0.5405708804427135,-0.12040165074376367,0.48912004076778326,-0.6965830101215508,-0.1849519855645931,0.5859197348255474,-0.8031498626027438,-0.26121190392261645,0.6701919134639326,-0.887531090987854,-0.32475184364045756
4,0.0,0.0,0.0,-0.25937910714762263,-0.3755180361742163,-0.13086560792118004,-0.384259672211924,-0.8108493111760212,-0.17306745591533965,-0.20737718127556243,-0.9175789994379235,-0.2141721566378038,0.03720177428571937,-0.6986591558715243,-0.25667224377562825,-0.22037522226812423,-1.1158984486666155,-0.03659502798686116,-0.2584380527262453,-1.4957481075785084,-0.09702157276083823,-0.2657670746987575,-1.719727620985105,-0.16617936551129942,-0.25869024668813767,-1.9025652113322389,-0.2221357542932877,-1.681301325654395e-17,-0.9991804585769494,-0.040477292374333035,0.06147070346395926,-1.3419742707487097,-0.07095804190539491,0.10635570749477445,-1.5499354514274442,-0.15813487665278184,0.15101883697447038,-1.7089581168406898,-0.23790685362686742,0.18125580255960086,-0.8062948248503201,-0.06842151298657421,0.264451815361884,-1.102038674695052,-0.11724469820731499,0.3117151441777912,-1.3097072337855156,-0.22949841578216862,0.3550844710682761,-1.4624228608849994,-0.31719892410154904,0.34655550341103014,-0.5415785858964938,-0.11456273975255639,0.49626252549150973,-0.6979727492248854,-0.1748436399944495,0.5922069438851636,-0.8081068488485754,-0.24829004423610093,0.6755044156344481,-0.8930871681830737,-0.3100807790458782
4,0.0,0.0,0.0,-0.26535472656829745,-0.37749862777014853,-0.12693857979150058,-0.3875542097787676,-0.817720078147249,-0.16859846012712376,-0.19644902344448462,-0.9105323610199858,-0.20943684496000248,0.05017886301913414,-0.6797114574968711,-0.2522188388884261,-0.22483567988564201,-1.1164599861701248,-0.045834825797893726,-0.2687678749050588,-1.5035377935692995,-0.10972055979158822,-0.2792778254722647,-1.7338933851169709,-0.18126023556649362,-0.27458829183692424,-1.9239175212971802,-0.23930304403726993,1.2080983541769415e-16,-0.9986369057847645,-0.05219511859007181,0.05837310406529005,-1.3447847080055575,-0.08572447896126846,0.10287629962490405,-1.55969497401963,-0.17424838002167228,0.14801248518578947,-1.7238050144951222,-0.25611772852416664,0.18411145131659593,-0.8042928036526894,-0.08120455523967632,0.26985499073087144,-1.09581596991218,-0.13074086644767308,0.31537989382498416,-1.3048518932779438,-0.24263015482559155,0.3558317174707786,-1.4603398874386342,-0.3311810744093584,0.352062575277434,-0.5399032580786477,-0.127999967031984,0.5036569216098905,-0.6949414125580033,-0.18859770699700346,0.5989546242601661,-0.8055039876956898,-0.2622107974940431,0.6795059167147888,-0.8922741685099429,-0.32498865879941763
4,0.0,0.0,0.0,-0.2647166071818924,-0.3715032419331868,-0.12758663517246946,-0.3866531417456811,-0.8127187049407987,-0.16884710057859342,-0.19637133040599733,-0.9014165098939144,-0.20996073866523607,0.05416225377650889,-0.657058385984774,-0.25316679140628284,-0.2236188643567968,-1.1174276235111817,-0.04269741802489223,-0.27179706044697277,-1.5082519482279482,-0.105085750012619,-0.2843796243286948,-1.741551379300568,-0.17561286810683832,-0.2825872029952906,-1.9332592269146538,-0.23335879424184441,-2.897049694580074e-17,-0.998746739694422,-0.05004947501984886,0.059758215137960306,-1.3388013397346568,-0.08085757660654846,0.1035000251578002,-1.5550671643512886,-0.16778564707374768,0.14616725343621323,-1.7208066449212305,-0.24915646879297895,0.18220805258617856,-0.802013539427816,-0.08072689629794948,0.2715646074637051,-1.0842793546337357,-0.12902283530461445,0.31273108841373937,-1.2942279983123879,-0.24057931258709725,0.3470253269115305,-1.453876924185721,-0.3292688944651604,0.34964622184243094,-0.5340702961437244,-0.1296171472862067,0.5031829453901248,-0.6841268067411247,-0.18932237721695883,0.595816180645771,-0.7901460590678606,-0.2620585933652743,0.672167382764413,-0.8734694288368277,-0.32455845445685094
4,0.0,0.0,0.0,-0.2644539128791895,-0.36654373636922377,-0.13633277134493713,-0.38790700890717944,-0.8063915515186277,-0.18127397052189792,-0.19934618728242995,-0.8984630747590221,-0.22488619141274235,0.05385981818223218,-0.6563608734667402,-0.27048653260664834,-0.2245682762353498,-1.116937208234533,-0.04758506960046045,-0.2768673152720945,-1.509695015744339,-0.11143757934114513,-0.28995174001125645,-1.7432388970542931,-0.1831970969419499,-0.2874944306416541,-1.9348221155206977,-0.2421781097153958,6.316707968772439e-17,-0.9986287807992591,-0.052350340585189344,0.06085562292893179,-1.3356622227773172,-0.08496435971492763,0.10900739917188638,-1.550130563533363,-0.17378784485715001,0.15577269413328607,-1.712136090198999,-0.256559683779804,0.1814046493036521,-0.8016711378194722,-0.08157182978510676,0.2685950430944728,-1.0854975911688098,-0.13360963036467458,0.3066705906911593,-1.2975654360266424,-0.24877885732714536,0.3389126128010908,-1.4586917492887093,-0.33961717769375294,0.3490827508501381,-0.5312822043226646,-0.12966385719440535,0.5052798875246802,-0.6816969538284734,-0.19319888183986125,0.5983373451756965,-0.7845892099962997,-0.2682951469580237,0.6753456833104565,-0.8630568783684291,-0.3322740120637971
4,0.0,0.0,0.0,-0.261262480846551,-0.35829063383414206,-0.1464976054369889,-0.38328782699538355,-0.7895359846999506,-0.20010041763948988,-0.19698030849361817,-0.8860042897092544,-0.2501533585580517,0.05067871158942206,-0.6688862662575118,-0.30230174397031945,-0.2245445629373883,-1.1142193314042113,-0.06769999578666039,-0.27892162678702437,-1.5087063141997208,-0.1375940266495121,-0.2895366092022368,-1.7424646583768049,-0.21273822737119988,-0.28390853767148483,-1.9338239469670766,-0.27367127991135076,6.719659118484065e-17,-0.9976613496351012,-0.06835079695415518,0.05723121214625733,-1.3422798439084795,-0.10788202393684848,0.1090023563908538,-1.5538819572309104,-0.1991804828549765,0.1605459679141036,-1.7117126457051979,-0.2829256978955129,0.1818582656870421,-0.8017533082639288,-0.09314474547869443,0.26928789851639073,-1.0870603500903993,-0.1495461745947975,0.31142250364117335,-1.2938968917938034,-0.2651311511896191,0.3485767632432276,-1.450323542728378,-0.35582738086713445,0.34796519889299843,-0.5302451746207072,-0.13721149159976298,0.5024593204173664,-0.6809818232455959,-0.20397327175457328,0.5931227326550971,-0.7848382435689476,-0.28013067949741327,0.669479865095088,-0.8645618498788891,-0.3443369995718569
4,0.0,0.0,0.0,-0.2633804432950778,-0.35953341778959924,-0.15070246919123034,-0.38578146777673006,-0.787820418591291,-0.2089656639337484,-0.19576922872445224,-0.8786037791214907,-0.26374264521262347,0.05741548578128229,-0.6604307465311484,-0.3208284290110114,-0.226507909624354,-1.1162976090305357,-0.07612883270676944,-0.2822424745654622,-1.5104313088329173,-0.15020197923693238,-0.2942628754968242,-1.7449631186653392,-0.22735200452962182,-0.29154471381640257,-1.9387316709918687,-0.28972261948475636,6.598110030106185e-17,-0.9969518584735849,-0.0780191763995579,0.05694126026736258,-1.3444314098001353,-0.1215793939252949,0.1071593591050575,-1.5602909562332368,-0.21456740795029933,0.15568476772406567,-1.7240900540176143,-0.299860171966117,0.18232375466571102,-0.799532487015674,-0.1047217392002341,0.2704931812869172,-1.0861916671648155,-0.16552677304141653,0.31060958019086204,-1.295186007791206,-0.28369387889926695,0.34393802842433413,-1.457833411207485,-0.37610274159230306,0.3496187888933787,-0.5275461911285534,-0.1510103439283245,0.5061273439953929,-0.6798489123363866,-0.22122160851897882,0.5991714160417331,-0.7840489375823826,-0.29949523821558094,0.6766115388813717,-0.8681574383802141,-0.36551159419126
4,0.0,0.0,0.0,-0.2613450660700735,-0.36507453390004757,-0.14998628828544622,-0.37818477350420077,-0.7914043367612058,-0.20720967544289456,-0.18644165796798057,-0.8805995400037199,-0.26059310802930086,0.06348642598668543,-0.6661749763180854,-0.3158383677497906,-0.2237672801368775,-1.1186878731306282,-0.07261514399815622,-0.2759927684923543,-1.5139279570074422,-0.142776135550283,-0.28870011822756,-1.7504504985955158,-0.21726532195089815,-0.2874072312011971,-1.9461781061270216,-0.2779899555842777,2.1180859236330324e-16,-0.99732961910102,-0.07303171135756255,0.05986780290542004,-1.3423987039436547,-0.11201815566208087,0.10745943160302121,-1.5601233328887145,-0.20194761291548305,0.15324317314716376,-1.7245750060730485,-0.28538575884170114,0.17934350511764854,-0.8006231860374903,-0.09810313862631821,0.2691643038357411,-1.08492632802749,-0.15485436399312544,0.310611061880144,-1.2943152766604982,-0.2705801409666837,0.34582804333789585,-1.454636647418825,-0.36168702603433484,0.34155239509478463,-0.5335430393826011,-0.14270932601745245,0.4966260724720201,-0.6824549758052565,-0.2096086247617147,0.5881487298705829,-0.7866434071996287,-0.28623663326545085,0.665723668926461,-0.8690957805091651,-0.3512710831123311
4,0.0,0.0,0.0,-0.25895983127479705,-0.3680004567250388,-0.15338365102350682,-0.3736420072838957,-0.7927905944669281,-0.21241489140606878,-0.17836664829344476,-0.8822074560763553,-0.2662467594212031,0.07233168854778435,-0.6701171818812073,-0.32146610268177145,-0.2227315510835346,-1.1173674049531948,-0.07627683960321367,-0.27935166200707995,-1.515795810515431,-0.14662634744197806,-0.29353220069803587,-1.75279724702032,-0.22157759032046687,-0.29360831441584145,-1.949004694860749,-0.2825599820774516,6.725804016274144e-17,-0.9972764147989072,-0.0737546777217414,0.058427345791824015,-1.3476544801488277,-0.11277828132448486,0.1057101590207835,-1.5681811576367715,-0.20403879530608768,0.15100846020302236,-1.7365803849097983,-0.28850991318584546,0.17941888580011195,-0.8008136295049284,-0.09564380774960689,0.2674699290272029,-1.0909728698806613,-0.1508057611637178,0.30723960700300235,-1.3042154406306883,-0.2671444341160611,0.3411259781563376,-1.4678202526377833,-0.35897226556440087,0.341564978345513,-0.5338317903629014,-0.13712570579465697,0.49677922948245307,-0.6893895010442243,-0.20223402127749412,0.5880132561973711,-0.7984909287842313,-0.2789463864480819,0.6647732511200636,-0.8865508396341673,-0.34434888952221865
4,0.0,0.0,0.0,-0.2589389305094844,-0.3608980394289945,-0.14998130411538213,-0.3784003735312344,-0.7845870847847736,-0.21116654180770436,-0.18843792487006963,-0.8753718870079422,-0.26770036170707917,0.06563048215490808,-0.6621467153741207,-0.3257889935215199,-0.2251655094105126,-1.1166044841230782,-0.08909721792550299,-0.2789474000631807,-1.5160871230106296,-0.16435651438945198,-0.2952266816929627,-1.7555788613363457,-0.2411056048502191,-0.2966831323047475,-1.9527924607508782,-0.3026892263660414,8.838735902097806e-17,-0.996049473815905,-0.08880003215685799,0.057727454721933316,-1.3501816453810178,-0.13338009584951932,0.1012378912611754,-1.5735047897003216,-0.22420929426281536,0.14405302243700677,-1.747978367657098,-0.30784683559367404,0.18343244217894544,-0.7990397854920834,-0.11140220748518083,0.2736487708446273,-1.084228227499106,-0.16783467845939307,0.31569641510637586,-1.2972746965604383,-0.2788426080824562,0.3515459580985161,-1.462490763109154,-0.3670667073426224,0.35024771434920166,-0.5320664750450153,-0.15345189593274497,0.5027749361870741,-0.6893654098407122,-0.2177380931889662,0.5952467611644157,-0.7997810015135579,-0.29091427302665945,0.6747328188630033,-0.888860722734331,-0.3538237428051105
4,0.0,0.0,0.0,-0.2609350501841627,-0.3534794835631212,-0.15589959514598498,-0.38089726106484834,-0.7774939104288141,-0.22086585717539298,-0.1813001574499003,-0.8620357365040876,-0.27953826721907254,0.07714664779157025,-0.6452685249368632,-0.34014008512991367,-0.2307550805840628,-1.1147442478322318,-0.10293882579769606,-0.2876885136594828,-1.5164103589039106,-0.18271319811003844,-0.30399882252942495,-1.7566750977277998,-0.26195705069170594,-0.3049739470268322,-1.9521282451598723,-0.3250499121124686,-1.580951719055576e-17,-0.9949113613241048,-0.10075407241504676,0.055173052669772314,-1.357243367135436,-0.14973017914386044,0.09797873819150033,-1.5831531567200363,-0.24283236320008258,0.14051029934358064,-1.7595271920002493,-0.3281061738484929,0.1874094460861316,-0.796567324073585,-0.12118326979547688,0.27662594086505804,-1.0899693752919317,-0.18104563697138076,0.31924566618152245,-1.3108632784178427,-0.29427200777481194,0.35533197037926156,-1.4816799178276698,-0.3843226884296429,0.35708908846256954,-0.5244447926187873,-0.16120630018085857,0.5103086053540528,-0.6896977834636785,-0.2289488568155503,0.6043421552646883,-0.8022862246440658,-0.3037242735351279,0.6850470114208657,-0.8898748232716456,-0.3679135991119945
4,0.0,0.0,0.0,-0.2590359476963728,-0.35305554227545005,-0.1570170240619008,-0.3764231127811768,-0.7731358912298156,-0.22420197986817852,-0.1698513044474293,-0.8482178901510739,-0.28531231333058193,0.08881510155335949,-0.6285940636542038,-0.3486056899856843,-0.22955944402584127,-1.1087041717065242,-0.10820523360203219,-0.29308722926599023,-1.512446034889889,-0.1917833599650444,-0.30963850137160365,-1.7511724593597495,-0.2738664415698934,-0.31021289235754956,-1.945392475620696,-0.33840468050927536,7.189084236104343e-17,-0.994330831669514,-0.1063306032683565,0.0509148687473693,-1.3594897612937034,-0.15810754853954145,0.09237309309476775,-1.5846886101550828,-0.2529085693606178,0.1343114006005317,-1.762471169592835,-0.3395014032924035,0.18646580098287305,-0.80008398809672,-0.12685772693269343,0.2745245771960981,-1.0918101648112424,-0.1856379152436867,0.317215168496559,-1.3093860946715097,-0.29680486102650677,0.35296333524268775,-1.479214519020701,-0.3862866442985554,0.35558486548750023,-0.5301697698756764,-0.1673994282958593,0.5074020193463998,-0.6971862442413539,-0.23286241399024546,0.595915869879195,-0.8134898903281379,-0.30577518347379457,0.6689122798069377,-0.9071865888130786,-0.369084352333313
4,0.0,0.0,0.0,-0.25277976527350204,-0.35606314666633065,-0.1548703144364156,-0.36514341796310085,-0.7768526318544027,-0.22045776028614905,-0.1594676079648974,-0.8534406421519521,-0.2804343974274029,0.09384998247686754,-0.6390912645602708,-0.34249690982558284,-0.22527388001960053,-1.1080801050887545,-0.1021964823622705,-0.28560701099010677,-1.5106356178403046,-0.18402515576609654,-0.30115594957969866,-1.7470772420139684,-0.26445626497490593,-0.3010153925608521,-1.940385519008079,-0.3276374952781288,6.705740783285682e-17,-0.994910749996546,-0.10076010887901228,0.051006232987744864,-1.3594245861491896,-0.15031565531037866,0.0921279781667009,-1.5834818508090915,-0.24296696231371168,0.13355860644951456,-1.7614173090129128,-0.32793794489825845,0.18338060320940427,-0.8024136590756831,-0.12209974880025593,0.2721806448713794,-1.0934923307645645,-0.1788319849902727,0.3157736750920011,-1.3087451826872942,-0.2877286920917229,0.3521472343068586,-1.4780194557364605,-0.37571705220206675,0.3500717530128267,-0.5359936538007652,-0.16341137319039412,0.5011260197543289,-0.7010567483457458,-0.22698375139241772,0.5887510160974169,-0.8182857735519751,-0.29875008029621797,0.6606000665249593,-0.9156428433677287,-0.36129327505610365
4,0.0,0.0,0.0,-0.2513753402244337,-0.3701686238595108,-0.14576473968177786,-0.37490435639221037,-0.793804449970182,-0.20791982704106243,-0.18362924579177822,-0.8705604703902288,-0.26831330743246107,0.07293083428045587,-0.6496364568286284,-0.3309310344503775,-0.21995769853577818,-1.1121741073307296,-0.08028160953811814,-0.278794504361041,-1.5137732556735606,-0.15952514339613097,-0.29071967000578636,-1.744039331593602,-0.2400330193137434,-0.28735668485040466,-1.936760834181875,-0.30301948490512504,1.97289027372951e-17,-0.9964261885759051,-0.08446804555626175,0.06081044424097302,-1.3586202978446984,-0.1331253172233088,0.11175804696117932,-1.5770571023618039,-0.2259206002701342,0.16124404948067877,-1.7460351378094352,-0.31032355827359986,0.18011379108892198,-0.8037122801424899,-0.11240445248758911,0.2719761527775832,-1.0949206083356324,-0.1682468322516525,0.32309203149998433,-1.3028287575215955,-0.2753793675379321,0.3679118439309604,-1.4644398507757161,-0.36089947409992806,0.3452921669178203,-0.5405249663836439,-0.16071144594720224,0.49570170471109004,-0.6979754735220358,-0.22215989696524124,0.5928502813158681,-0.8088310178996108,-0.29162846020953037,0.6747568404197753,-0.9057396992837019,-0.3520738474553781
4,0.0,0.0,0.0,-0.15687324094884586,-0.06593309140249448,-0.2448144543670463,-0.2401774510631184,-0.2839643736212763,-0.36579930165873614,-0.09107484602839051,-0.5626568482424873,-0.4610424943406607,0.10443811785507401,-0.7476049623226166,-0.5546116721130765,-0.16473102530025233,-0.8570559206276132,-0.18943731179196543,-0.24366500829575363,-1.217638826911037,-0.27795773212107205,-0.27343528024059105,-1.4411674201491476,-0.3587668194276079,-0.29172038430664526,-1.6409831473956227,-0.41997162742546695,5.3101447229576356e-17,-0.9912062965830147,-0.13232564987251944,0.005070027518125719,-1.4418052529935266,-0.19073300074500885,0.026440209356269593,-1.7167265547919968,-0.28250408399886384,0.043424352209072585,-1.9528858417689092,-0.3609219621247349,0.1315683250549224,-1.0098820979302499,-0.101729169954793,0.15905482158409653,-1.417846029610942,-0.1643008238168436,0.1780301914263633,-1.6818508576769573,-0.27387286073406425,0.18974489530928568,-1.9087487779933856,-0.35757700304505646,0.24962432674601187,-0.9389308219850138,-0.09475372059258672,0.3265164395591718,-1.2882044475194243,-0.1555802366023359,0.3757676090572466,-1.4855688391136397,-0.22653581051364136,0.4157931727384654,-1.6526962012276203,-0.2861263607330265
4,0.0,0.0,0.0,-0.14321878766312043,-0.06810896031026263,-0.26825645588751384,-0.21555111363558033,-0.2958614138654182,-0.3989311505074734,-0.055003317716606034,-0.5749947161062376,-0.4982301391805262,0.145418664966324,-0.7610113659816856,-0.5949668738950047,-0.16328145951479778,-0.8555654741530091,-0.20587643510917772,-0.24096117964175995,-1.2284693220196143,-0.28988052092638605,-0.27125155082762525,-1.4604114256179406,-0.36815423426773886,-0.28833946288275836,-1.6639623517173867,-0.4279982680817444,1.7294654208641308e-17,-0.9911143997539184,-0.13301220470479505,0.004191205863835036,-1.4515833617556415,-0.18024424799861477,0.022680772812549523,-1.7441847054043476,-0.2673877670259724,0.03851516222443735,-1.9923932573355578,-0.34499466917848753,0.12927254409845115,-1.0127270756112559,-0.08793766311324396,0.15128733797892183,-1.4276809283611656,-0.13735891630757463,0.16188055647855715,-1.7017817077873978,-0.24270893545477276,0.16873832861697277,-1.9333757257118231,-0.32717033967519027,0.24650311415245535,-0.9513236242503447,-0.0686663528156343,0.3215475348687616,-1.3050683724251546,-0.11923861360616081,0.3637776072909438,-1.509165795082922,-0.1869736795547484,0.39847831997263433,-1.6790619698116995,-0.24643290576209326
4,0.0,0.0,0.0,-0.1474651139638991,-0.07095089171762105,-0.2550792347556042,-0.22182959909523978,-0.2984709085779834,-0.38083223964327045,-0.057346830454555006,-0.5777678092317439,-0.4777053254562623,0.14283779792388787,-0.7560307566123833,-0.5723984221874272,-0.16338785552658833,-0.8572254905633997,-0.20102208551589587,-0.23931920765376352,-1.2287017746301994,-0.2887564883905855,-0.2676580066444989,-1.458446732613013,-0.36925196487785844,-0.28404123263980674,-1.661037548069504,-0.4305358741143492,8.8773627978306e-17,-0.9905714500988183,-0.13699708846951636,0.006709690211019371,-1.4505109734195563,-0.19147903484221246,0.02506177429245101,-1.7381442570424623,-0.2832142412170516,0.04001640229667661,-1.9844913643445274,-0.3634090304291293,0.13036205966235578,-1.0095915565951805,-0.09956609777752515,0.15343750646328372,-1.4266041874754987,-0.15758364796181853,0.16298809553938606,-1.6978683082933637,-0.26754395542682935,0.16790116896471735,-1.9281415816166652,-0.35355118707110916,0.24904730666759634,-0.9438791984628164,-0.08638991573065527,0.3226080576413079,-1.29764415112209,-0.14432537446147664,0.3643096781607366,-1.5007941664091484,-0.21585557709695563,0.3978824377862622,-1.6706531694860138,-0.27723408002062744
4,0.0,0.0,0.0,-0.14478217775018454,-0.07635281422021309,-0.24203413789139802,-0.2168710374366531,-0.30634300205997134,-0.3619123107128506,-0.05109707444133216,-0.5839390057255947,-0.45540305779474477,0.14766230492646215,-0.7508493307409249,-0.5475546184741281,-0.15999100632373583,-0.8569099805954941,-0.19504741283008328,-0.23892880894283533,-1.2226739593381517,-0.28374411525047877,-0.27148123866343177,-1.4493122565191425,-0.36421234398875696,-0.29081035913185427,-1.6511739181582108,-0.42581374756010176,1.3669533214812892e-16,-0.9901989695653164,-0.13966388463660073,0.00394860144553579,-1.447501194185604,-0.19664622495582001,0.018107391169837835,-1.7312234912077968,-0.289241199762636,0.02993938790431088,-1.9766878522196711,-0.3705793901772722,0.12846018432261816,-1.007845278200914,-0.11000972402698822,0.14940396943170492,-1.4253920848293349,-0.17405846315699278,0.15584036893581013,-1.6956426508314948,-0.2876814024994434,0.15816232849115774,-1.926748927867427,-0.3754569954064419,0.24591652978077472,-0.938883021899668,-0.10305013649937159,0.31822381247614595,-1.2903373992682463,-0.16750503753891668,0.3607713998666896,-1.492991431064075,-0.24251489766311776,0.39472264043877375,-1.6622903342596025,-0.3059406571345361
4,0.0,0.0,0.0,-0.1455725502322802,-0.07570907384025921,-0.23515798083866504,-0.2200735253192653,-0.29338791883328946,-0.3577904165342343,-0.062025024285879804,-0.5587118972411489,-0.45635582047836926,0.13454763551699211,-0.7197178861571965,-0.554084565313686,-0.15920347443989052,-0.8574733907229094,-0.19908885541680152,-0.23914827263725447,-1.2227576367081952,-0.29382507638384864,-0.272049668379435,-1.450352499708055,-0.3791185692625024,-0.2913144685783112,-1.6541118246479631,-0.4439723342764397,4.1272920040406634e-17,-0.9885940777021517,-0.15060461325016586,0.007057307808181045,-1.449157202801101,-0.21505602942564395,0.024208649334650795,-1.7346674756225975,-0.3116155593944614,0.039211165416352785,-1.983394294343293,-0.3953929186128203,0.12926619397960634,-1.0054037072423276,-0.12680952328318554,0.15443645620967075,-1.4268433496837443,-0.19454534424087386,0.16451743078028652,-1.698096820550156,-0.3072625545294548,0.1704756198440133,-1.93008075577195,-0.39462305007296444,0.24801370402494546,-0.9363827526856449,-0.12539938441756135,0.32244206902863387,-1.2935902327886484,-0.19147112754091558,0.3671875841350987,-1.4996456152966913,-0.2657689441994751,0.40401133313208987,-1.67191321046068,-0.32906091286321776
4,0.0,0.0,0.0,-0.14817144875822996,-0.0699251339943397,-0.24873631354992812,-0.22670000310920468,-0.2819084699755058,-0.37861966448072615,-0.07168244575070228,-0.550045362857288,-0.48191890768817175,0.12686758261715808,-0.7222617478463891,-0.5840565471002959,-0.16329837073088843,-0.8544934708436931,-0.21353815544431526,-0.2423932427769719,-1.227453273704636,-0.31126031852167246,-0.27247755755283753,-1.4590186561534342,-0.39807530196736657,-0.288417302366177,-1.6674450651073986,-0.46389219676458293,1.0247054587345377e-16,-0.9872986341299648,-0.15887544506658596,0.007702290882738797,-1.4518926148475304,-0.22644893915154657,0.030034282507494174,-1.744236290212686,-0.32433444332539024,0.05116170528874983,-1.9998879902581064,-0.40859496626288944,0.13184083545524458,-1.0054308099394296,-0.12968197480253368,0.15801036850556913,-1.4280727691176076,-0.19947572157757856,0.1728356470076598,-1.7028344977195566,-0.31307794422706564,0.18428690722727595,-1.939376469283375,-0.4007073380207202,0.2516750566242258,-0.9370510193426967,-0.12385663360048911,0.32659588576933457,-1.2968208478495364,-0.1909093375144082,0.3747503217173332,-1.5024255071995898,-0.2656515270876191,0.4166344770816966,-1.6747436064786803,-0.3290200449078744
4,0.0,0.0,0.0,-0.14716627503734964,-0.06459787727738399,-0.24327255238132578,-0.2274476283262529,-0.2623316564696723,-0.37600446053789827,-0.08783435293574224,-0.519874307663652,-0.484251368702977,0.10194641983535221,-0.6893429355451522,-0.5919010440945889,-0.16036693906379165,-0.8583608165109348,-0.21763093138850295,-0.23512381726524706,-1.2257326541646245,-0.3215416685890842,-0.26189339947856216,-1.4577946929936578,-0.41283431388210173,-0.27557274619475375,-1.6651652527114513,-0.4813194221760082,2.851807740009749e-17,-0.9854811754531467,-0.16978472495334893,0.016102797277680447,-1.4473590800853533,-0.24609031035969017,0.04399921984675424,-1.7368969618218306,-0.34751577426408886,0.07063554082198173,-1.9898480296421341,-0.4327272595166906,0.13060574901993496,-0.9991786381953824,-0.14658876678824045,0.16472788183076523,-1.4239082671344434,-0.22163185768541607,0.18442774072789472,-1.69744451394481,-0.33440909477115077,0.20221453505372847,-1.9339520916901567,-0.4207449466194025,0.24969738852085177,-0.9257646441205841,-0.1465008565752274,0.33000006264165754,-1.2925527938560262,-0.21614421145508572,0.38263501156179797,-1.5006007038610618,-0.2899458001049499,0.43176987750457285,-1.67577064896721,-0.3523355274167053
4,0.0,0.0,0.0,-0.1423202841954646,-0.06267926605627316,-0.2515510474873582,-0.21641744640436886,-0.2628296001392928,-0.3880088054860508,-0.07043782574587254,-0.5176118870096249,-0.4983062601444394,0.1155376941300874,-0.6812746157778098,-0.6078543512785565,-0.1625456587441723,-0.8525202623480534,-0.22744368229175993,-0.24122129433829748,-1.2165447558649645,-0.3342902043809503,-0.27189086426452874,-1.4456808909036611,-0.4272976625677791,-0.28991201843391273,-1.6495806551670535,-0.49659589467025367,1.522062811285503e-16,-0.9845231440178274,-0.1752546116176471,0.012478443970626639,-1.4473546008719564,-0.2535976728120716,0.038506447878934404,-1.739370741923624,-0.35599243057543517,0.06254079150573406,-1.993972546164687,-0.4420164338316643,0.13200551769549532,-1.001047090797045,-0.1482393072041349,0.16502370008378256,-1.4243407513381834,-0.2244656208143626,0.18432703533490385,-1.6978814721712574,-0.3376565951198193,0.2014534767581432,-1.9331025199140435,-0.4243204185778628,0.25161225680169386,-0.9286727696548506,-0.14496416850533508,0.3296374191126904,-1.2931457858872841,-0.2146800458786703,0.3784976072228733,-1.4995055780321525,-0.28875136030298504,0.4232969064995928,-1.6718299679627429,-0.3514035554326523
4,0.0,0.0,0.0,-0.14212263357544141,-0.05476960375004693,-0.2570907562417577,-0.21795622806723564,-0.24512958769474924,-0.39951245046090433,-0.0819196347269102,-0.4919545975047538,-0.5150148813909676,0.09730938736314368,-0.6577044198141432,-0.6299854609138912,-0.1633565254639495,-0.8516272157813547,-0.24099367435341806,-0.23823862665175097,-1.2160382499880744,-0.35366456022337456,-0.26951842338949866,-1.4442566407004203,-0.45075365880814344,-0.2884146629388467,-1.6476666458142373,-0.5226202680922183,1.3550741657893668e-16,-0.9822587729990826,-0.18753053848996667,0.01943069468330941,-1.4466148943930852,-0.2731132330386968,0.04760053821331631,-1.738481381594056,-0.3792183182350992,0.07250950919628513,-1.99394499826841,-0.4671329579414936,0.13274259088603121,-0.9969914382446577,-0.15887534182896337,0.1724637180347299,-1.4203318605807023,-0.23973352251772312,0.19359511656931744,-1.6929369883198302,-0.35342496182761446,0.210948255638965,-1.927918933123367,-0.44003722874288426,0.25207616911388236,-0.9231588265497224,-0.15420789257445983,0.3346589214161408,-1.2882349481309385,-0.2262601082733331,0.3850785088241331,-1.496497703363168,-0.3007758283006767,0.4305037383944813,-1.6720914473296045,-0.3637683222254464
4,0.0,0.0,0.0,-0.141605401158391,-0.0432636690612436,-0.2711514183478028,-0.21579336819097625,-0.23459695821441606,-0.41911456705168526,-0.07510275500232147,-0.48549176859195103,-0.5370858813879724,0.1074187278425623,-0.6568880623083092,-0.6547274284097198,-0.16389954932552908,-0.8432741645950388,-0.2572949852629421,-0.23980786398243126,-1.2091175329530974,-0.37241206826381734,-0.2721876796835668,-1.437666402099893,-0.4702427101172942,-0.29221693664331594,-1.6410320180365363,-0.5427013843433932,2.3067057845175082e-17,-0.9803583212830587,-0.1972246482847997,0.016954997477948118,-1.4456869316129997,-0.28426139176583815,0.042559481211961236,-1.737122202797132,-0.39059784757869487,0.06494214042693686,-1.9930509256439177,-0.4790907459387196,0.1320545549772908,-0.9979447882958681,-0.16273219625941862,0.16932663843237203,-1.420973907687797,-0.2458576019360447,0.18718611912104471,-1.6950187919270865,-0.36133428324668815,0.20136031474129568,-1.9317061338665893,-0.4494593230644066,0.25042851016016204,-0.9234304456761555,-0.15310248778504998,0.3321092092325421,-1.289819701266422,-0.2280093365786573,0.3790686789339962,-1.4968246193029375,-0.30447908128726164,0.42077579178761143,-1.6700757915046154,-0.36884137945333767
4,0.0,0.0,0.0,-0.13997004288509912,-0.04534288264538534,-0.2646905893261162,-0.2155249889577011,-0.23245550021810882,-0.4117852229987852,-0.07888481759320912,-0.4746526506536346,-0.5306522197079653,0.10277334982554205,-0.6394321655014426,-0.649207038971126,-0.16400991889205543,-0.8446982409160776,-0.2517728625321051,-0.2413304657126205,-1.2072089926829817,-0.3675365016434251,-0.27464119930543657,-1.4340479081923299,-0.4664246915644552,-0.2952355283603468,-1.637111021472368,-0.539532530472939,4.3688277060222134e-17,-0.9807262786123075,-0.19538670998625934,0.015413332251801685,-1.445995913899106,-0.2835007182749995,0.03800547442453068,-1.7368061807553714,-0.3907607782357948,0.05781351389744766,-1.9950070666740432,-0.4797163800429893,0.13231587763321612,-0.997136467817932,-0.16414616103757274,0.16771174214385418,-1.4212378369553067,-0.24651536637639446,0.1829790717332826,-1.6949280907592632,-0.3602914644709899,0.1944691436118477,-1.9324552120164158,-0.4474282583974145,0.25129878661195243,-0.9221179210151298,-0.1574386911435764,0.33251929717562295,-1.289630952587289,-0.23116492219418158,0.37990420299103944,-1.4999122369066449,-0.30618788219575027,0.421522771513107,-1.6781178022436511,-0.3697618760327333
4,0.0,0.0,0.0,-0.13769354598628403,-0.04562927127737307,-0.264805480094796,-0.21214566024357634,-0.2320552324082029,-0.41140978845379306,-0.0770941879423276,-0.4780987952172499,-0.5291138942326178,0.10158679538544435,-0.6490923100517084,-0.6463492926057972,-0.16365630532498324,-0.8431033191586531,-0.253980200751434,-0.2398555680193992,-1.207907655159866,-0.36950753712283063,-0.27259647287033606,-1.4355369699448473,-0.4671087225655782,-0.2930487117567797,-1.6367538414908949,-0.5391563982081918,9.588105486375912e-17,-0.9804199705550073,-0.19691795585197056,0.01663481916178416,-1.4497264357117798,-0.2859550932293876,0.04042893800470321,-1.7415831274097946,-0.3927244343583565,0.060308973073632956,-1.9976645821398251,-0.4807881041034277,0.1322550424510535,-0.9978287815865663,-0.16472358482881777,0.16788962602203983,-1.4257119336839505,-0.24907658171745237,0.18468709543681822,-1.6985158199352166,-0.36312533778704353,0.19654875442730899,-1.9348472554721814,-0.4496394618441838,0.2496342958998249,-0.921760209414195,-0.15672155857256534,0.32796787934806704,-1.2860688832637686,-0.23262656472322263,0.3755964390538471,-1.4932037915221836,-0.3084138446264031,0.41748827400617217,-1.6679153820711767,-0.37174430472700054
4,0.0,0.0,0.0,-0.1343923728144145,-0.039960278299414696,-0.277222390830514,-0.20711986647535074,-0.2185206104879821,-0.4311242820421957,-0.07576830722248026,-0.46271631948795355,-0.5530554691104363,0.0942589487095251,-0.6366108416496683,-0.6749157809144241,-0.16198257226374574,-0.8353381699306339,-0.27749993192212236,-0.23686585400359655,-1.198860390270294,-0.4001234414579965,-0.2683461875194153,-1.4307155809976162,-0.5026081876268232,-0.2865959453169632,-1.6383182172213029,-0.5778910073754038,-3.696320394500974e-17,-0.9765182076941762,-0.21543488585127962,0.015294600999109864,-1.4427241152708992,-0.31201244049986804,0.042031126277027576,-1.7379723888887004,-0.4231505731935304,0.06623647976660405,-1.9996969680091539,-0.5144809622202353,0.13150131446666127,-0.9969634065029449,-0.1780879103489125,0.16401623064025106,-1.421152621453176,-0.2677758456666305,0.18288921680317444,-1.692420295135766,-0.38571506401590194,0.1995891976113079,-1.931132177524538,-0.47530594854563735,0.24902078823120663,-0.9236373930969054,-0.16537099525023427,0.3260820523587195,-1.2853553556267772,-0.24503364457440402,0.373207004387101,-1.4950097018093729,-0.32450128624678715,0.41722970088440414,-1.67665283046571,-0.39093683937976764
4,0.0,0.0,0.0,-0.13721528314990833,-0.03626677855315386,-0.26957353474221474,-0.21248332356879646,-0.22507597285595957,-0.41768104810563883,-0.07642093122355226,-0.47888885615982707,-0.535229913510726,0.10108872246683033,-0.6520466847145288,-0.6524549595692504,-0.1614099070820213,-0.8350636851323862,-0.26449206788407303,-0.23585238907979802,-1.1931237708306441,-0.38297495747119664,-0.2673061984239022,-1.424535362416299,-0.4820286281073484,-0.2834661918342374,-1.6324218458665212,-0.5548761945560142,-4.86926908921027e-17,-0.9788347192620238,-0.2046523695617398,0.009242287071659331,-1.4356667591129122,-0.294040486329235,0.035200078511078044,-1.7321758180600315,-0.3995826793678421,0.06093419013152911,-1.998077878747417,-0.4878686976157351,0.13049325943516324,-0.999388115653817,-0.16974557839479257,0.15782285372571261,-1.4162689960958488,-0.25209529633710437,0.17682864421988395,-1.683477766107745,-0.36437197800596766,0.19514955908723003,-1.9199849072770943,-0.45130824494736077,0.24890128720863902,-0.9235124037832764,-0.15932326352088166,0.3237764941485818,-1.2802398459204878,-0.2334954185897544,0.3739912237788317,-1.4880385313006916,-0.3084260212229781,0.42159408765475914,-1.6677741659430703,-0.37194668323815877
4,0.0,0.0,0.0,-0.13082771546497973,-0.04383580839419661,-0.26088299250289254,-0.20013555098929744,-0.22868428633500706,-0.407454628545009,-0.06657935151302734,-0.47605509968456305,-0.525587764078802,0.1071485780760858,-0.6488261765054245,-0.6428703302195403,-0.1546872124486902,-0.8463740164485536,-0.2540175905436931,-0.22277953300595907,-1.205581008888965,-0.3709821438935164,-0.25184320866343457,-1.433333542382593,-0.46890046843933536,-0.26769754295869586,-1.6364906396895071,-0.5410914663420231,5.683660700538298e-17,-0.9798779260369593,-0.1995977205919629,0.015866079087337625,-1.4360844401323387,-0.28936380285855723,0.04343747946036858,-1.7282301351956748,-0.3938698055414923,0.06848969709415793,-1.9877150021620853,-0.4807521860330456,0.12665391926612457,-0.9934773378683517,-0.16987566828409806,0.1592790960459353,-1.408481178813371,-0.2530432515277386,0.1800703840455199,-1.6761737668327406,-0.3631975361584281,0.19790302300198181,-1.9128834370483645,-0.44799312075775466,0.24187374447903517,-0.9116191307312425,-0.1640747916372484,0.32078557926967116,-1.2684882738420362,-0.23811338690312112,0.3729039751618703,-1.4740526692702582,-0.3111124055204259,0.4211776823271622,-1.6498766339009132,-0.3728830557061084
4,0.0,0.0,0.0,-0.12591002447116786,-0.04812709118888064,-0.26063554980593745,-0.19384372730267826,-0.2188041786150375,-0.40990468890007165,-0.07138120813245616,-0.4459396757436088,-0.5309472504436538,0.08802816743347387,-0.6102924424900801,-0.6514459946118516,-0.15229921114111333,-0.8413901541597995,-0.259616458740121,-0.22373597225315003,-1.1918070982308586,-0.3783887522562251,-0.25515768307608605,-1.4158367747347416,-0.47762012302049656,-0.27250716561390304,-1.617672458454828,-0.5502519767864994,-4.217003403681766e-18,-0.9787781327137367,-0.20492283162549413,0.0123491782494199,-1.4300344101806626,-0.2972239299317908,0.035674919041843056,-1.7165968357364954,-0.40124183515288153,0.05593642906962304,-1.972080182441369,-0.4872268840888605,0.12448820227872652,-0.9956087480295065,-0.17424002924354193,0.1542113261178516,-1.4081753718759467,-0.25619942781129806,0.17166210962451167,-1.6700986571252068,-0.3623951320804747,0.18475486997062815,-1.9003289005655477,-0.44513674021953664,0.23675556127084812,-0.9153854385498055,-0.16762789996295535,0.3138617156641655,-1.26689520220204,-0.23909681226947874,0.3605469318692681,-1.469559802398097,-0.3095912694669934,0.4014971882311896,-1.6451858171471596,-0.36991723059937304
4,0.0,0.0,0.0,-0.12941827792889682,-0.042766144232420665,-0.2583280469141929,-0.2051869290024061,-0.21222203514661042,-0.4089494002828721,-0.09299854269264932,-0.4307722660514637,-0.5319175952253251,0.06496811737032884,-0.5774081317246965,-0.6558659958572582,-0.15110412550143232,-0.8382992065623093,-0.27029152933663897,-0.22853093844260317,-1.1927835103364486,-0.39467665167801974,-0.2648889817436774,-1.419007403603251,-0.49851574706945984,-0.28840675638652635,-1.621946432793755,-0.574430019910171,8.944887174668928e-17,-0.9756567912011895,-0.21930304553972468,0.011233021802255086,-1.433646488068244,-0.31811588743478153,0.027427990218862733,-1.7185396719334924,-0.4298367031262885,0.041412592951931754,-1.9768279357876875,-0.5216038753902978,0.12477769219897829,-0.9946275330134848,-0.1911011947957925,0.1548321495636661,-1.4213063674832291,-0.28029129542166753,0.16577177616841415,-1.681348964605427,-0.393218663198363,0.17125299371029193,-1.9088187117544273,-0.4801556473287116,0.2393390854925788,-0.9204716856626967,-0.18611174573207284,0.3177101890146798,-1.2821172545152324,-0.2647466915210615,0.36455379397951876,-1.4870133516430126,-0.3403913766509602,0.4029387696470396,-1.663096964976517,-0.4044923436893883
4,0.0,0.0,0.0,-0.12472716448802301,-0.02055411757470099,-0.30076085073084735,-0.19950097809307457,-0.18246763940282743,-0.4687181294373949,-0.0953981098893841,-0.411513661526362,-0.5980140781932319,0.04706754543588574,-0.5868785832558916,-0.727543643013172,-0.15661716446053553,-0.8205822852437036,-0.323959606396516,-0.2317344663202677,-1.1784388757875264,-0.4561830470275323,-0.26705391351179586,-1.4106519810277824,-0.5618560839892609,-0.2898123153880361,-1.6197356777572065,-0.6369732862248177,7.961211456442803e-17,-0.9695126265055464,-0.2450413578282589,0.007504018219604043,-1.4295235378075983,-0.3526406127063928,0.026488697718674216,-1.7203876491972452,-0.4628867117787373,0.04340649110296515,-1.9832519709142629,-0.5505426838638255,0.12356010223700863,-0.9928295517046454,-0.18943386252506325,0.14779785174162446,-1.412903972720179,-0.2831257375595293,0.15885164615867786,-1.6808738503064053,-0.3945335142162373,0.16730116623122201,-1.9206752360300723,-0.47851652821384527,0.23059393654032348,-0.9177151544940266,-0.15923007772071837,0.30141396745877685,-1.2717876623063251,-0.237664584487707,0.3428620710308896,-1.4794688030931893,-0.31240876867859363,0.37833233738022004,-1.6670150279866986,-0.37459867901225086
4,0.0,0.0,0.0,-0.1231921219416218,-0.026168311092229297,-0.30242197102719015,-0.18992650811770687,-0.1944692224954562,-0.473794441240438,-0.062342356918440915,-0.4230877605290286,-0.6070988548928716,0.0903428516118528,-0.5971326278969589,-0.7405675340863465,-0.15402914005710022,-0.822598578875429,-0.3274465968239344,-0.22609440547687315,-1.1886657958300832,-0.46385405015167397,-0.26144933389595487,-1.420982998332074,-0.5720636193143234,-0.28424482786241495,-1.6290267629711455,-0.64895520836098,1.39634325601055e-16,-0.9679497022823609,-0.25114412963772215,-0.0015220560829579284,-1.4274496596444861,-0.3608759476641344,0.015336765403112141,-1.7212080144035533,-0.4709935729485656,0.030945328035510995,-1.9861234256563112,-0.5594734930918478,0.12157532229951133,-0.9882720441737132,-0.19926919202519322,0.1364312329701966,-1.4039473634115276,-0.2925787595717411,0.1482586300689993,-1.6786997497326932,-0.4024078838086527,0.15801333354714492,-1.9225957901502884,-0.48706286294976014,0.22762524005990006,-0.90962808530969,-0.17355424590908533,0.2940334808836001,-1.2616911911000361,-0.2513061167894444,0.33346925484269924,-1.4734009340848804,-0.325252950929874,0.36780008715643875,-1.6639240306794998,-0.3879802366003964
4,0.0,0.0,0.0,-0.12041955153305729,-0.01520318407480927,-0.3212026032280847,-0.19212275972269102,-0.17159346300358244,-0.5032739463876286,-0.07564146360315632,-0.39837416517107677,-0.6426772300529638,0.06676731705328111,-0.572726631815657,-0.7828598354059916,-0.15693714376603526,-0.8049241622684679,-0.3647274971647443,-0.23588765705585954,-1.17890090689566,-0.5112409835673308,-0.27397733966534366,-1.4215389398053289,-0.6251254159380211,-0.2994390577692609,-1.6403339301561566,-0.7057958851737792,1.177554030841645e-16,-0.9597068618753667,-0.2810030947682531,-0.004414979472079515,-1.4282061882544608,-0.40256346576731267,0.005977587873173938,-1.724063304407802,-0.5204796020367519,0.014316935067279343,-1.9947046712189482,-0.6141575188141272,0.1239922178219438,-0.9891872386570831,-0.2210206946333527,0.1383511199367275,-1.4120623686250202,-0.32692605926456014,0.14442775650104064,-1.6883229981499308,-0.4456639001111936,0.14658812775760025,-1.939428459087162,-0.5352033043240887,0.2312556039427985,-0.917698074677267,-0.18721592537132495,0.2964176349404326,-1.2784888204336937,-0.27572134790830444,0.3337907940348382,-1.4947755848398812,-0.3574601245455904,0.36403772805104245,-1.6909187720696799,-0.4253306773378055
4,0.0,0.0,0.0,-0.11562230401154411,-0.003460747347156995,-0.3228336023731441,-0.19017391468872483,-0.14894753560255966,-0.5088500615670588,-0.08758234008731454,-0.362641871908345,-0.652449437959229,0.04958431242292257,-0.5354150246618401,-0.7973539829829536,-0.1549684331839233,-0.8033604581242052,-0.37285942664583654,-0.23340415322813593,-1.1756337694954957,-0.5225340192961986,-0.2734835864691353,-1.4173616339359778,-0.6381800730402455,-0.3003501106307986,-1.6353261737893783,-0.7194772678654862,1.0742679121783309e-16,-0.9574299100711829,-0.2886658402047022,-0.0037211753013349975,-1.4240773779939748,-0.4133630492779602,0.004135063869901012,-1.7194577186173843,-0.5310080447530081,0.010857843530340893,-1.9907287833868141,-0.623896466266251,0.12281727179496038,-0.9860029207877041,-0.22781316299222684,0.13945502643455165,-1.40919223117817,-0.333802843431723,0.14375653061482907,-1.6835636943880385,-0.448107819593547,0.14410771854066598,-1.9336291662434908,-0.5348492069472606,0.22952536369333848,-0.9166878669648674,-0.1936389950321614,0.2925980315275524,-1.273474597401599,-0.2805572948305471,0.32941143139507423,-1.489229692569114,-0.35901059205676156,0.3591252340225018,-1.686073196349366,-0.4247552551715777
4,0.0,0.0,0.0,-0.10834308820281283,0.00391551737957597,-0.333891715385752,-0.18081012107770578,-0.14409641020804775,-0.5265563577896119,-0.07493205579471135,-0.35585229188812456,-0.6740463147362664,0.06765153964676587,-0.5300398726946748,-0.8234822041904405,-0.15202817711991404,-0.7888303151592704,-0.4006477133451226,-0.23108603137842285,-1.1595739272436503,-0.5598985238925037,-0.27498025023007006,-1.4040208786761128,-0.6802961607280017,-0.3059303277340912,-1.6238394858650158,-0.7642905561361176,1.3666785418573832e-16,-0.9499763729093561,-0.31232177463952776,-0.0030432578197582645,-1.4251961030632587,-0.4464781404476482,0.0025846159409014338,-1.7321246063300781,-0.5675770059522308,0.007162189732141293,-2.013687798964512,-0.6630620276877341,0.12153419670769249,-0.9847905494531555,-0.2470800118641586,0.13943582800448176,-1.417282220829217,-0.3599312300399794,0.144848514915952,-1.7010498879867946,-0.47580095349038076,0.14698851654334058,-1.9597972848671765,-0.5638894179488626,0.2277189361105216,-0.9210674794604462,-0.20898788699584173,0.2892820903745466,-1.2804691249702658,-0.3005862705780865,0.3258716499814154,-1.499844419849196,-0.380599603760501,0.35750311963184533,-1.7013195746266585,-0.44764721026349574
4,0.0,0.0,0.0,-0.1018107854358315,0.006335932020286389,-0.34847040682988345,-0.17556080296047571,-0.1373006311316872,-0.5456709719288478,-0.07580226980155791,-0.3459831312434994,-0.6939320959404283,0.06283938175245726,-0.5205031294135704,-0.8426713234418555,-0.14546369046384575,-0.7911628079687886,-0.4072400378750149,-0.23383999217224688,-1.1735362146913333,-0.5614855716416409,-0.2819015577135288,-1.4096821568904574,-0.6760001643265369,-0.31419044629000537,-1.6119907699988347,-0.755879422893185,-8.386395336464481e-18,-0.9511803274142255,-0.30863568286924725,-0.0086367988257098,-1.4372743810755828,-0.4350113692417869,-0.0034062595030836815,-1.7425589316422139,-0.5533751382413401,0.0026046370846725796,-2.0278047510237776,-0.6478383376461215,0.11918020714104084,-0.9883974860197963,-0.23419663589741307,0.12814368251314617,-1.4267208488243739,-0.3401779072920452,0.12919234596365423,-1.7089771331621213,-0.45508264992326686,0.12849997884617753,-1.9684586653372698,-0.5435457541406667,0.2267385405933883,-0.9331451063053,-0.18780617829677174,0.28578948139279137,-1.2969742064052467,-0.2763607041211725,0.3232222722233495,-1.518915828365837,-0.35710723758326024,0.3562205631970934,-1.7258218120527977,-0.4248070025761477
4,0.0,0.0,0.0,-0.09983593161386282,0.01430298634404087,-0.3464321178321025,-0.16673407240512497,-0.13888484781874197,-0.5431631361325647,-0.05950991547462906,-0.34904291871583004,-0.6908772979743482,0.08010711791457846,-0.5148341467469266,-0.8399732687217168,-0.14311650246674346,-0.786999542387207,-0.4169768153972245,-0.23919696242952065,-1.1727116514883384,-0.5760928991481628,-0.29103539203116124,-1.4162913877472083,-0.6921685665326327,-0.3279127383107895,-1.6245782861370552,-0.7724556497208549,6.308419358276123e-17,-0.9474109616335631,-0.32001948343275505,-0.019058093530474707,-1.438881423078319,-0.4514448206100652,-0.022578969216085966,-1.7539955851759592,-0.5692814450129738,-0.02424411489864141,-2.0424054126446887,-0.6631813887690223,0.11598621513177888,-0.9839528125169648,-0.24650111000975136,0.11665073181639177,-1.4331038938442384,-0.3578788380614729,0.11162790758443096,-1.734808323124642,-0.47401418102739495,0.10723798065433912,-2.007413458245805,-0.5627526588412769,0.2206703017559076,-0.9269649135017082,-0.20055371565620575,0.27284684595838143,-1.298932455545916,-0.2923839159549068,0.3059711242677302,-1.5342326788955156,-0.37404772868526975,0.33592033482368217,-1.7523272782999042,-0.4424293113251352
4,0.0,0.0,0.0,-0.10584080279551611,0.013253318847320781,-0.35171734558826034,-0.17500851750196406,-0.1386196824388398,-0.5561037923078723,-0.07554582163572429,-0.33146329829980603,-0.710738784003295,0.05910827173650737,-0.48446503381247397,-0.8686742109775072,-0.1498503675401558,-0.7867236399919904,-0.4412403396492782,-0.2322240193035345,-1.1883473883404307,-0.6129722270972238,-0.2776154701698936,-1.4431797727383882,-0.737918568544272,-0.30964314714001123,-1.6674582181418283,-0.8242372244463432,1.2540383720135262e-16,-0.9379626953457749,-0.3467361852182276,-0.0057632986527137355,-1.4435868952898165,-0.4926330252019361,-0.0015604422011960167,-1.7710534201812476,-0.6204665031036163,0.003399354795652815,-2.0680189263164843,-0.7213673420147884,0.12273098141932502,-0.965766603755792,-0.2750327372509497,0.13502435901277987,-1.4361118646004343,-0.4006066064253763,0.1399981011792005,-1.7441216384846538,-0.5287464311172706,0.1449575848123401,-2.0226719802204927,-0.624852321514015,0.23202537217737074,-0.902071461823302,-0.2301823436171834,0.29322134572861747,-1.277208840817319,-0.3335218838034624,0.3338612481438311,-1.514294474645423,-0.42442548217609094,0.3722140033434389,-1.7366579564603044,-0.49956712267367365
4,0.0,0.0,0.0,-0.09606519591696422,0.00793194034284579,-0.35875543325512804,-0.16119412130578042,-0.1420235879770121,-0.5664393517288939,-0.05516554872503625,-0.3370693109510719,-0.722848870096855,0.08105600209449361,-0.49887519637038374,-0.8816343699305137,-0.1477060126340536,-0.7795612824503456,-0.4481496406208442,-0.2436912570038423,-1.1836448637457693,-0.619584844649898,-0.2947016194448284,-1.4361165696813374,-0.744361734879199,-0.3292816792371455,-1.657216852220004,-0.8303910419685052,8.719168360158489e-17,-0.9374516409220846,-0.34811552814043084,-0.019931595471933218,-1.443505930189672,-0.49277206875256635,-0.02332463967155765,-1.7685520293290258,-0.619557841798134,-0.025355127369623563,-2.0678221862035926,-0.7199352031038155,0.11995314898170437,-0.9743085237943722,-0.27113077504648053,0.12009183394722853,-1.4314807027712633,-0.39269607759786024,0.11461897999758179,-1.7404513819800027,-0.5167215501467849,0.10812637965452211,-2.0211558321276524,-0.6110777605902529,0.2257000798163014,-0.9209127422726865,-0.2218894309685516,0.2766672428582403,-1.3016934758797856,-0.32016118966257595,0.3093913008825182,-1.5443508022410493,-0.407845027773892,0.3368801185325901,-1.7688572255538801,-0.4815855580068011
4,0.0,0.0,0.0,-0.09695710667561305,-0.008496558288653729,-0.3431226492793036,-0.16159533924519842,-0.16673821506992054,-0.5391526895072911,-0.05153951796115973,-0.36417328779503105,-0.6885266544736331,0.08899121636274639,-0.5258571104754669,-0.838754752470022,-0.1445166646424455,-0.800886739423462,-0.4002220287608385,-0.23282381895688273,-1.1923893650553974,-0.5568128421682254,-0.28260667310151094,-1.4304562838998842,-0.6738813611436237,-0.31427272200315687,-1.63905084809377,-0.7558432694554647,1.0783823849573163e-17,-0.9516369269791155,-0.30722493259783706,-0.004739648715928116,-1.4499708443319792,-0.4339651792719347,0.004712794791300786,-1.7620174987005164,-0.553040959288183,0.01683344933424984,-2.0561154892763494,-0.649208612753195,0.12077976620518893,-0.9789237646161943,-0.23911481748623978,0.13065502044216573,-1.4226019571743556,-0.34252280320859896,0.13535741468395657,-1.7095720662433944,-0.45521803302552344,0.1407402032293827,-1.975183739038215,-0.5437337283946341,0.23060098451649824,-0.913666024402779,-0.19947480807127438,0.2876127158486623,-1.2861402783835327,-0.2849533707991527,0.3246310112192379,-1.511679573657194,-0.36394292199055855,0.359136344512247,-1.7200662754838534,-0.4314776701526826
4,0.0,0.0,0.0,-0.15319460736037413,-0.20338758097918982,-0.03654966390740449,-0.2306430089585206,-0.5509913243293855,-0.04631769878320237,-0.18654062627434004,-0.796752281371783,-0.06926167269261053,-0.07140168197960989,-0.7747062348564324,-0.09455583926795567,-0.10119716681465994,-0.965887788052022,0.030981181867341535,-0.12342214846826345,-1.293565986754275,-0.012831019325363098,-0.1386370616324188,-1.5046162571751558,-0.05800433286631166,-0.14388409391358328,-1.6591137328872572,-0.09288782885637177,1.5724731340217378e-16,-0.999974529262247,-0.00713728426979394,0.034635663361271635,-1.4089585329416574,-0.03890762545526425,0.06013902629635761,-1.6739345560786425,-0.10119693244775307,0.09048493134613107,-1.8776263414507293,-0.15492550938705074,0.08653783183400994,-0.9397850413531096,-0.05962933005235889,0.14489157259426783,-1.3179402544091627,-0.09748797503963608,0.17576888648938988,-1.5690323445604621,-0.1624424471951448,0.20979533311595946,-1.7599080037286168,-0.21299628021754557,0.16829406759242013,-0.7998019093736649,-0.12304160653982144,0.24837950958350047,-1.076185739581653,-0.16642236553717782,0.2936895098079579,-1.2819219196188405,-0.21021988511618647,0.336302484110534,-1.4534439182434755,-0.24667837670334528
4,0.0,0.0,0.0,-0.14820296865473423,-0.20956283860312777,-0.03781644074747198,-0.2185921663112853,-0.5618475358374164,-0.053589876047449095,-0.1631114355892362,-0.7985400848664401,-0.08141005710172003,-0.04910231616378034,-0.7671996752919741,-0.11261378069467182,-0.10247661116866363,-0.9739076033619832,0.004753052399319392,-0.12993959780558587,-1.2928853085075802,-0.04848765366858543,-0.14119264268359713,-1.5078139096445404,-0.09872123767699849,-0.14348028405279342,-1.6704096511100321,-0.13724481495383511,2.5817852723375627e-17,-0.9993465782642679,-0.03614438423184845,0.036025479338485926,-1.3997248298216924,-0.07561967125388364,0.0637881874989965,-1.6604742762798987,-0.13809767244231977,0.0943625626178547,-1.865026938257018,-0.19288536455933544,0.08590408191379943,-0.9234953885373707,-0.0902335922752533,0.15113290991158515,-1.2926976052308448,-0.13284576131523473,0.1842095654336528,-1.5441693034724484,-0.19631058105433474,0.21956911151728736,-1.7403310841071953,-0.24729482016504079,0.16561426180607344,-0.7624408128240826,-0.1548870214092154,0.255321978140865,-1.02941985981984,-0.20358186751137075,0.30352801505926924,-1.235961818324682,-0.24832636225490579,0.3494592103926558,-1.4146135199045256,-0.285972222152417
4,0.0,0.0,0.0,-0.1478905266458073,-0.20637356264827242,-0.04286043273489871,-0.2205249201857371,-0.5484152714619672,-0.06691240221457447,-0.16594975947119114,-0.7828459929140561,-0.10257635415345659,-0.052030533506063466,-0.7612707205887679,-0.14157258081721477,-0.10266852164225179,-0.9781013721423452,-0.012401867669139048,-0.1334931238116702,-1.3002480280535371,-0.07400227827405109,-0.14619060073991239,-1.5142040373299634,-0.12921797699459467,-0.15114367257883113,-1.6748293259883014,-0.17087388432469935,-3.4653252629884604e-17,-0.9985281979524814,-0.054235024603757044,0.03576814080273387,-1.3988663287342755,-0.10225641313692403,0.06328567275816802,-1.6594603223916413,-0.16787564419599324,0.09269061524721768,-1.8644073249073612,-0.22441920463438697,0.08522469926108923,-0.9159988945767208,-0.10907990053885853,0.1488797961594826,-1.2863206459297398,-0.1569613642075243,0.18214511563527827,-1.5389483152638974,-0.22027555166361992,0.21734823560703875,-1.7351190293217775,-0.2712755617598988,0.163296324784787,-0.7468114219512169,-0.17487439582955197,0.25103216791669325,-1.01375584781981,-0.22739344188868188,0.2981665842283116,-1.2241208065454556,-0.2725179159406854,0.3447433430804633,-1.4064744453805629,-0.3104815973326433
4,0.0,0.0,0.0,-0.146217281492144,-0.21163822562868023,-0.03807936822002346,-0.21892359276495393,-0.5600198112031166,-0.0566454817094343,-0.16718142627250282,-0.7936883515011613,-0.08770800458243873,-0.05310761861918149,-0.7583114117706383,-0.12246205525215555,-0.10351335917108714,-0.979673813165913,-0.004590142735363756,-0.12859684937838264,-1.3032142529212316,-0.06391550508888996,-0.13899849046369303,-1.5178974633206779,-0.11791670452072933,-0.14108593847659184,-1.6791204045980543,-0.15893124622128058,6.059381887651388e-17,-0.9988454171007868,-0.0480399077513192,0.04314749774346519,-1.395643880449183,-0.09447633797741778,0.07398182942267156,-1.6530059769921153,-0.15981604157203053,0.10709642363926836,-1.8565396229300113,-0.21623220528036516,0.08587242314885105,-0.9149241742172465,-0.1042804102311002,0.1558978452282766,-1.2818302894645985,-0.15218883808057407,0.19159848513583483,-1.5311331136064532,-0.2163869357869858,0.230164799494617,-1.7251917552740157,-0.2677230653934991,0.16363259767536553,-0.7461472951777267,-0.17124542622420275,0.2553357974253052,-1.0043675086653154,-0.22382978893198283,0.30527822597861176,-1.210109902149278,-0.2694842353871557,0.354336204753057,-1.3878602697636917,-0.307634546996002
4,0.0,0.0,0.0,-0.1462640916310459,-0.2151114281471188,-0.03451031621898753,-0.22102224604225734,-0.5620418169871237,-0.057787149872996935,-0.1730713169003744,-0.7917898885733089,-0.09506309969941373,-0.06279518990221132,-0.762163308716428,-0.1357195112125576,-0.10250425961890541,-0.9862065221866031,-0.015241019486119332,-0.12793408831039782,-1.329319516196047,-0.07869350264904298,-0.13985401999435745,-1.5501459929095256,-0.13307127591414472,-0.14359192602845763,-1.7151541602047158,-0.17427542242248084,8.07760509364911e-17,-0.997977216962331,-0.06357259176815543,0.04169018491329809,-1.4036184216628218,-0.1142006431064408,0.07071478169847648,-1.6639509212802457,-0.17647939245791772,0.1030971746814695,-1.8662624291804808,-0.23048313224918157,0.0838696419240051,-0.9067360048421569,-0.1237953053641622,0.15445315561006687,-1.2734731352810325,-0.17231741008300147,0.19441342585528215,-1.5252729819432775,-0.2299285944967416,0.23832771030093558,-1.7176025782209492,-0.2771140190728165,0.15845906033591606,-0.7326736543378949,-0.19475457848508024,0.24877463485220375,-0.9969685966080477,-0.24601060036023478,0.29882651192307885,-1.2036745824889605,-0.28729373900597743,0.34987266504494396,-1.376223050607898,-0.322555574297758
4,0.0,0.0,0.0,-0.14566162858642198,-0.22061462715760244,-0.02555104362977197,-0.21801755050532465,-0.5715092317006141,-0.044541805321708206,-0.17402210682536762,-0.8048932671744082,-0.0793584221711651,-0.06565084233014483,-0.7708778298672955,-0.11785808640234487,-0.09785004591345157,-0.9910291132997132,-0.004972718644052402,-0.1180190894722745,-1.3240342944659178,-0.06731497978656342,-0.12988328455066084,-1.5418192952654457,-0.12192150744484229,-0.13350748116929326,-1.7021715771661308,-0.1637079109389106,7.535706368116218e-17,-0.9982807136589121,-0.058614134273680896,0.046924070041530735,-1.3959980278236077,-0.11020271534942876,0.07755715090248727,-1.6546029783791607,-0.17440399421662162,0.11225173726837602,-1.8572427500200028,-0.22962078427396765,0.08083106850532866,-0.901817184370185,-0.12356386532520539,0.15568793256248842,-1.2572207695995938,-0.17287454477386802,0.19527301298312408,-1.504754097396863,-0.23076148265755955,0.23946246050442965,-1.6965164908826669,-0.2780284646962427,0.1539672372277874,-0.7216083564275892,-0.19871775981549786,0.24323592103469885,-0.9810649816024727,-0.2511176558798545,0.29189392510964374,-1.1861556613255273,-0.29265495482271253,0.34250315835855544,-1.360497332731164,-0.3279294598838365
4,0.0,0.0,0.0,-0.14394819134384995,-0.22823504625002866,-0.024503088575361265,-0.21580366265749695,-0.5740179764295741,-0.04542317229683252,-0.17374621597371562,-0.8020146964859572,-0.08269168700877254,-0.06801632479268403,-0.7650055492359329,-0.12403988573778627,-0.09661582219220635,-0.9919426441462761,-0.009615185867577421,-0.11882581134660523,-1.3244966778629788,-0.07546327062305092,-0.13052399843834026,-1.5426340375813765,-0.13214442633272927,-0.13482227533500168,-1.704604224274287,-0.1750327240965642,9.304857630826721e-17,-0.9978544911705544,-0.06547071445122674,0.04642519215273521,-1.3956772400403012,-0.12095850900588938,0.07565601133316806,-1.6526831351580074,-0.18661201995083807,0.1077999012654103,-1.8559471340741198,-0.24246962961003043,0.07994417138514148,-0.9006762434639206,-0.13249625701569268,0.15541825193374822,-1.256809452501656,-0.18538493432206593,0.193038350861445,-1.505867257338445,-0.24463734665099332,0.23459399914897147,-1.7007865136146985,-0.2924779313876381,0.1524400744646582,-0.7195352333186943,-0.20942227767444402,0.2418985415825858,-0.9813649958965798,-0.26407973413737923,0.28960893783392055,-1.1870321248557385,-0.30648558579608304,0.3384565578683668,-1.3628671323234702,-0.3423642809106485
4,0.0,0.0,0.0,-0.14196289008083102,-0.22629908215192276,-0.02302834418669672,-0.2155632963530582,-0.5654216948562909,-0.04508059054592503,-0.17986518280347535,-0.795180065133032,-0.08407215007881072,-0.07596546708078743,-0.7656882962427464,-0.12694465627733695,-0.09510686381028197,-0.9937540035017755,-0.009688627301512945,-0.11395964964589743,-1.3324498131388354,-0.07602846578841675,-0.12686012744492195,-1.5521617752006116,-0.13230656482797204,-0.1324175917984313,-1.713675187080232,-0.17468699472231666,1.221908244924213e-16,-0.9977806358029946,-0.06658680662542686,0.049501886423260796,-1.3955915480730692,-0.1230235390453241,0.07871213972000943,-1.6529612585832745,-0.1874467636818657,0.11164777139357644,-1.8556049876699878,-0.2418834355532318,0.0789838800331073,-0.8993407193929288,-0.13441901795032787,0.15660852243910364,-1.2551341990692972,-0.1871739992796953,0.1943647826661316,-1.5055204432024085,-0.24376581176863013,0.23671082288520287,-1.701479811183266,-0.2895773171480851,0.15062142679959886,-0.7175416176190484,-0.21227491509872612,0.24056926697509903,-0.9785483592684517,-0.2664654150912319,0.2879959381022415,-1.186328021446001,-0.30721675682355937,0.33728057946924805,-1.3634424321213083,-0.3416866274265662
4,0.0,0.0,0.0,-0.144404925614526,-0.23445176567466958,-0.015225121570037962,-0.21644478749103796,-0.5775642937400131,-0.0326399130471937,-0.1821155253860527,-0.80614544915959,-0.0682596642762045,-0.08249053687753435,-0.7725235545500256,-0.10765117013003209,-0.0927587919668918,-0.9938135265502274,-0.00038900826010231874,-0.1061942335949007,-1.3398950376001046,-0.06316676536118566,-0.11703261513417346,-1.5634891496955152,-0.11589898313492514,-0.12101273934478471,-1.7274508448218033,-0.1558788339475438,-2.592353197108084e-18,-0.9982191014080667,-0.05965421681718692,0.051662343487635556,-1.400721969591153,-0.11298778108826224,0.08243656850708436,-1.6612519582283138,-0.17371698168865446,0.11783494685558034,-1.8678386833717968,-0.2254740149634275,0.07678650395216477,-0.9023512167496995,-0.12934689555053516,0.15642944259205738,-1.2633717081018827,-0.17954622287737376,0.19582851417564232,-1.5127157386027394,-0.23259360586983524,0.24014327964773213,-1.7099108331959332,-0.2758464350624588,0.1462437920111854,-0.7224757884064915,-0.20864582231355736,0.23752658935906187,-0.9828947739271892,-0.25991799310907676,0.28644370627480786,-1.1871754943942525,-0.29808844624778574,0.3358644021209159,-1.3614083403574169,-0.3306327807460968
4,0.0,0.0,0.0,-0.1464907103348763,-0.24043095918228347,-0.01357804022108123,-0.22033973343117455,-0.5861566391852923,-0.03142284112179168,-0.1858867927853616,-0.8133657809831685,-0.0676652615094966,-0.08465595073594222,-0.7706227362647803,-0.10722297035924609,-0.09184694033427722,-1.000187684948324,-0.004492852500237348,-0.10288523488528668,-1.3565089788643376,-0.06743490866248295,-0.11731927973922997,-1.584985385089668,-0.11883306411241312,-0.12469096236379691,-1.751223847593312,-0.15806489297735435,8.437824312256449e-17,-0.9978811640436047,-0.06506291145484229,0.053002601999794896,-1.403496039487972,-0.1185676182912364,0.08319946058457944,-1.6678834213000062,-0.17649891352273472,0.11942236020152634,-1.8743630830866982,-0.22633624539202774,0.07575248777028708,-0.8954330010860783,-0.13546430921083005,0.15755321661973434,-1.2549093213833622,-0.18605368974861264,0.19987677977483484,-1.507571573561599,-0.2361445949214404,0.24789251686387712,-1.7056367580363383,-0.2772509813358557,0.14308360662937036,-0.7093647427417563,-0.21545605142625082,0.23488580686130373,-0.9669177004127909,-0.2668531487514969,0.2847239776757525,-1.1705743832402362,-0.30307110673125065,0.33605264999684104,-1.3410784791257075,-0.33404632591601807
4,0.0,0.0,0.0,-0.1494010716351772,-0.24500478995624697,-0.029299645666136787,-0.225890455634037,-0.5967631142911359,-0.059867255483217884,-0.18539785408642784,-0.8179912525145626,-0.10556946474581709,-0.07732920910416373,-0.7660847995957094,-0.15598357825170905,-0.10089180939744403,-1.0130033342711404,-0.04980224441869714,-0.11673335050039778,-1.397605937554411,-0.13092071585318169,-0.12508212372532895,-1.6451080353234668,-0.1948057213960609,-0.12717083293012635,-1.8317025884054408,-0.24330764488395332,-2.8811489216533945e-17,-0.9941155646036697,-0.10832471653656411,0.05375097460742353,-1.416868810190514,-0.18127443372789395,0.08919923346472772,-1.701602205778907,-0.25106102649649115,0.12828031233186343,-1.9203457477698653,-0.3097232290934446,0.08283612892532477,-0.8750101778202948,-0.17611930278796675,0.16259034221406807,-1.2495544036666903,-0.24574333824678093,0.20205160777973874,-1.520390565351155,-0.3106057518681648,0.24864915603081897,-1.7325982419208334,-0.3612336325368793,0.15540533939974546,-0.6748825886198914,-0.2534906132090571,0.2523659150925431,-0.9315251195640318,-0.320754901392101,0.3028655413213297,-1.1453023144279184,-0.3685554889988123,0.35702863736692675,-1.3238875854477998,-0.4083835436568339
4,0.0,0.0,0.0,-0.14628495257628757,-0.2526540947426171,-0.016683398946634266,-0.22245362607271513,-0.6035817977112233,-0.039118979765658556,-0.18530490973841132,-0.82859885824943,-0.0795462102029524,-0.07739085302878722,-0.7816175801093094,-0.12386522766185104,-0.09400412150883349,-1.0078946168834733,-0.019776343707284958,-0.11027024322210198,-1.3751284298315618,-0.09144199519005745,-0.12417593543321155,-1.610693857981993,-0.14972127780737046,-0.13029903659553665,-1.7852020773120354,-0.19416342169781942,8.283483236490243e-17,-0.9966207114924163,-0.08214108243960666,0.05270062218471417,-1.4097081817149397,-0.14597341633370853,0.08648575261966396,-1.6790047997997029,-0.21116592986067728,0.12654081055648186,-1.8902203122746617,-0.2665107812158263,0.07812559002544524,-0.8850160462636304,-0.15381383656830186,0.1580548850492524,-1.2484487113584843,-0.21273368359076852,0.2003820209069661,-1.5044113504823666,-0.268401961831422,0.24952023233675358,-1.705690727759744,-0.3135146321988441,0.14869044223663794,-0.6883168489578328,-0.23495594834675865,0.2417647322518118,-0.9473873769294866,-0.29321402729297885,0.29314118074581647,-1.1541442214888642,-0.33371904484072745,0.34641530419486455,-1.3269566744038064,-0.3681413280597344
4,0.0,0.0,0.0,-0.14852026173578228,-0.2503504618866775,-0.023246752052571065,-0.2267975027279515,-0.5991979711034547,-0.05439034097590979,-0.1930811523729314,-0.8259730414031907,-0.10232026078636763,-0.08657499656724411,-0.7852825080484057,-0.15472648454468654,-0.09520848841730598,-1.013059389292832,-0.0456987539885351,-0.10886108573555683,-1.3906073250998816,-0.12725514201822316,-0.12118709740113545,-1.6308353242007916,-0.19023223536352435,-0.12773497018301866,-1.808378622459764,-0.23794339891475996,6.244706668042234e-17,-0.9940086514932757,-0.10930142156678378,0.0580389443790568,-1.4118799448903567,-0.18413879802189678,0.09502570776538209,-1.6868892286493236,-0.25316329902397783,0.13602804271270647,-1.8987502489655619,-0.31096113481842336,0.07655130762073889,-0.8724090083390167,-0.1816900608463995,0.16218077245836734,-1.2409676055959633,-0.2522902636729916,0.2072639586960448,-1.5069698785082528,-0.3135479529603097,0.2581113309462741,-1.7128929189953948,-0.3616678109370162,0.1435404218193149,-0.6656875292136937,-0.26314304587030024,0.2453409450470902,-0.9170519373704552,-0.3317852521818151,0.3010767874425665,-1.1278026350061885,-0.3771126264347854,0.3581694328069079,-1.3034115868547231,-0.41466767285191275
4,0.0,0.0,0.0,-0.14994653887932524,-0.26320897535283894,-0.024104178158619545,-0.2241606263032371,-0.6234110563554268,-0.054923007722100854,-0.17818120624188893,-0.837780220176754,-0.10181536350645527,-0.06722114027660611,-0.7665640069989338,-0.15394063280049514,-0.0970878917284979,-1.017146154463219,-0.053862959039272844,-0.11172560856166194,-1.4004121759915829,-0.13843841264138382,-0.1236916003449708,-1.6479107302152143,-0.20455819288576813,-0.12913093169540663,-1.8333268791122335,-0.2549856012270616,-6.2988287440519705e-18,-0.9931188274116229,-0.11711103551998409,0.055232209663616125,-1.4142415303487912,-0.19344299859099937,0.09271500503331068,-1.6950353082163248,-0.265742570970876,0.13493752176917487,-1.9129117128007644,-0.327404917729472,0.07849276968058207,-0.8686296949164917,-0.18849049455846711,0.16246463832812708,-1.2400681349773723,-0.2596979658099236,0.20801112009884437,-1.5072400390898093,-0.3250777915672172,0.25895710545751477,-1.71792012559664,-0.37749687817603306,0.14758762740898404,-0.6590128443369819,-0.2688425529575278,0.24744118717220634,-0.9158135154836236,-0.3381580112554134,0.3045652887971235,-1.1243217041495377,-0.386204196937816,0.36217306244339087,-1.2975157189110604,-0.4269681165972779
4,0.0,0.0,0.0,-0.14944004534577168,-0.25919567683668465,-0.030073835851197838,-0.229682739699613,-0.6161346105156397,-0.06958550779657438,-0.19294775296660727,-0.8379544578232175,-0.12437869060828738,-0.08423713205384585,-0.7890867881265846,-0.18451715036183935,-0.09907390544039557,-1.0219112620975148,-0.07598027076552633,-0.11101810036569619,-1.416853425008159,-0.17036562331147787,-0.12067819513935085,-1.6702057187498403,-0.242155879888772,-0.12527794204311157,-1.8606579560359533,-0.2966494852290772,7.112331781325746e-17,-0.9901817634525869,-0.1397858194736693,0.06174714712860323,-1.4204235807693368,-0.22875146062220716,0.1021629281838474,-1.7053216885272298,-0.3062909285242358,0.14534762841691568,-1.9271877821579655,-0.3707794150517507,0.08080398642202795,-0.8575252968938809,-0.211022529388503,0.17155148138927787,-1.2343889396018675,-0.29365561774305476,0.2202009966091633,-1.505289487524914,-0.3622740489409419,0.2723946914400708,-1.7213316089423008,-0.41574341274517035,0.1506374312632467,-0.641507635237892,-0.29112227825353293,0.2594102442501473,-0.8885466271623251,-0.36929357927356743,0.3197605623547673,-1.0991209933111776,-0.4203277582541949,0.37932622054115833,-1.279625108517347,-0.46257490207352225
4,0.0,0.0,0.0,-0.15005229338536621,-0.2611810835527187,-0.0415294288206722,-0.2346630343832463,-0.6286136525150984,-0.07987191694310354,-0.19457276061059803,-0.8408227385468058,-0.13084777725295235,-0.08121381567798548,-0.7665833461206562,-0.1882762984918566,-0.11292288989625596,-1.0283820302698368,-0.0825694302219461,-0.1371228522666801,-1.4382452254491618,-0.1748306645162365,-0.14897734218955594,-1.7044204333617679,-0.2473381352406375,-0.15291605929117552,-1.9083748896323247,-0.30236658085186924,-6.397959366255619e-18,-0.9904168417973195,-0.13811038876284237,0.05318965161043276,-1.4295454242163825,-0.22196074765397997,0.0926719180382739,-1.725446486002793,-0.2991611986245744,0.13477904604814236,-1.947889622519799,-0.3641016542160969,0.09477515427195254,-0.8518043408796838,-0.2020542431106909,0.1737539505386379,-1.2373154258695478,-0.28030085508730773,0.21480687155045117,-1.5115838998477955,-0.3515074072109512,0.26071471969515186,-1.7229640987958266,-0.4073577943637946,0.1774184163201522,-0.6324170993333437,-0.27616868948868123,0.2792012941672115,-0.8826026920103827,-0.350759165507401,0.3364334839262665,-1.0895097330669044,-0.4032137240702959,0.3941079866483538,-1.2589156462336941,-0.4470994615470444
4,0.0,0.0,0.0,-0.1489903355431254,-0.27092026528550855,-0.03938331402462277,-0.23106756730165212,-0.6406172083529427,-0.08409537923561161,-0.18852858647900408,-0.8567201796330579,-0.14179967659281173,-0.07032828605728758,-0.7852856483440589,-0.20626132239686057,-0.10714121228342789,-1.0273695362436674,-0.09953399820844795,-0.12852234056051584,-1.4383304373146262,-0.2003233438232498,-0.13466725446544842,-1.7027160617188979,-0.2772279512501091,-0.13406101640015025,-1.906812963851913,-0.3358294399240065,-4.700635880430747e-17,-0.9870356812779049,-0.16050097782961437,0.057019639534529966,-1.428695435890007,-0.25502277085118596,0.10396547960178938,-1.7221208682748916,-0.3373326841507166,0.15338885531122756,-1.9486159774548821,-0.4067324179700228,0.08890336042716754,-0.8460286284435934,-0.228324162955119,0.17394840775398399,-1.2311479187162684,-0.316284014957194,0.225839950145757,-1.5085042008664291,-0.39096549881998777,0.28143107295437636,-1.7267906709909902,-0.44962559801651186,0.1680480779297021,-0.6205673365904882,-0.30512105151262076,0.272919985290966,-0.8742925796865051,-0.3874918062804231,0.33629075176465856,-1.0782625773623817,-0.4419524670392567,0.3996969392613541,-1.2442058126563011,-0.4877216665327362
4,0.0,0.0,0.0,-0.15498379820222402,-0.26651353903564473,-0.04221450815021328,-0.23995273262724234,-0.6424339773717831,-0.08539272284994613,-0.19409520254392226,-0.856986080054335,-0.14005616289557135,-0.07696355797560207,-0.7779427129060354,-0.2016060550578492,-0.1145588273885052,-1.0318434307142434,-0.10374634916220844,-0.13479198593026617,-1.4559301886640137,-0.20227090851316887,-0.14157124108808708,-1.727935381880183,-0.2775197789264448,-0.14178489836680655,-1.936491349818787,-0.33503341920707375,8.699480510141911e-17,-0.9870168329583041,-0.16061684674080537,0.060246659991720235,-1.4334158826702392,-0.2521841438261758,0.10476652994843672,-1.7283311487034771,-0.33228494726198315,0.15127086106043605,-1.953157582114786,-0.4000214566843993,0.09520301867459968,-0.8419218955371889,-0.2239935780286779,0.1822343850340546,-1.2327993104253696,-0.3095938073461302,0.23258849842054882,-1.515535497036011,-0.38435104328898334,0.28663037467596625,-1.736428756552471,-0.4429906269875025,0.17915825984949452,-0.6155884632655317,-0.2962733594814329,0.2867722258392803,-0.8713013536095725,-0.3770531610550952,0.35101509517587753,-1.0770231308965645,-0.4317884654288278,0.4152093661332835,-1.2443508838304782,-0.4777280457524246
4,0.0,0.0,0.0,-0.16325769817468547,-0.256555949868721,-0.06409227714729895,-0.2565797855565489,-0.632348059564588,-0.11276971589306414,-0.21289877459073422,-0.8449220041437235,-0.1688107501733748,-0.09470319237309716,-0.7611534292905743,-0.23090558640886383,-0.1258097282253648,-1.0358475343447375,-0.1147780039102113,-0.15504427887132172,-1.465289840383585,-0.21179285790508687,-0.16586169423504754,-1.7429585034596466,-0.2871454577423916,-0.1696493682698661,-1.9584279261151447,-0.3449380922011244,4.254429079543455e-18,-0.9872877467541431,-0.158943087641857,0.04932150490430989,-1.4391034945312118,-0.24971782612234514,0.0865971133747602,-1.7423373927379628,-0.33107347085669564,0.12743900304327607,-1.9709649153003697,-0.398859503226348,0.10465545050868902,-0.8365602066868487,-0.21158384942267036,0.18633026527068275,-1.2191142442261578,-0.29869354546990207,0.23214300229483512,-1.5036358922549211,-0.37832525180929877,0.2817151812552824,-1.727707687173045,-0.43836260684238615,0.19536679940008533,-0.6034611819284209,-0.2747702939490611,0.3036679498195791,-0.8536400909829515,-0.35629318550449046,0.37142377556464,-1.0461668093803154,-0.4133267035571953,0.44081603593424545,-1.1966207463575425,-0.45981368811747714
4,0.0,0.0,0.0,-0.16066067778152576,-0.2749946132610449,-0.056869511368868975,-0.2535980403355344,-0.654390956343107,-0.10813999361385819,-0.21286010979327583,-0.8742062329946482,-0.16810118205206534,-0.0859716795716514,-0.7947798152406876,-0.23547166901734398,-0.12234611430048832,-1.039951731375155,-0.12334049158515949,-0.14403210424308427,-1.4744137195532465,-0.22615172943853776,-0.15023696439628856,-1.755805614789872,-0.3053551118941747,-0.15017376175675873,-1.977848777046624,-0.366413703281272,2.3118127072745786e-17,-0.9847040546402754,-0.1742352569803301,0.05609387111816946,-1.4403348070299529,-0.2715859452376575,0.10079329782163904,-1.7442491975077141,-0.3577890632385483,0.1461497360620861,-1.9790467443794404,-0.43023823515290915,0.1031145405161696,-0.8338000510330349,-0.23177230311143765,0.18730106833149526,-1.2308634425362666,-0.3252646653115735,0.23906750160310333,-1.516602889475911,-0.4082274045668403,0.2906745419519794,-1.7431546146104357,-0.4716254231880181,0.19377520971969406,-0.6044969857002956,-0.2985041083067175,0.30434675696328944,-0.8631447472965462,-0.3858041577440327,0.37592344074325884,-1.0588925440348818,-0.4457831064851177,0.44421712378550376,-1.2170215855226765,-0.49542268151624574
4,0.0,0.0,0.0,-0.16529212050797362,-0.2736173984445848,-0.06700781278170657,-0.2601445702456923,-0.6582693625594643,-0.12287994850218645,-0.2119144881312608,-0.8702152834252326,-0.18501758120686707,-0.08235232988029707,-0.7774145411644069,-0.25430651509036756,-0.1299782668926967,-1.0411450557705453,-0.1418497651316617,-0.1537554487108463,-1.4902680786434974,-0.24843031163869836,-0.16081035859156584,-1.777135729924151,-0.32955756895267724,-0.16184513497486222,-2.001164469438631,-0.39199801088082187,1.5667208368868964e-16,-0.9821982870496061,-0.18784707854214744,0.05712402760115034,-1.4489398694457334,-0.28899024093302583,0.09896190092232894,-1.7607469247399603,-0.3770232952030895,0.14037010867737423,-1.9960503707754373,-0.4507769734937456,0.10941007077378623,-0.8265673439402367,-0.24054748490716077,0.19533437055640235,-1.2299363167449344,-0.3379979458302249,0.2449293992847439,-1.5243672603879368,-0.42504921734622586,0.2939052186197976,-1.7559060642315014,-0.49073069899895166,0.2049257235156595,-0.5914711205478206,-0.3026973161431508,0.32180658698402376,-0.8528555962157699,-0.39242212642043584,0.39754328246540555,-1.0473155113560955,-0.4546251067275821,0.4695407612259714,-1.1989477157932005,-0.505838427836701
4,0.0,0.0,0.0,-0.16913750872649286,-0.2863657713049836,-0.0671957025154253,-0.2617373655379013,-0.6606938447867292,-0.12575865551761284,-0.21047197153440086,-0.8659518603807566,-0.19165270423758615,-0.0795381457567674,-0.7743963201778287,-0.26420139730430225,-0.12494222825714846,-1.0427428383652804,-0.13444554258833769,-0.14814656459787495,-1.486289678280759,-0.24311129193614187,-0.15292828757838425,-1.7690146648269984,-0.3279322567249984,-0.15354742861321996,-1.9944074904350981,-0.393546603923346,1.1530278314761288e-16,-0.9832167379892759,-0.18244134985722843,0.05401129826953283,-1.451423464085712,-0.28749737985157725,0.1001243931228665,-1.7688129002310797,-0.3832059899767378,0.14499669445149352,-2.0169154568048966,-0.46279240599492794,0.10581383952729106,-0.8280850533223101,-0.23758760967678103,0.1936969834378208,-1.2274403566818959,-0.338109564844672,0.24924513351364833,-1.5151962709855415,-0.4303668241320305,0.30172297587177543,-1.7467340043993431,-0.4994387874459441,0.198046650208893,-0.592211252494634,-0.30226729547421,0.31371783351497307,-0.8532519834865308,-0.3945222620331114,0.39012863418166394,-1.0462544569280916,-0.4601560860732035,0.46012206359683533,-1.200450766159885,-0.5139781363068066
4,0.0,0.0,0.0,-0.1590250028904841,-0.29462808853650996,-0.05552352781730232,-0.2487409298320912,-0.6657299783216167,-0.11130944864548259,-0.2093353150914191,-0.8801723375130518,-0.17810120545288705,-0.08240382185521147,-0.8053225775578089,-0.25135761139392737,-0.11454334688071863,-1.048471213907144,-0.11417584120012524,-0.13725454275308058,-1.4718187430976584,-0.21979853042123657,-0.14232677282358325,-1.7416943434656325,-0.30145577263110884,-0.1431074084059661,-1.9581730112473066,-0.3643392268485904,1.0227964552285836e-16,-0.9853965050560228,-0.17027544691873753,0.05409157886083734,-1.4336590431566916,-0.27179111029710445,0.10010808093786777,-1.7331056962034417,-0.36190762423892786,0.14568375875352346,-1.9711812289497805,-0.43672123475366276,0.09589264031901525,-0.8282625771111233,-0.23431572788467156,0.1831547670151733,-1.2145569068093331,-0.33158778389675153,0.23741714210366185,-1.4866769759540703,-0.4157271013227168,0.2911084847687288,-1.7066321906723034,-0.47902051350190794,0.18024567767406294,-0.5927808775695913,-0.30781936424078815,0.29478388084323787,-0.8441386296575865,-0.3974499979201744,0.3696497596046936,-1.0324554732863707,-0.4577251617121582,0.4413448868602612,-1.188285569238781,-0.5071849017566539
4,0.0,0.0,0.0,0.4866383557711717,-0.01574470525323828,0.0497518856683049,0.6258374722625974,-0.3173462725104516,0.16054510038724704,0.38246060959800826,-0.6916977743666289,0.23721637562476652,0.09750180859736168,-0.8779907127028196,0.32472412474652224,0.30108311454099534,-0.6835363809703404,0.4726943416101311,0.36785331625598555,-0.9074616032383703,0.5932294233519942,0.43353114988531705,-1.0482630506214188,0.6527230399687808,0.48272207757423685,-1.158656074594751,0.6883169125328104,-4.121834981121545e-17,-0.8973262116694889,0.4413679529042448,-0.08700045518788427,-1.2609092820804437,0.6104831407145945,-0.11415270752899725,-1.505833341708294,0.6462741489048515,-0.12756918396571276,-1.6884538532751638,0.6598245086308546,-0.2769860642757783,-1.024926662188963,0.37358968293201444,-0.41715347587461205,-1.4170255372753144,0.48837748220373683,-0.45858845541044774,-1.6509642849734372,0.49845591463915695,-0.4720345742130281,-1.8152545303941456,0.49626101885135054,-0.5622279737927696,-1.0967633226770868,0.2898691567055674,-0.7743035711831239,-1.4529499431234796,0.3716842858358198,-0.8931138246768788,-1.6653898488115921,0.39699969029306753,-0.9518225568794862,-1.8190327751739128,0.41124474571457365
4,0.0,0.0,0.0,0.46032382281896067,-0.01011113766294786,0.04052087681396003,0.6014946650378776,-0.31944500156198463,0.14378474506222705,0.35721504006791926,-0.702281552427168,0.21878574195423045,0.04916083080530377,-0.8870511363229241,0.3042991405461256,0.29074254956047435,-0.7179678516473333,0.4112082981429982,0.3576127764234686,-0.9533572375000225,0.5092459014263272,0.420187462209317,-1.1022142228023748,0.5540757391708762,0.4657293090320918,-1.2237644715296665,0.5801402106706843,1.7690387348205084e-17,-0.9244539441065552,0.38129372565757474,-0.08348899222179292,-1.305802462430866,0.5200812126233832,-0.11061808118926608,-1.558266283594338,0.5356781378484622,-0.12973026909310656,-1.7463098120547937,0.5352722086417431,-0.26780468326196555,-1.043123272689197,0.31907457335415745,-0.40375708499894863,-1.448458767927332,0.40501976736824874,-0.4391001903604752,-1.6863285272772692,0.39127322136363335,-0.45195598096358336,-1.855718166681417,0.375984646209043,-0.5360452129949902,-1.0996693322720454,0.2429896736124057,-0.7324342663666025,-1.4626383194347878,0.30156717255169835,-0.8408408900928053,-1.677034907112538,0.30832835345735515,-0.8974892090901754,-1.835075076373993,0.30981722521121213
4,0.0,0.0,0.0,0.45545547641173556,-0.012417935830620543,0.019281392060872628,0.5982818845425125,-0.32943187358546505,0.11047774554764574,0.36009499769915654,-0.7120930103392755,0.17641720234308636,0.054886018257630675,-0.8837101192161426,0.252211102335193,0.2872040342393896,-0.7359486471688721,0.3797519441447441,0.34691591389751414,-0.9721800525163524,0.46652143041612976,0.4035129565201741,-1.1258028128075466,0.5027870125837318,0.44278641138007846,-1.2481056550310392,0.5226830613354501,5.61115171320347e-17,-0.9349645944600635,0.3547410423197874,-0.0905337975719521,-1.3207599005094433,0.48115356810381843,-0.12225706203400183,-1.5760089168338485,0.4864082481653726,-0.14556430302141343,-1.765378566223912,0.4782043990080512,-0.2651205494087786,-1.0476151506311024,0.29652679963692397,-0.40323976781602033,-1.4516844701432376,0.3715489121581336,-0.44502921794212474,-1.690992300134328,0.34623995488275866,-0.46643910816546374,-1.8635983520116262,0.3231765221898714,-0.5248449260719067,-1.093989763096496,0.22286650210548878,-0.7186270605657856,-1.4587671509058122,0.2723970196974293,-0.830500417840888,-1.6727529610730405,0.27081092161308484,-0.8983968208409145,-1.8333087526372513,0.2661160034885217
4,0.0,0.0,0.0,0.4440782595480331,-0.011633388448877244,0.03576376447717104,0.5921715747201383,-0.3203684278961649,0.1315520043207597,0.36311608217913716,-0.6981314221354796,0.2004798938895131,0.05750153258525538,-0.8761608766242985,0.27838626372471414,0.27717728816364934,-0.7434897655431428,0.37579486900338066,0.33915792182232785,-0.9863798661983618,0.4589763545813747,0.39573515522411906,-1.142299670277381,0.49434706542013035,0.4368936250489945,-1.2717850779413775,0.5133842768862696,6.146338064400898e-17,-0.9399258041520869,0.3413787964842754,-0.0829258880678089,-1.329529094099738,0.4614056545756016,-0.11019072160252527,-1.5861384172970496,0.4661612440338668,-0.1335736748546179,-1.7822779147373407,0.45745751212021996,-0.2581380338628604,-1.049459026438729,0.2762314927875241,-0.39829637258399153,-1.465352073577136,0.3428449494832104,-0.44000301236192674,-1.7166751794297577,0.31338244663806925,-0.4623280056172321,-1.904024830405419,0.28819653282384444,-0.5112165236545742,-1.0910603785819661,0.19830924593901272,-0.7100336025185539,-1.4633392219216592,0.24057726176540942,-0.8191264690992466,-1.6826643944712167,0.23541784646767927,-0.883821643308954,-1.8506930564286317,0.22812762194990063
4,0.0,0.0,0.0,0.4276044450737012,-0.022508046884982674,0.02506501460766668,0.57393379328132,-0.32909276911944,0.1139922729926117,0.3571521204524486,-0.7068706892036234,0.1779551924927063,0.0618822953591363,-0.8924393133508096,0.25129750854045896,0.2710494791319882,-0.7511932308751761,0.3593478112828161,0.3358153551628106,-0.9856353915097207,0.43766714590684197,0.38874356632895596,-1.1369241944952433,0.4714133487031701,0.4285770472414512,-1.2582636386552661,0.49012269755956767,2.3604753638905084e-17,-0.9442902787825956,0.3291137636087071,-0.08097969985248213,-1.3275326317782545,0.44321956968963633,-0.11146579664568991,-1.578691684690899,0.44714494951649425,-0.13242480248326868,-1.770965005427534,0.4380534113242812,-0.25061807498833133,-1.0487712143231094,0.26778087549525736,-0.38614524905420045,-1.458344464849904,0.3300785775949355,-0.4254016705002341,-1.7006276554158801,0.3005970395203582,-0.4421747448396527,-1.8823273145270256,0.2753938723597636,-0.49582602478702037,-1.083642920312092,0.1928758553030362,-0.6848459915276744,-1.44432176497571,0.23282752247298405,-0.790682741074367,-1.6576143700979615,0.2265905253616577,-0.8533807035948846,-1.8245832174934704,0.2185285515865363
4,0.0,0.0,0.0,0.4313530390695039,-0.02150974308811076,0.0269279351610946,0.5738976306581779,-0.33218737583173125,0.1136124449289824,0.35152758813385904,-0.7102444305684568,0.17493744644333906,0.052882345286343314,-0.890681945153207,0.24454287196751515,0.27345417696902513,-0.7569555406448494,0.34471003849471954,0.3323788336783695,-1.0011877171748853,0.41585604639733753,0.38208914859585247,-1.1597228595758793,0.4445319507803618,0.4197758999536527,-1.2871969075580358,0.4593238742611477,2.7105848539260277e-17,-0.9508569988514539,0.3096303727595313,-0.0863889597729789,-1.3473182764816622,0.4149950084982374,-0.11852776993152143,-1.6036811603983883,0.4123790027895892,-0.14179569571948222,-1.7993063884010703,0.39833643540406694,-0.2526889423049309,-1.0553105342408633,0.24453727808803422,-0.39600458186161086,-1.47434039848966,0.2993235099689549,-0.4415051259084136,-1.724335144720017,0.26190618996808895,-0.46475472036440646,-1.9123321801057314,0.23138329845805558,-0.49630389027939137,-1.0860506816451778,0.16674948926133917,-0.692846661901429,-1.4559859573997562,0.19999602670593225,-0.8041789369572584,-1.6745167350651344,0.18799146344699372,-0.8734043858285694,-1.845226471231848,0.17561598402437428
4,0.0,0.0,0.0,0.4281697429911529,-0.023815523404474886,0.03386069708522172,0.561260091927218,-0.3385696743022296,0.12936169021607746,0.33596499432997384,-0.7145697792893322,0.19791759928974073,0.04617149269899955,-0.8911483375412909,0.27472000505482314,0.2714537784337659,-0.7491828245636469,0.36958363937614475,0.32941605735931695,-0.9958509857783402,0.4500598723327877,0.3821081231312965,-1.1522338162131442,0.48382560130196517,0.4241036902375367,-1.2803617298872774,0.5016305302373617,1.0993879574763874e-16,-0.9423743736114695,0.3345602187355671,-0.08431336509090778,-1.3381207135224569,0.44976479214159815,-0.1122777151966563,-1.5935834575744203,0.4518104060807419,-0.13082775975419011,-1.7881709655335027,0.4413563111547668,-0.25403008099901897,-1.048564030790264,0.2686649638798197,-0.39747327208663213,-1.464441143643369,0.3311531268614247,-0.4489446505085419,-1.7182198398597346,0.29720064240561483,-0.47540963968935973,-1.90940253155504,0.2692654512536017,-0.5015029006055957,-1.082610563742072,0.19022203400151652,-0.6972789053943299,-1.4465265058258756,0.2286388768407744,-0.8059160510486895,-1.6590406230064492,0.2198615320268095,-0.8698044401879428,-1.8207479877537107,0.21052364899001563
4,0.0,0.0,0.0,0.4191999498401555,-0.034629619221223255,0.020968026284314132,0.560326223758516,-0.34673634142266,0.10329931435651252,0.3416916185175306,-0.7201015499651249,0.16139624701516136,0.04805614714761778,-0.8948111701914341,0.22673322174188856,0.272651470790623,-0.7685041063034594,0.32623428324410564,0.3304636560102228,-1.0074289736376498,0.39086258816889996,0.37831536452302766,-1.1604542258277384,0.4161837949391477,0.4155568929367546,-1.281291306829814,0.4291036522086145,5.481767849263823e-18,-0.9564467698079567,0.2919067942407739,-0.08610625540461449,-1.3454169409139736,0.3902013260063344,-0.11933491452817047,-1.59332975877408,0.3853839764100394,-0.14174382518989587,-1.7857506317199194,0.36973105810152984,-0.2464272284179907,-1.0519984582509825,0.22768458995769023,-0.3826725884705984,-1.4609743026537532,0.2763739894580157,-0.4286200090738647,-1.7012665900958763,0.23603428701505205,-0.4511152306572955,-1.8877777626967822,0.20347396825933686,-0.4852328481646007,-1.0739529799555125,0.15039396763838908,-0.6697442054140196,-1.4262323745120924,0.17808644659893147,-0.7811611589716799,-1.638441151720029,0.16210053214192854,-0.8509163352649016,-1.8089974406222658,0.1468248819141915
4,0.0,0.0,0.0,0.41206747926166865,-0.032485422262062795,0.016881293876731533,0.5497083113319291,-0.34461063296552746,0.0946401424204706,0.3364410997801131,-0.7161525505823624,0.14836772477080085,0.054720397510688246,-0.8880699580416483,0.20876111376700038,0.26812757618886685,-0.7716687912912196,0.3167242784250038,0.3293530880883545,-1.0052388041882445,0.37642008744158734,0.37895812523416983,-1.1560910152190387,0.39705077087789736,0.4170253746795115,-1.2743960527223719,0.40681495042718424,1.3976452051222882e-17,-0.9592711776749357,0.28248682744889525,-0.08060766267089345,-1.343339975824447,0.37587503032631225,-0.11237608038194233,-1.587141902903434,0.36591049636991546,-0.13195189814927605,-1.7746288313508216,0.3465303659030705,-0.2420841678798768,-1.0553909970135997,0.2185600610791221,-0.371146795360392,-1.458267274456043,0.26484881024123813,-0.4106048069296791,-1.6945093808828766,0.2206349514968718,-0.4258650578943216,-1.8764096883765675,0.1846926513704769,-0.476556656993883,-1.0784988782176455,0.14144591330874548,-0.6493399312642438,-1.4261451447691265,0.16815280654673534,-0.7520567316831455,-1.6352737055147832,0.14998461975915386,-0.81411915758247,-1.8023457409232257,0.1322536686318657
4,0.0,0.0,0.0,0.4168320992798195,-0.021831487284005736,0.021240121187325166,0.5609153746061932,-0.33253739576967123,0.09817125822409216,0.3535101853575237,-0.7081235546656862,0.1507423334263385,0.07066782807269681,-0.8922358333207459,0.20952457120710752,0.26933981469639223,-0.7703950346135594,0.30836352334793493,0.34133498128719664,-1.0064291455321999,0.3657690482961848,0.3933188119266735,-1.162014506121753,0.386922740920353,0.4315978237351166,-1.2867025397054699,0.3966657131905245,7.341467482135481e-17,-0.9627955174738141,0.27023099661646965,-0.07617970111712159,-1.3552391716364882,0.3602422066138421,-0.11050755504561482,-1.60973459140824,0.3515417802862733,-0.13347301657981672,-1.8064074715835439,0.33244198013447146,-0.24479076666247906,-1.0618177109976676,0.2036051928724176,-0.3685621309532596,-1.4709029806002956,0.24629993639373512,-0.4132618502253829,-1.7180835510590158,0.20385344515404813,-0.4350890796621921,-1.9104122314683656,0.16906575116948927,-0.48062452805413397,-1.0858677482213788,0.12435917498028265,-0.6573426181984124,-1.4395271461044075,0.1469383940878524,-0.7645143923967221,-1.655259217178328,0.12884644086280114,-0.8303561714266079,-1.8294419219469908,0.11139231934261334
4,0.0,0.0,0.0,0.4177133319997075,-0.027387687108146964,0.025018529023319365,0.5557337876248855,-0.33478572273449797,0.11060202600842954,0.3518803102463059,-0.7041753671517402,0.17220096983360553,0.08029076215743644,-0.87865109108544,0.24109320969019266,0.26872627146893907,-0.7672466730742528,0.3255865674638059,0.3314694678068007,-1.0022335147061703,0.3904415835797161,0.3813195734507175,-1.1545997459088335,0.4174841602709637,0.4198807954016707,-1.2775241571907712,0.43252331302502867,-4.7225179160576874e-17,-0.9564468464931126,0.2919065429780226,-0.07782423628849258,-1.3396656245121168,0.3880462570706139,-0.11020734229906169,-1.5848455554450198,0.38566894242671074,-0.12911049206203726,-1.7732883303753288,0.3731145717580714,-0.24314340712833207,-1.052631795312795,0.22928522455291359,-0.37040354691544286,-1.45466090341126,0.2750489968384219,-0.4165217241422074,-1.692837634661391,0.23753065897247622,-0.43643714748211826,-1.875249817252748,0.20885174457787875,-0.47656656725429236,-1.074627377913601,0.15439258085202337,-0.6499209376463952,-1.4167637283209782,0.18109915827297726,-0.7558902507074383,-1.6230459934554755,0.16666648464202652,-0.8202513270260894,-1.7869816264320348,0.1537829949337247
4,0.0,0.0,0.0,0.4254296401487428,-0.019433950128585203,0.014368358259121018,0.5746578072378572,-0.3209955360233661,0.08574223229924931,0.3756288357983357,-0.6935833996154186,0.132900312226786,0.1060818947349735,-0.8779692446978743,0.18515092235881567,0.2725264037965159,-0.7729308363013553,0.30022519889178667,0.3462243370796199,-1.019201248307121,0.35205088980553756,0.39978988928220743,-1.1776276488961661,0.3682615467104777,0.43736628004491096,-1.3046417834922155,0.3747427483907776,7.18517919493192e-17,-0.9648982116942826,0.26262414410936297,-0.07513245536590635,-1.3617501957520257,0.3460868656398627,-0.11046478578185442,-1.6180828966720795,0.33009173694066857,-0.13433792971932215,-1.8149424290936933,0.30655214409940124,-0.24252632848222275,-1.0596624421151328,0.1960331428670716,-0.3625290610047336,-1.4693039168499944,0.2311959784600143,-0.40743605031157887,-1.7212782585933586,0.17893465955207152,-0.4279335740751753,-1.915710229614602,0.13842176961247263,-0.47463830898287795,-1.0787312714116633,0.11679100668405508,-0.6440490168776638,-1.428615030681646,0.13276138621225,-0.748693960065159,-1.6458809158467103,0.10759502384826544,-0.8101295611930638,-1.8212625756130305,0.0852341165382771
4,0.0,0.0,0.0,0.42492755436526686,-0.013850557233254283,-0.0185813156917415,0.5875451474614544,-0.3157234842186049,0.03291197311421749,0.3861688586305161,-0.6978441647413607,0.06522323309519233,0.11431610129690768,-0.8853507292523332,0.10418886516567859,0.28017740409301106,-0.777429547725376,0.25507882895820594,0.3439272826176866,-1.0346528379819344,0.2923593339352511,0.3919768573694087,-1.194154486751048,0.30150266822740307,0.42354798484210826,-1.314348825568948,0.30473949705416314,4.4446290946494674e-17,-0.9735795354038078,0.22834817328567714,-0.07682017746862445,-1.370964370428056,0.29909406821783524,-0.10931331192982381,-1.625477179392685,0.277080114142,-0.13014832155875125,-1.8183795688324307,0.24963924525429335,-0.2436459076491304,-1.0662997230739668,0.17102057190381714,-0.3637399459506759,-1.4712853099173309,0.19967284268482696,-0.405444294588162,-1.727737949226689,0.14526177861199743,-0.4223763592417447,-1.9167701193246367,0.10248332775626151,-0.478701923292375,-1.0865029043257461,0.09736092316438952,-0.6394496658284383,-1.4326276755457137,0.10989867390050422,-0.7408335931031642,-1.65982122768379,0.08173327838593855,-0.7982733650100058,-1.8408932981360095,0.05615878701925063
4,0.0,0.0,0.0,0.4131321570833537,-0.02341116749371528,0.013041081281794294,0.5717271330440866,-0.32032085907553953,0.08278191415915583,0.3761119153179908,-0.688473946806955,0.12949978815003874,0.09166407094274247,-0.8666040995006458,0.18177485095470297,0.2673858891965743,-0.7754612595681709,0.2844270475108541,0.33970472111940747,-1.0138832955869126,0.33163099656468603,0.3966050144100066,-1.1662068782599757,0.3471228391830766,0.44190957406819786,-1.2863278933975046,0.35406848181667805,5.391308149684357e-17,-0.9689990494041342,0.2470644495954136,-0.06951177424627034,-1.354689687116604,0.3258965124200424,-0.09726107478779104,-1.6021252352301516,0.31161673425747205,-0.1104007257963466,-1.791379778221253,0.289330688518912,-0.23491514757768456,-1.0622515082675603,0.1815102967102448,-0.3440903872933802,-1.4582082098338134,0.21418853336019525,-0.38916923350255783,-1.7034024669484562,0.16509596525475956,-0.40783728718776785,-1.8927974544389747,0.1269606252880976,-0.46174272636550384,-1.0811814988023731,0.10289696527981972,-0.6190464465992809,-1.4213646849790844,0.11809248521048261,-0.7205895462994908,-1.6372785815214828,0.09382846347819927,-0.7785200210516852,-1.811486111766359,0.07191140254592215
4,0.0,0.0,0.0,0.4072576819998913,-0.026330464671847863,0.011811541415124499,0.5609748960544542,-0.3262942697620926,0.07693543566360786,0.3642771089255239,-0.6952053576123735,0.11843557862099693,0.08717708731079848,-0.8761035944550934,0.16457139492817263,0.26296445751711434,-0.7804412099652355,0.2746142340247963,0.3352758168666835,-1.0202793541257735,0.3176055121460348,0.39192567307187176,-1.1760706888476087,0.32991984875897024,0.4385307541989904,-1.2947207116639694,0.33399431880926045,7.988634892576698e-17,-0.9722519148390855,0.2339363462391677,-0.07106973236363837,-1.3653794932554824,0.3073554532408171,-0.09921328370372713,-1.6173754664095077,0.289109041306934,-0.11058979534069474,-1.807693840994508,0.2634968566520652,-0.23304170179333614,-1.0645210000334968,0.1655403204822727,-0.34454420148374465,-1.4661673563912783,0.19515279895589488,-0.3901656900147967,-1.7163499714477477,0.1429288502291671,-0.4077483600098935,-1.908222455812928,0.10145291511898748,-0.45820899201135623,-1.0798897380045784,0.08413644093085859,-0.6144973991128224,-1.4246123050177468,0.09584902198324101,-0.717143991925542,-1.6446534196162068,0.06929727172890518,-0.7759184450927055,-1.8206467057271645,0.04507746763086585
4,0.0,0.0,0.0,0.40241509975784356,-0.023500431311893392,-0.0033293442191803316,0.5488788772347061,-0.3281109452689335,0.052917608171011314,0.3461504774243286,-0.6926070889214228,0.0883787811051746,0.06939552639748858,-0.8563335276097593,0.12718667318439578,0.2613033625333331,-0.7903127783018759,0.23990277384479333,0.3332609635276212,-1.032782208432579,0.2676562355723257,0.38841764317918503,-1.189868272229506,0.2711659620389676,0.43005069074085067,-1.3161035030613086,0.27062544034953956,6.532394105436288e-17,-0.9792603011374417,0.20260617615513912,-0.06612956830661507,-1.3761172155030812,0.2624183609932891,-0.0930538900951366,-1.6215871397186192,0.23988700602785548,-0.10894299417792404,-1.8149888229366646,0.21231392627649479,-0.23187062221831556,-1.0682191874565958,0.13707011192878762,-0.34355263240423006,-1.4756476706151973,0.15522592081393508,-0.38748388946237494,-1.7202169078994718,0.098773113302329,-0.4051712883468351,-1.91270440291843,0.05578253034074988,-0.45150112468544396,-1.0746808680906474,0.05770561444802943,-0.6072408253378402,-1.4205960780236213,0.061752643148808135,-0.7140068401247625,-1.6402925444108687,0.031964289157527845,-0.7827303372159716,-1.8188910063115042,0.00626302426593356
4,0.0,0.0,0.0,0.3872510308449634,-0.032211387298487104,0.005533748601344742,0.5286854994228497,-0.33279435762280535,0.0696902326758748,0.33272885964453625,-0.6895298667600842,0.11158028834936212,0.05992319171251921,-0.8477467489316282,0.1571624223663555,0.2523720858359116,-0.7910028177907733,0.2634914905022017,0.3237535601869414,-1.0342968459140458,0.30112833155144,0.37897100340941575,-1.1903343790310734,0.3100499625550739,0.4195544134483713,-1.3161198942558805,0.3127254026463502,5.5284237847380073e-17,-0.9742800689074852,0.22534051417715778,-0.06459416743066144,-1.3678111805871853,0.2949965651697448,-0.08842988746149191,-1.610393286121068,0.27765202606285877,-0.10210275704409222,-1.7995160776712338,0.2536595857337303,-0.22356251074792327,-1.060126150128291,0.15859615522011966,-0.3365271703364106,-1.4635337748125652,0.18388028067179044,-0.37700428994166496,-1.7059660810920723,0.1304272082883039,-0.3916935777651222,-1.896188736803195,0.08951305816056863,-0.4350528760152912,-1.0660864258803107,0.07836122722595731,-0.5888165972277752,-1.4048609112143264,0.08726514298466141,-0.6935363136003094,-1.61862749792358,0.05951583504434619,-0.7601070966455589,-1.7908001136325469,0.03550232907599479
4,0.0,0.0,0.0,0.3864242142280712,-0.03056105870564905,0.016076319361473138,0.5378383336560232,-0.33078369921905487,0.08329783460177924,0.34342291610794423,-0.6967163823239159,0.12594202532436302,0.05980409830420269,-0.865826897416786,0.1728039914954541,0.24752323470436813,-0.7884751415914686,0.2744903411884278,0.3212118928461449,-1.0346594926573034,0.31529018788088825,0.38917953919984505,-1.1889220124790654,0.32763835505059113,0.44539545331603037,-1.309049441205421,0.33222412137653373,2.784743577599948e-17,-0.9732532070580667,0.22973505381458043,-0.05687643825449648,-1.3698464781819235,0.30338660465160927,-0.07146219853042693,-1.6184239252532642,0.29030743216029953,-0.07663970819835451,-1.8128874661608005,0.26831340264299647,-0.22200733556716662,-1.0627887662542463,0.1570758782475847,-0.3292080770150599,-1.4697957239326114,0.18694395675085218,-0.3671880757715773,-1.72439073017479,0.13925081338041578,-0.3784371703940339,-1.920339139342895,0.10107882813082628,-0.4360398154517513,-1.0749452469894574,0.07101852501886921,-0.5872088648654953,-1.4216673829678348,0.08436492971955883,-0.6874772779979401,-1.6400838979821941,0.061673945645668235,-0.7502901664685032,-1.8128449408574354,0.04037909935971363
4,0.0,0.0,0.0,0.3786566667496605,-0.033632900468762696,0.0031039223748197567,0.5248830366231917,-0.3364290979879734,0.061654039415637005,0.32055308117535053,-0.6974857393425354,0.09876668432570432,0.028681579770876035,-0.8583910943419032,0.13993328960006265,0.25065597493035424,-0.7977095135318447,0.23969077958338622,0.3226599467288203,-1.0468969109718054,0.2702160477023609,0.3834831643836173,-1.2035718821491797,0.27711456693873543,0.4325880285382111,-1.3275108409566885,0.2791617669263694,-1.1372148761015549e-17,-0.9795896657336027,0.2010076784302741,-0.06422752257473577,-1.3775333325389072,0.26430622905872486,-0.08469174498310907,-1.6193365322597828,0.2491502762503033,-0.09476581603763255,-1.8087513087470724,0.22681085031560938,-0.223141042804851,-1.064592319510343,0.13518134681603058,-0.33786099451963153,-1.4701192303714485,0.1581943367933706,-0.37129493047065243,-1.7131901674567733,0.10850018890664329,-0.378093288339573,-1.8969254338012702,0.0701341849441335,-0.4384804412683349,-1.070732904868645,0.05558816499106252,-0.5952354563844243,-1.4101240574456884,0.06664519714738298,-0.6990343217052843,-1.625889298695112,0.04265415005435896,-0.7667700178097746,-1.7944865061757465,0.020883501730252527
4,0.0,0.0,0.0,0.39164983719982216,-0.03583139089443354,0.0023808332429905046,0.5355511882874747,-0.33384425114538724,0.06111448166794967,0.332145106594662,-0.6889476299846592,0.0982168625789859,0.04168695462254404,-0.8550425355274829,0.1389843899613935,0.2552093116015909,-0.8006585121969562,0.24379021897183545,0.3191751672412205,-1.0490569564160412,0.27270151036992085,0.3732803970164422,-1.2069015846860207,0.2767693524719982,0.41540957830700864,-1.3368965652481357,0.27686314864213957,-4.8042109449374274e-18,-0.9787939261106704,0.2048473827239675,-0.07079901694923715,-1.3698519593078589,0.2647348148580849,-0.09526313738695394,-1.6087962713935977,0.24586609269376083,-0.10878554376432806,-1.7992327872396578,0.22191484056970667,-0.2244869065728912,-1.0592696940572726,0.13821062712417856,-0.3513126047221801,-1.46304039648717,0.15821841709120543,-0.3950350139094436,-1.700503183124782,0.10689024110777927,-0.4106079393032553,-1.8859581919063224,0.06797784416204604,-0.4345345782249333,-1.0588264724610141,0.057760835167073324,-0.5982771980911,-1.39284717797454,0.0660971198178082,-0.7092145240384138,-1.604164161448627,0.04035241323992828,-0.7828342095747458,-1.7740740257179173,0.01797486553476957
4,0.0,0.0,0.0,0.38915831285215047,-0.04195874273126721,-0.0026046949393441804,0.5296416028568002,-0.34561970011478416,0.05309725559106396,0.31872493603873,-0.7024907471597444,0.0879444076830018,0.032815866232083234,-0.863347656641366,0.12664105158454161,0.2585010412949517,-0.8025854394294937,0.23498632820283546,0.3205256373230072,-1.0486142435505765,0.26242156971921216,0.37020916750529237,-1.2091659246031699,0.2654494516731812,0.4087732817717677,-1.339880045020849,0.2646200950678471,6.162136698540699e-17,-0.9802200464572215,0.19791073877736548,-0.06968559692650063,-1.3696902822300534,0.256331427531485,-0.09794947317506573,-1.610794245272613,0.23660144239587272,-0.11565242738734938,-1.802963618222158,0.2117687763005214,-0.22914449672270248,-1.0616985978793778,0.1332734994991952,-0.35812454842449803,-1.464809728976448,0.15222380032154798,-0.40638639597330706,-1.7049428994685913,0.09968063373653663,-0.4263288569671962,-1.8919399668417158,0.05981576557267536,-0.4434921680494714,-1.0610964132171723,0.05458785103407811,-0.6069200742690231,-1.3934462487710548,0.06277177121021205,-0.7168919222976742,-1.6018935282826228,0.037067318708052466,-0.7913261695996059,-1.7677523391011347,0.014511418470924057
4,0.0,0.0,0.0,0.38676551258544883,-0.04276645201214229,-0.009455435411929126,0.5381694738388917,-0.3462187475993802,0.03705133578980682,0.3291651910954907,-0.7052836798530475,0.06470368058663187,0.026225750270636075,-0.8699116939025296,0.0959094698764304,0.2601015586510043,-0.8126279504992865,0.1985166457953757,0.31706000106457743,-1.0773204818097633,0.21532973673114666,0.36610455587505897,-1.2483066751961007,0.21388026847232078,0.40469362237764156,-1.3861303508623595,0.20989425267968,9.205708489373652e-17,-0.9868877675811812,0.16140797439603924,-0.08199908965307266,-1.3942001190623479,0.21007195107029067,-0.1141694401123266,-1.6458908059845319,0.18921155845312265,-0.13820944488578776,-1.84883788388565,0.16270233192818986,-0.2302583302661276,-1.0625630458389235,0.09836685647060169,-0.3740503194110169,-1.4742674584019446,0.10949786217770541,-0.4290215134493064,-1.7270909629568987,0.05514565743847629,-0.4561192847903084,-1.9214765155657965,0.014239498057500863,-0.446289886922363,-1.0541074460122204,0.02124024776404932,-0.6239712715186061,-1.3926734078781253,0.02490070693169395,-0.7372997752113148,-1.606962887784642,-0.0014711434980213501,-0.8168113014258396,-1.7748082286817233,-0.024523614239288297
4,0.0,0.0,0.0,0.35075811363519527,-0.05421738817729274,-0.027214934712821538,0.4926999346486093,-0.34894835352216896,0.0032696584267196947,0.2872938619544826,-0.6977868091653867,0.017265563452133547,0.010860847880114304,-0.8542765325242797,0.0336117172496554,0.2513508057338758,-0.8190025191734451,0.16660666702103677,0.32044076533458765,-1.0577692151259872,0.17003806832466153,0.3702282077628562,-1.2157837125884978,0.15683943835717984,0.40695432170849477,-1.3472589469062535,0.14487906423595284,2.5721897958109532e-17,-0.9910768637260019,0.13329159833624915,-0.06390125027937124,-1.372596908515704,0.16771290397292185,-0.08607934479447085,-1.6030227186573796,0.1350570370390422,-0.09762301938374253,-1.7909600570763253,0.10023578204074295,-0.21210068079423386,-1.0586041255705547,0.07378606956031253,-0.3365715172726904,-1.453268589878301,0.07495953047507994,-0.377098676316135,-1.6843003707085762,0.012444110005895351,-0.389918479796679,-1.8704729586219353,-0.03518239643959698,-0.409094813203451,-1.0431570263197159,-0.0005743162760621331,-0.5681738144019957,-1.3703849591885713,-0.006416462387541622,-0.6672230666673321,-1.5781636426709316,-0.04144212972016437,-0.7287572616749722,-1.749754333983998,-0.07196990564006238
4,0.0,0.0,0.0,0.3609401618878042,-0.050843593215703954,-0.011522797499676322,0.5073441254093389,-0.35086817492788375,0.023566841788396388,0.3044408508138402,-0.7052027517200592,0.03987509388058446,0.015451931484471862,-0.8630176171295231,0.05783818474070331,0.2501171207346053,-0.8206213269862602,0.1632452293755614,0.31675017297501595,-1.0801062676117132,0.16548108278888576,0.36840293508613026,-1.251965379507863,0.15337000862026598,0.4082337417309963,-1.3920322018871696,0.14165244507111985,-4.2153088994844235e-17,-0.9926071171147512,0.12137178853894566,-0.07421876000379209,-1.401123937675847,0.15267513906611632,-0.10162109812691102,-1.6519553643582017,0.12205900582891413,-0.12141444783450359,-1.8533881520818671,0.08823339156284121,-0.21674302800276343,-1.0615762774667992,0.05591060975128039,-0.3549312112313454,-1.4730162409596965,0.05482455875519514,-0.40527880661731763,-1.7213949900864274,-0.0058671860870200074,-0.4288485066643377,-1.9111062120442006,-0.05154117535432484,-0.41778230332112615,-1.0458523172458198,-0.02295209392384767,-0.5901175985583754,-1.3828833764998518,-0.02900882961862096,-0.6952033849532889,-1.5971905150143195,-0.06156881330042487,-0.7662702902109173,-1.7656250786811574,-0.08975674493251429
4,0.0,0.0,0.0,0.347418912369569,-0.05433438176289127,-0.03548111813966719,0.492653519290605,-0.3520925304185049,-0.014821909393369692,0.2788282913420657,-0.7085802480504617,-0.009036488593514278,-0.013180985173693146,-0.8688508089906999,-0.0006852862030883925,0.2520541336002839,-0.8251665746607512,0.13500566515169468,0.3242067223305194,-1.079657175642547,0.12806077082631864,0.3736845677797282,-1.2516910537884363,0.11001332484600182,0.4103472055674554,-1.394609337204167,0.09439557283355496,7.480454411723822e-17,-0.9948086541270436,0.10176316462227526,-0.061619704692147156,-1.3883600925344004,0.12700807916100132,-0.08615667750528468,-1.632325402253283,0.09299242408832978,-0.10840750261440173,-1.8394797960813092,0.05640639932413402,-0.215551929963198,-1.05850572055475,0.04327718085515501,-0.3464840697711,-1.4611084239240342,0.03656142572841987,-0.3939779966258824,-1.7078757829834128,-0.028167951068452796,-0.42078910835189676,-1.9049010365440133,-0.07679626480703196,-0.4156001005002114,-1.0337532857114065,-0.030280382548678316,-0.5870778140266197,-1.3675402196853552,-0.04083957151211623,-0.693494314707222,-1.5781979499466117,-0.07636772622436283,-0.7703861147962368,-1.7512403315919143,-0.10678786744513656
4,0.0,0.0,0.0,0.3488291807025071,-0.05210605615404088,-0.05608382196781734,0.5006995401795266,-0.33503988191168665,-0.0501305736293255,0.2848596012167125,-0.6887622347355034,-0.05563519667196974,6.050376416899149e-05,-0.8576409830052761,-0.05866404855840765,0.26204582037796526,-0.8289943213464206,0.10533200609269143,0.3324770439613939,-1.0851237500466435,0.08784080206187946,0.3839368351124455,-1.2556296219118146,0.0616813976753358,0.4229839514888702,-1.3997643243742777,0.04102720671238558,-2.5264374471906208e-17,-0.9967881896912607,0.08008311240217474,-0.06694081315055117,-1.392744611338127,0.09417782765990787,-0.09201316635582028,-1.6314893483197848,0.05273988305289691,-0.11306272080024904,-1.8356007646187695,0.01199419592691121,-0.2173386516383847,-1.0559341671240208,0.029173903605945913,-0.34834727595810544,-1.4588709102730895,0.013747101190621532,-0.39378185498041474,-1.6953715549769104,-0.054642961443209494,-0.42123137056188253,-1.8908578166044627,-0.104999610724187,-0.4178044170829841,-1.0303011613594812,-0.038140662793795764,-0.5832385127513271,-1.3597046518105091,-0.05533455196667709,-0.6791896986083352,-1.5657108601414622,-0.09446278796848909,-0.7478950726489145,-1.744580920127636,-0.1272521901762274
4,0.0,0.0,0.0,0.33678250826895617,-0.056083206915546226,-0.04930883805033804,0.4833664930598492,-0.3404288874630066,-0.04375869568333533,0.2771307810398071,-0.6891656876998344,-0.051219703207612904,-0.006005040714358212,-0.8564572395266228,-0.056699360566007426,0.25099697988857134,-0.8326504692236569,0.10093871104358317,0.32755244793480653,-1.0816279700866989,0.07989719402260248,0.3807783026858917,-1.2495921882867433,0.05197435032622953,0.42250648461661733,-1.3889489348947877,0.029952104982451287,6.323339049096445e-17,-0.9975690229954073,0.0696853238493493,-0.05991914092377565,-1.3881082477277655,0.07910011473522462,-0.07896552668536813,-1.6239708999773916,0.03614823832195143,-0.0933687674419143,-1.8236757415488567,-0.0058576286001877165,-0.21262087489742595,-1.0551072999162305,0.01372722743648244,-0.3402858997207471,-1.4559208842594937,-0.0035602187415180037,-0.38169512043741594,-1.6916863151300716,-0.07270023547896014,-0.4022562224286845,-1.8811522010911266,-0.124356812341589,-0.40931659172222434,-1.0250738922854674,-0.05791287013561346,-0.5738843225756305,-1.3569152919456045,-0.07576268757710902,-0.6718068203419714,-1.5647008225160883,-0.11532088260502016,-0.7410543777124118,-1.7385570815757052,-0.14895650073357206
4,0.0,0.0,0.0,0.33947699901419004,-0.05200870224854108,-0.058596248930855216,0.48978911332798286,-0.33440025525596706,-0.05589589528196543,0.2833191490580971,-0.6887416279421208,-0.06388377544734913,0.0038274716497215663,-0.8558757678817742,-0.06866497587441138,0.2560810318414427,-0.8289887901162752,0.09253540736175225,0.33805754737104254,-1.084320082265726,0.07246532230988899,0.3927389752567805,-1.2551558681185542,0.047383606678215284,0.4342882817752685,-1.397509720882612,0.02774134241896059,9.503621548682467e-17,-0.9977015986160518,0.06776075648171888,-0.0487865322152959,-1.3915401335962612,0.07906653400082012,-0.06767260375432461,-1.6315117497868086,0.04029674852694527,-0.08493594128263211,-1.8364004048206655,0.0015926447926331573,-0.21689158608385403,-1.0569363427934753,0.017857479077852276,-0.33681716494091546,-1.4590154056416886,0.002245614394971789,-0.3794801214931848,-1.6989696253228772,-0.0632366704474596,-0.4038708647198313,-1.8929084695601224,-0.11151658629816248,-0.417171324518756,-1.0271795776767787,-0.04850822226466487,-0.5762054368824333,-1.3590606841628519,-0.06412945095839437,-0.6723254078231584,-1.5682048809981732,-0.10110378370980634,-0.7417060550102785,-1.7460576000683359,-0.13215852639942835
4,0.0,0.0,0.0,0.3401610189308134,-0.05086060842732274,-0.06212413138275478,0.4933667373477432,-0.32767740865624917,-0.06548128671952416,0.28684804706464495,-0.6787226515636456,-0.07958043667661842,0.006295237171182126,-0.8532141231142722,-0.09085614494062688,0.25814022622352856,-0.8310979718148597,0.08552981564960938,0.3401643590345503,-1.084308477666752,0.060131464516808494,0.3913940670286302,-1.2567961187279013,0.03074596980546578,0.4266403224926634,-1.402594572287535,0.007904285457826921,4.2900450910144396e-17,-0.9983037487717961,0.058220487701311226,-0.05683179987840352,-1.3955650181091996,0.06361171072804025,-0.0845157216301104,-1.6401355952499805,0.01949033864277258,-0.11108037208328807,-1.8511713311989477,-0.023406577174216493,-0.2170259981949264,-1.055136600861869,0.005442216375831262,-0.3423543569280737,-1.457281338412777,-0.01645407837995631,-0.3886329590579664,-1.6985199736798375,-0.08561159463516942,-0.41761112466547395,-1.8959929381894798,-0.1367581020964331,-0.41922256420265946,-1.0269587507935185,-0.06392231507348801,-0.5823328478545666,-1.3533464744308545,-0.08577450503539713,-0.6814941357746782,-1.5629305321972677,-0.12593494248530407,-0.753997940117754,-1.745199716043949,-0.15956199136228139
4,0.0,0.0,0.0,0.3392562110890606,-0.04841609061236077,-0.07583691598090471,0.49042302616195044,-0.3164760870669829,-0.08940003023749543,0.28173563906817506,-0.661878334760642,-0.11299032980006796,0.009195259301533783,-0.8323355251665725,-0.1340589596451187,0.2594921199304434,-0.8330185323636546,0.06963284306039322,0.3430213679565165,-1.0996014180620273,0.03668255035131994,0.4032441695556023,-1.275731107608305,0.0006671263165746041,0.4483615022785458,-1.4279485379709551,-0.02675335968204715,2.7771605250973274e-17,-0.9989388471368559,0.04605626646711104,-0.052443914484807674,-1.4042542041295818,0.046632252644088566,-0.07279071505486694,-1.6527619409678693,-0.0011225354091116521,-0.09610130643556168,-1.8713821761140175,-0.04675750167244903,-0.21684287529903248,-1.054245404996451,-0.004214650765925587,-0.3405337935810511,-1.4646719394337202,-0.02812221104667623,-0.3872076762256005,-1.7120529511377456,-0.09977962996885896,-0.4209041579730917,-1.9166713659082069,-0.15280044936125217,-0.4185675815871439,-1.021476256767599,-0.07259320099219044,-0.5864601669843132,-1.360113108319677,-0.09544690227758656,-0.6899824880648827,-1.5751166769104337,-0.136861364190702,-0.7684642808688334,-1.7636862092351302,-0.17160981053932614
4,0.0,0.0,0.0,0.33431891096566313,-0.045076099924289466,-0.09073164672076009,0.4875830400550954,-0.307726192477223,-0.11690754315917427,0.2795750928952631,-0.6499274925171065,-0.15089834399755472,0.007457463900514015,-0.8239417133826417,-0.18287361814885975,0.2602084548537248,-0.8349788658597954,0.04231679931953004,0.3421386906262517,-1.1015900192432198,-0.0006164448933334127,0.40120536368697135,-1.2766836630648855,-0.04200059380360044,0.44686112737821876,-1.4270865729813007,-0.07304323447652512,6.175533796072355e-18,-0.9997747736767367,0.02122267465777548,-0.05569391343172673,-1.4074776613023863,0.011061340480976213,-0.07954056618676197,-1.6546599169998202,-0.041804203796181265,-0.104618792496221,-1.8743104739544416,-0.09094742879209632,-0.2149281821832596,-1.0498763332159955,-0.027101779960752807,-0.3382942898192877,-1.4588490905634945,-0.061292962509348695,-0.38872735264586616,-1.7062518271647562,-0.13806681621640005,-0.42637575549776213,-1.9162967010527354,-0.19427786878384215,-0.4119255615038519,-1.009707133691215,-0.0942150225398571,-0.5725065044751447,-1.3428240941863145,-0.12661643530431327,-0.6714815933456639,-1.556428333719483,-0.17303728359005502,-0.7480922713984154,-1.7505527567656105,-0.2111153137175483
4,0.0,0.0,0.0,0.3354084171378271,-0.044004841182630226,-0.09012166619743453,0.4905210883605623,-0.2996080765382941,-0.11774792536536599,0.2876267821527102,-0.6335336930563732,-0.15312938176981292,0.022704098167218675,-0.807553194583301,-0.18666533067603577,0.26284346662707603,-0.8354564502573638,0.03859004245933583,0.3420224943314754,-1.1000323734618926,-0.005145174742718091,0.3959415858143476,-1.2759048732899934,-0.047389327237834615,0.43646316763603177,-1.4261293143662255,-0.07927353711777788,-1.3164263887103612e-19,-0.999862908049859,0.01655793181769148,-0.05992021654074603,-1.4057268809073065,0.004267550679264691,-0.08667858224243938,-1.6522222809102753,-0.05016753472579466,-0.11403785058328013,-1.871184387809583,-0.10067628520618818,-0.21626660079547633,-1.048597765928062,-0.032295564643710736,-0.34628540570956007,-1.456845284284304,-0.06792189269369381,-0.39638008938555064,-1.7012075731134597,-0.1463964573996698,-0.4332862756199727,-1.9072826424305485,-0.20426396454237694,-0.41488525136927695,-1.007397755007805,-0.09950495832681659,-0.5798253141715508,-1.3357150484686786,-0.1328488749908179,-0.6824555323527104,-1.548537726445491,-0.18074489201805255,-0.7618502963246516,-1.742390953503975,-0.2203068667787768
4,0.0,0.0,0.0,0.34133179739018604,-0.040057505433784266,-0.08703038747219931,0.49693161168835326,-0.3035669801792055,-0.10918522651190107,0.29394097147805753,-0.6451796282385895,-0.13844270333838837,0.03418924531370519,-0.8140587117708842,-0.16587565797844583,0.26399336409255664,-0.8334014558710859,0.04031668048567145,0.3392435618699377,-1.1081171023444332,3.655022383837094e-05,0.3924262563707208,-1.2883383284273557,-0.03863043313465041,0.43065477038580047,-1.4404544805237458,-0.0682959444852443,4.473916987013957e-19,-0.9998185713665071,0.019047948725172802,-0.060890167099085984,-1.4139626522774975,0.008852386436355558,-0.08755778618738622,-1.666520211472196,-0.04370170166701082,-0.11634661240218344,-1.8895805471269673,-0.09299199624631153,-0.21654768234917057,-1.0489853590869487,-0.028222614043157828,-0.3448413870011358,-1.4578830036174082,-0.06219847085467491,-0.39592656987740615,-1.703847841387753,-0.13948311513027745,-0.43492418461952403,-1.9111638781531575,-0.19628184380414787,-0.414960755259509,-1.0076026064180355,-0.09347415246477493,-0.5782600897093784,-1.3336480647191193,-0.12654201318116476,-0.6821753960018302,-1.5496568813714993,-0.17470533594229043,-0.7638895088586116,-1.7474919771627608,-0.21401232717115184
4,0.0,0.0,0.0,0.3356390458435418,-0.04427341108395533,-0.08426859999230495,0.4944507375374053,-0.2945098539905155,-0.10781502648142087,0.30459659031426095,-0.6223554704899925,-0.13961230144728495,0.04878484133224776,-0.7894607446738511,-0.16969315351073336,0.2605243831972407,-0.8364782850822042,0.04327332164462518,0.3313216106858146,-1.1129295725916641,0.002573970682499305,0.38092899873866287,-1.2940780687872784,-0.037019076086552465,0.4162152014856963,-1.4502654690762826,-0.06727944178879966,4.767571039125498e-17,-0.9998124833394163,0.019364869188033988,-0.0622112149784492,-1.4145737649962464,0.008437560979550061,-0.08896928675986449,-1.666668245751017,-0.043924336810805535,-0.11627796128035583,-1.8890808179586234,-0.09289809040650236,-0.21435489482532608,-1.0475267290930212,-0.03051973858173817,-0.3450448285666978,-1.4602288658096922,-0.06507190059390372,-0.3965188594982987,-1.7060201333910334,-0.1409601658255229,-0.43237576981269443,-1.9118094929582137,-0.1967434089565736,-0.41231749295314984,-1.0064620032153222,-0.09836739492806437,-0.5788248894411706,-1.3355986777135596,-0.13156469278731991,-0.6836401447628462,-1.5511443860851732,-0.1785015374380608,-0.7628266604992953,-1.746875709642914,-0.2168940272835405
4,0.0,0.0,0.0,0.33445595640220876,-0.04936560293950569,-0.08362002968182482,0.4923514769070685,-0.29654240650443425,-0.10764933158197094,0.30529719374829056,-0.6222807279244723,-0.14036853988929707,0.05255241662640813,-0.7921798342873285,-0.17108557816017345,0.26271630255387857,-0.8363017785778304,0.0478515710850614,0.3321573295051954,-1.1074307124597258,0.007100697772820346,0.37502112732397647,-1.2879751503313461,-0.0335136317477393,0.4008273785087274,-1.4469585298184333,-0.06416133825438484,7.020251973641287e-17,-0.9997263939649633,0.023390964277067158,-0.0639619466905592,-1.4091471790102987,0.011062992476120718,-0.09547831472192425,-1.6603405496879575,-0.04281611747364413,-0.12673959599621445,-1.8819408273369962,-0.09214607540673092,-0.21505331290807952,-1.0479638059026546,-0.027322684207865454,-0.34166733198838284,-1.453136865074896,-0.06323873806874947,-0.389473136208415,-1.692871855731216,-0.13879112187425302,-0.4213784625997339,-1.8935058709902957,-0.19370035541707523,-0.41592187535009145,-1.0109361744259573,-0.09613189961630585,-0.5790421256001963,-1.3342753180267675,-0.12956244921375815,-0.6817251224395606,-1.5472391095269884,-0.17623464885671505,-0.7563811424519564,-1.7409646373169696,-0.2143154365554657
4,0.0,0.0,0.0,0.2166474389915678,-0.34337318733384536,-0.1591791257726216,0.3456997972360161,-0.687770030916064,-0.31228277373722185,0.3542813552547227,-0.8864353462202048,-0.4536799001826274,0.25767156820750237,-0.9503353668603064,-0.6062573343041744,0.1425009296769244,-1.0717438842722535,-0.37333340551647176,0.1380313358927478,-1.5265995217514134,-0.5624092301600433,0.1544865515745995,-1.8181794373199436,-0.6932541419122265,0.16633511982609167,-2.067637797576265,-0.7961541985465743,5.936741913675498e-17,-0.9074039457326697,-0.4202595379866852,-0.10831652181115448,-1.3090978437195855,-0.6212857934371394,-0.1491831035369422,-1.578364821984802,-0.7605392842118915,-0.18440860970187184,-1.8498560675300646,-0.8762024637850107,-0.11116343558927518,-0.6517403344492761,-0.47289783284312015,-0.24338837328666554,-0.9161717869131762,-0.6751906546887808,-0.3090547347963935,-1.1341824142718457,-0.8226748710760986,-0.3532201096865633,-1.373254159952033,-0.9294931239636586,-0.1941154798928944,-0.3206018358643585,-0.5346016308085699,-0.35985952580446184,-0.3775197326173911,-0.7021571004343713,-0.4531349153253787,-0.438357047002692,-0.8108366844372193,-0.5193614515573137,-0.5243850510882065,-0.8984557017581334
4,0.0,0.0,0.0,0.21383610148781487,-0.35313580344928663,-0.14648251699128897,0.3319455823944661,-0.6666824454613168,-0.2988229974546185,0.3295126686532906,-0.83869272725396,-0.44220912950383745,0.2283574237186787,-0.8687478688933986,-0.5974517832738776,0.13039564008420057,-1.048389861765071,-0.37886327959291,0.13466889976642663,-1.4980790809230753,-0.5761697453033211,0.15244383327470154,-1.787590064159245,-0.7123763086291015,0.16586766583407156,-2.036707624923653,-0.8175426626177159,4.307663698043291e-17,-0.901288339110145,-0.4332197246018194,-0.10910521416396991,-1.31537726255624,-0.6470154089138729,-0.15411124054386427,-1.6030165849810196,-0.7948716678802783,-0.19270420120880513,-1.8833308718283315,-0.9150418531673074,-0.1017718275875965,-0.6604285679616905,-0.49112066127800996,-0.23737131837913664,-0.9356812837383692,-0.7012438653488616,-0.3063953760246606,-1.16782549268295,-0.852250802770959,-0.3552335460914287,-1.4124325828716875,-0.9599563118557768,-0.17592021972703764,-0.34544738782544154,-0.5564027810746228,-0.3326623932647119,-0.4535905921400658,-0.7316112204688444,-0.4209933413650938,-0.5606832331704644,-0.8458091047326256,-0.4871644112701599,-0.6785864730741858,-0.9370549664791117
4,0.0,0.0,0.0,0.21075944536515778,-0.34185205703423605,-0.13388262080544716,0.33082614323683296,-0.666450576150911,-0.2782144204698248,0.3256984312748098,-0.8357052152595835,-0.41534205783297823,0.22358260058830057,-0.8516424662348189,-0.5641345918006005,0.1399174130361959,-1.0512211536562364,-0.36875436491876273,0.15336294668628142,-1.5037493709261178,-0.5630234039345816,0.1765362100689516,-1.7921606754508848,-0.6951709232667038,0.1929256435721221,-2.039843508784227,-0.7962011427316031,3.038505929155031e-17,-0.9043822464539556,-0.42672327367850116,-0.1022643712009947,-1.3177833925079148,-0.6366519530952066,-0.14081735210107948,-1.6034995622652892,-0.77789136610642,-0.1744223760857517,-1.8797249397152356,-0.8920078425030386,-0.1110340838337083,-0.6620885110204001,-0.48729530686820455,-0.24375811617051454,-0.9392292223727291,-0.6920288024674814,-0.30519594245431214,-1.1731539900953263,-0.8356045787120574,-0.3471393667542336,-1.4144016093711869,-0.9369908700737496,-0.19512219537515596,-0.3466186925386809,-0.5546802447980888,-0.3519332149751907,-0.45180199275490623,-0.7230484489437391,-0.43463810530133534,-0.563177961982773,-0.8311900951155647,-0.49482800411531863,-0.6859478440197445,-0.9172935137008048
4,0.0,0.0,0.0,0.2098618611887371,-0.33781530856734493,-0.13220162405817543,0.33569847864536784,-0.6773594858351654,-0.26933178503369176,0.32192673747791484,-0.8536743892642797,-0.39937252588357464,0.20548494662221528,-0.862336700748449,-0.539891860951698,0.14561427671907945,-1.0595630537242922,-0.34400820268897747,0.1640609462541927,-1.5071120851324145,-0.5251799186764665,0.19282893438057483,-1.7938797820785997,-0.6472629634380119,0.21573626568594467,-2.037690838767263,-0.7413730757337741,1.1282092954966944e-16,-0.9173393344902412,-0.3981061986417711,-0.09472147747777517,-1.3338841730556754,-0.5898774018781936,-0.12866902363307528,-1.6188946025764102,-0.7190426037548764,-0.15761065544892325,-1.8926863796400666,-0.8252436691344842,-0.11894210373880001,-0.6774213527873216,-0.45617454211732106,-0.24390039820729933,-0.9674273645674898,-0.6470259506330172,-0.30354194881107144,-1.2056793687666265,-0.7819256602371132,-0.34354159329744866,-1.4481350568637446,-0.8779318160437426,-0.21482867532218944,-0.3569305248927388,-0.5218203122553925,-0.3713975865464581,-0.4689402515905733,-0.6786291508359712,-0.45807104234452367,-0.5748439144464657,-0.778344716149316,-0.5228674930851772,-0.6895237752030243,-0.8581063018755659
4,0.0,0.0,0.0,0.20372393770567962,-0.3486829205874833,-0.10288616442213107,0.31830821253442904,-0.6888740829124007,-0.2224337014441366,0.3100315134759512,-0.8617418235709133,-0.33915248746681276,0.21244987902338597,-0.855748842495996,-0.4667486221858222,0.1334107442171464,-1.054116759929483,-0.3156933087849835,0.14847749282096312,-1.5061805685895557,-0.48611382257513963,0.17364524269774756,-1.7926998043813256,-0.5992908754754228,0.19368435299671227,-2.0371279958885746,-0.6867109589972076,-1.7541350438820258e-17,-0.9261863951012635,-0.37706599094764015,-0.09803082759050818,-1.3451202532490518,-0.5589839176834535,-0.13733577261586957,-1.6292624061770338,-0.6794556079487196,-0.172062925692047,-1.898039886661373,-0.7794367599281592,-0.10703772617305025,-0.6978408180167336,-0.4400198183065796,-0.2316208629704161,-0.9850478799447723,-0.620301599003017,-0.29681188959802196,-1.2228693381524365,-0.748259483271359,-0.3424404512390032,-1.4668375112726155,-0.8400108688486582,-0.1909184876814594,-0.39047172205879194,-0.5080153991744397,-0.3455772604112347,-0.498116742365522,-0.656247316845734,-0.43069682898063577,-0.6069200150511331,-0.7519561249205452,-0.49455101155317166,-0.7259851493645266,-0.8294055133727309
4,0.0,0.0,0.0,0.20687818333633798,-0.3389822243227524,-0.11698505640284892,0.3251136697744941,-0.6756278418387378,-0.244801664003006,0.3157279510906272,-0.8495566098095366,-0.36746589851641526,0.21269149768443604,-0.8562139950820514,-0.5006606935721645,0.1364275602028207,-1.051771935666207,-0.32856497353325664,0.1542005957212176,-1.500945587244627,-0.5042077561887197,0.18059688260821613,-1.7862617893431973,-0.6211561612612412,0.20001058207605277,-2.0283285467146297,-0.710837463539758,-3.702605407345539e-17,-0.9229083535056096,-0.38501970213167624,-0.09443529475436205,-1.3407198385598993,-0.5717399601454348,-0.13246940655082362,-1.6219781057442795,-0.6959647669800352,-0.16874090414934895,-1.8907875395374376,-0.798057748580367,-0.10978447496391333,-0.6943831676324511,-0.44439457686212097,-0.2301119066692461,-0.9818032266183095,-0.6281638074179522,-0.2919504249769663,-1.2218118692104765,-0.7591645510311049,-0.33735890264275153,-1.4688118328283009,-0.8528389479562274,-0.19853659839355822,-0.38422432793850375,-0.5098877041994194,-0.3509547284209471,-0.49718223681346757,-0.6605908473769213,-0.434901609822679,-0.6093874322796914,-0.7586843137421894,-0.4993201457640795,-0.7320458475791024,-0.8377828952995654
4,0.0,0.0,0.0,0.21105955867064422,-0.32478886164155923,-0.1257823182358593,0.3314357425833669,-0.6636750353132601,-0.2542109089055436,0.3149657866704629,-0.8289157303322687,-0.3766311612080136,0.2165746287490419,-0.8356720208847148,-0.5092457783100336,0.14208270053067396,-1.0537856753904389,-0.31837924484139934,0.15686115614520818,-1.509268441618065,-0.48515653776266543,0.18334017910745803,-1.797098437061563,-0.5959077646597948,0.20526452640209394,-2.043859516874077,-0.6817356012578335,8.824148284579853e-17,-0.9299732846975294,-0.3676271069288663,-0.09757651618612946,-1.3568678664171732,-0.5393602076000464,-0.13341669696517894,-1.6477389312311177,-0.6554500266089501,-0.1690906920661154,-1.921279136956888,-0.7532073111646063,-0.11160025636391564,-0.7070236680959259,-0.42186456176898524,-0.2399140365181549,-1.0102433573378322,-0.5938449416996063,-0.3070645294782647,-1.2547085026965272,-0.7208045447232282,-0.36028135896778746,-1.5080196888927762,-0.8130953989855113,-0.2031408980015288,-0.3949478394750303,-0.4835727148080449,-0.359619926960063,-0.5191080069764903,-0.6263088750037966,-0.44679053941509733,-0.6273276327861688,-0.7203849703750115,-0.5168835743571738,-0.7445341474549876,-0.7969005593272812
4,0.0,0.0,0.0,0.2108151676305708,-0.31869940957674514,-0.13642698864148128,0.3352705745989763,-0.6528427902734301,-0.27348817365042905,0.31874051386954433,-0.8112422912042818,-0.4030004237936058,0.21461390863186108,-0.8174421690607122,-0.5426730109357105,0.14511667913037762,-1.048698786528238,-0.3358709233181993,0.16748436810920558,-1.5022864029328367,-0.5112780549533591,0.19996386136296268,-1.7895650098884985,-0.62837278412782,0.2279617812062663,-2.0378524092723564,-0.7180445598975533,1.684816411149575e-16,-0.923963686296687,-0.3824802039387626,-0.09241081198359774,-1.3527678893815562,-0.5632691386446989,-0.12538422322750528,-1.6428545655073326,-0.6848154460686423,-0.1576014235073432,-1.920914598718675,-0.785617138150754,-0.11503397499016266,-0.7007418631197397,-0.4346106507894298,-0.23851708849176792,-1.0107167596385498,-0.6131245408540147,-0.30340256633926244,-1.2534708658933964,-0.7422474339038982,-0.35426625315426774,-1.508764218511289,-0.835417848986897,-0.21058390494762938,-0.38914694888247786,-0.4951442662711307,-0.36381753850668563,-0.520945548476876,-0.6420639873039216,-0.4498347948656602,-0.6358245455942654,-0.7379660312455866,-0.5198918738214461,-0.7613026312850445,-0.8156308318869074
4,0.0,0.0,0.0,0.21203249150589878,-0.30668541457720205,-0.14294641037355602,0.34200780803707787,-0.641672909804089,-0.27873004292264303,0.32231935036130427,-0.794770444057207,-0.4051134180861986,0.21496754792351236,-0.7912870535643215,-0.5410721691083207,0.14845808560584986,-1.0429034692548778,-0.3322481674636039,0.17296904929055346,-1.4843185975819344,-0.5032072657855792,0.2052693712944946,-1.7645397003057177,-0.6177287052829492,0.23134120989982243,-2.0097170614575943,-0.705903282771674,5.624467995379968e-18,-0.9278632700309788,-0.37292057080217345,-0.08998870675974983,-1.3554663856083455,-0.5474317678023111,-0.11656084011866251,-1.6594144185821185,-0.6674614221068154,-0.14526443670146325,-1.9538144345903519,-0.7683056044598952,-0.11853487768923641,-0.7095657520600677,-0.41991544678893195,-0.24103556745159407,-1.0189566434185577,-0.5916914274736091,-0.2982535499876873,-1.2632616214838737,-0.7183476161946414,-0.34434448059140116,-1.5198478455105944,-0.8105931548234334,-0.21902456426788816,-0.3966043710894318,-0.47636819661300883,-0.3729074125040033,-0.5316365189418929,-0.6194841275222092,-0.4554067741460645,-0.6445053591341389,-0.7138569503011538,-0.5227505941183518,-0.7692317914558481,-0.7900920320412638
4,0.0,0.0,0.0,0.20775326787735937,-0.30965845989311924,-0.1270427807029677,0.3337936163280437,-0.6592310499975546,-0.25464754148157054,0.3108804875861625,-0.8105132553022412,-0.3750759871833381,0.2046136035509035,-0.7767189589117621,-0.5053506237401807,0.14714815172976503,-1.0398681113220238,-0.32499719432738444,0.16891695829866987,-1.486227856690593,-0.49618277963334423,0.20124372043254599,-1.7745601365325232,-0.6102659595535767,0.22889749417156632,-2.025067969830956,-0.6976437418610754,1.4568601907493362e-16,-0.9283032597734806,-0.3718239608926918,-0.08783660183034823,-1.360462387948649,-0.5471966232087436,-0.11663911794966209,-1.6695695545047318,-0.6666801804016285,-0.14843945857468682,-1.9689103520892839,-0.7667633458110723,-0.1180812287804793,-0.7138445785567648,-0.42317708624760364,-0.2323853792807113,-1.0235098652697752,-0.5934539633446766,-0.2868972465874922,-1.2656471840929662,-0.7165303462832258,-0.33248108015500344,-1.5179279210178733,-0.806129138287554,-0.21858599131408998,-0.40904342404035837,-0.482947998793481,-0.3731555681208065,-0.5387100972260475,-0.6228844015301382,-0.45767586321504955,-0.648562859816307,-0.7146682668434348,-0.5280941859364923,-0.7714142684181965,-0.7893509645613467
4,0.0,0.0,0.0,0.204252409029015,-0.30583502798150614,-0.12661722055807434,0.3271228944159017,-0.6512872455629742,-0.25426327222861045,0.30876781754654203,-0.8067119590400053,-0.3748854006631131,0.20679486547410283,-0.7807820286647391,-0.5054314223114114,0.14411238053420136,-1.0386944027459413,-0.3249904361731497,0.16438252657127558,-1.486499320103064,-0.4973170972843319,0.19607134152994984,-1.7755784654812634,-0.6124317498911236,0.2233879125650988,-2.027086311354876,-0.7004329516135418,2.8420879171500736e-17,-0.9280459120122768,-0.37246581748839924,-0.09269580868244733,-1.359351616179793,-0.5499978951603883,-0.12306045078243742,-1.669546534855688,-0.6711124043218025,-0.15550058328986088,-1.968419891258967,-0.7720357390052641,-0.11598440914351266,-0.713797600350961,-0.4246053476718979,-0.233519950872313,-1.0240665986239748,-0.5977556362251351,-0.29026791041532435,-1.2700352981938972,-0.7228843977948262,-0.337551541605355,-1.5261160700428202,-0.8134159288224682,-0.2141999779649825,-0.41118018178524685,-0.48483467899345944,-0.3698887956936528,-0.5451586942037455,-0.6270372669192217,-0.45555528372160753,-0.6562025650322544,-0.7202535071436019,-0.5269933468468267,-0.7789575121093624,-0.7958525359562577
4,0.0,0.0,0.0,0.2067929361637343,-0.3084954607076276,-0.12066800544088915,0.3277215568757299,-0.6546023442659046,-0.24687736052509573,0.3139710546741064,-0.8146277905771192,-0.36767949779487435,0.215615354933621,-0.7952458823294912,-0.4989773702143466,0.14414113266179798,-1.0398069654006192,-0.3188512620787248,0.1658986452895654,-1.4966048606695326,-0.4887806696210154,0.19824290792884638,-1.7878179816864168,-0.6025727895753616,0.2253813623606178,-2.0378486181179074,-0.6904670326270321,8.31846034860681e-17,-0.9288055082789787,-0.3705675752013765,-0.09552028706581114,-1.3684789981875816,-0.5457901971500383,-0.1289891566451764,-1.68077824654621,-0.6672442034957328,-0.16300976811966214,-1.9767194017644925,-0.7693855234532088,-0.1148116266116358,-0.7161560190263048,-0.4266826247567269,-0.2302195668222288,-1.0356620730728454,-0.5991505439088294,-0.28827496103118044,-1.2924173478136811,-0.7277750029183567,-0.33592479691697735,-1.5580516179551933,-0.8218225899671967,-0.21049265239318407,-0.41870505771811445,-0.49012465057399895,-0.3638412097017057,-0.5540614729615989,-0.6328632405643547,-0.4492672811657073,-0.6652271250084224,-0.7283926843682607,-0.5195150127979522,-0.7892618767289622,-0.8067209831679567
4,0.0,0.0,0.0,0.2087774240095473,-0.305971205514418,-0.1350067487704288,0.3266016396857906,-0.6088483739830074,-0.2762596062049786,0.3291120733735365,-0.75537213027549,-0.4110725097700494,0.2493586751821232,-0.7699695164582238,-0.5579921569213206,0.13502619135391541,-1.0309806828876904,-0.3478809003790412,0.15410346072484551,-1.4775144932349231,-0.5343278384785404,0.18306016589536087,-1.7553759636862907,-0.6624781468728749,0.20450560580940905,-1.9994139309356664,-0.7605403929770613,9.913342237867579e-17,-0.9164621816629642,-0.4001213185792029,-0.10368280358261518,-1.3444213070807949,-0.5999489528704202,-0.13877112985753282,-1.647692822365361,-0.7387654821074433,-0.17188275954457508,-1.948385662322946,-0.8522403171505892,-0.10693328945895196,-0.697932960828278,-0.45696519900349697,-0.2344638583320326,-1.0113348341385597,-0.6510391562818599,-0.300064454942422,-1.2642142120979156,-0.7927112787732977,-0.3511281821424451,-1.5325803058301892,-0.8952796743816928,-0.1939452856467007,-0.3965025865915957,-0.5212280371225273,-0.34769568215384034,-0.5277764934175808,-0.6818671212844242,-0.4338406198138841,-0.6433573734477481,-0.7882847463768785,-0.5041149289200973,-0.7782850000371178,-0.8749822550975788
4,0.0,0.0,0.0,0.21697370602857322,-0.31154627653780353,-0.13817677689531963,0.33159251732936207,-0.6009097326212468,-0.28464813041268294,0.3293951341779631,-0.7424025261881017,-0.42600947820885815,0.24796428608375776,-0.7624799663029311,-0.5804819042174588,0.13801569716017792,-1.0341753543748473,-0.3492911476537409,0.16024365520687225,-1.4840462996531407,-0.5428458774494672,0.19175906655091335,-1.771736986875086,-0.6790837166945746,0.2179585419318864,-2.0203287215962433,-0.7823859751456191,1.534041896632736e-17,-0.9147331943319985,-0.40405839081397404,-0.09922754712072297,-1.342062347555197,-0.6113274817779684,-0.1354031956178467,-1.6444702149348067,-0.759122960627351,-0.16824443544865772,-1.938552049123226,-0.8784574486267664,-0.10623073006216915,-0.6969290126350521,-0.46451626138022234,-0.22802268509102136,-1.0098605737162583,-0.6668757494923832,-0.28977403416757325,-1.2729704553026289,-0.818047483752613,-0.3377451064810977,-1.5428523535125147,-0.9266524535288584,-0.19026253838252982,-0.4048226123859192,-0.5325691149829589,-0.3431883942978924,-0.5380196357671493,-0.6996568109462574,-0.4304054834366738,-0.660931063697996,-0.812999017015524,-0.500986711353189,-0.7982032763875416,-0.905338699704296
4,0.0,0.0,0.0,0.214416718622974,-0.30800074959170204,-0.138119876856362,0.33278083618440385,-0.613567898913314,-0.2810356645781008,0.32241471755222184,-0.7525510886431472,-0.4175845203893105,0.2301311785611347,-0.7449106173726393,-0.5672006106921219,0.1400888880521338,-1.0297769457056891,-0.3524201372074753,0.1640958252626225,-1.4782343123159376,-0.5443747974391117,0.1962392402202743,-1.764468665860591,-0.6771547574614506,0.2232623459447675,-2.0140330678177163,-0.7775684929024137,-1.5227631158212713e-17,-0.9145038233675404,-0.4045772572033064,-0.09976260436607014,-1.3432285801979498,-0.6081030201888931,-0.13458915395625168,-1.6467392994044179,-0.7503141776205021,-0.16588147709678955,-1.945947796935746,-0.865879430358122,-0.11006733579865753,-0.6969775278106628,-0.46199088947731837,-0.23325247641029354,-1.0143632831884235,-0.6606839235226736,-0.29622091311636417,-1.2757050763699422,-0.8064279975979834,-0.34520499236118973,-1.5469019089695746,-0.9111605524194858,-0.20019222911507745,-0.4004164443635254,-0.5272783140916109,-0.3539885856380152,-0.5397745964506455,-0.6920191520418588,-0.44017098409020317,-0.6623750948573603,-0.8018279927385712,-0.5107143437326364,-0.8000139915881914,-0.8909383219177874
4,0.0,0.0,0.0,0.22170592074012008,-0.3125624518431229,-0.14315442042371096,0.34121432602866075,-0.6017796405867764,-0.2952453326176938,0.3376628034670372,-0.7322230957467657,-0.4421143593837679,0.25230207372066826,-0.7353833355747481,-0.6029313089008119,0.14612073104822165,-1.0364417128182073,-0.3614153952546355,0.1755595804558472,-1.490376923258805,-0.5609703540023437,0.20984205922731483,-1.7814171278245732,-0.7014826180386222,0.23750050653003865,-2.032986226386354,-0.8077205262547371,2.0879989313859476e-17,-0.9086196190843426,-0.4176246973240737,-0.10074146521577709,-1.340028008343221,-0.6295698100156696,-0.1372989095401298,-1.645552971966663,-0.7805896534795683,-0.17044098331000704,-1.9418611212377455,-0.9027811127636306,-0.1132773751820987,-0.6857958876198484,-0.47993863090926525,-0.23295712763739504,-1.00221118488742,-0.6852113540001616,-0.29293008608844606,-1.2697131132427564,-0.8384816295702021,-0.3408438319623499,-1.5431453368118868,-0.9493254371139346,-0.20453915180812451,-0.39208173406109786,-0.5504446255081216,-0.3559612291446887,-0.5333653950718376,-0.7205467522341615,-0.44179898639139575,-0.6578125922957371,-0.835981960713226,-0.5127908528024725,-0.7938680299192797,-0.9303985682726944
4,0.0,0.0,0.0,0.22684474406987062,-0.3151932079687856,-0.15719774165109582,0.34581531868998183,-0.5867362605901439,-0.3213177393009795,0.3407908662243352,-0.7036866315902163,-0.4788423391228282,0.2610455804553629,-0.7153023709552763,-0.6518354137862203,0.15265374281934507,-1.0325587784574992,-0.38358825620911957,0.1868675675034723,-1.4848200773955014,-0.5962580099953178,0.22288269646274195,-1.7800762735578177,-0.7482584596385174,0.2514070030096927,-2.0356917919121353,-0.8626672137001038,-6.444311747398104e-18,-0.8983383131385475,-0.43930430813661403,-0.0993518188714227,-1.3378382805633677,-0.667272267579892,-0.1353960297205311,-1.6515749964520818,-0.8331032009472735,-0.16682239547682526,-1.9563291872360278,-0.9657193231171529,-0.11844054206804525,-0.6704993764880559,-0.5020560432156229,-0.23419552541144964,-0.9978760379746152,-0.7224112484072187,-0.289865341982869,-1.273128648558524,-0.8886218948189806,-0.33477421657381173,-1.5522077730477377,-1.0079907775018686,-0.21338152255539306,-0.37845123664309066,-0.5732307502688061,-0.36241188040681294,-0.5267656548352255,-0.7564818074686301,-0.4481402019192497,-0.6498785269068008,-0.8818127944478932,-0.5193220438919278,-0.7848287774558109,-0.9838054164322896
4,0.0,0.0,0.0,0.24474043559773961,-0.33848522757867466,-0.15218875752255695,0.3695455476733254,-0.6161878173479691,-0.3113985868563872,0.35311350753924775,-0.73316406832913,-0.4637921329448131,0.2558382778769952,-0.7139603892985795,-0.6333416372384507,0.15793899429003808,-1.0368412583013191,-0.39175766657203537,0.1979080420864071,-1.5032538503510473,-0.6066937178459371,0.23482782593039983,-1.8066254714438343,-0.7601138341286177,0.2615833972849539,-2.060763908211105,-0.8762039872206504,4.577546383327007e-18,-0.8925276669802448,-0.45099264259497757,-0.09275173139057981,-1.34337054293369,-0.6845092507332758,-0.12727747052881605,-1.6625872197818583,-0.8565324755128474,-0.157322080058323,-1.9630855441038129,-0.9940906316121322,-0.1225865292545252,-0.6597508049116705,-0.5155417983186816,-0.23597558745152433,-0.9916806696857227,-0.745541188971427,-0.2889960109567922,-1.277638440650227,-0.9239387294748902,-0.33155526297856536,-1.5568304379283602,-1.0509875108879467,-0.21948235695261645,-0.37437634849016355,-0.5870186481079493,-0.3694748430777606,-0.5267182701149427,-0.7810249007640129,-0.45269128539092424,-0.6613718922376066,-0.9173710243456638,-0.5226272543461635,-0.8024096128173432,-1.0274623385462405
4,0.0,0.0,0.0,0.24313210614962968,-0.3394677509804972,-0.15496661371745526,0.36403141060492716,-0.6176699464678621,-0.31350770096864794,0.3344516560059546,-0.7244173558731437,-0.4648788521689495,0.23289950028756348,-0.7101309828717819,-0.6327149159420734,0.16852577858196063,-1.0400566164830658,-0.38461296442054055,0.22431658281855812,-1.50706334889424,-0.596393764061403,0.2731079150431102,-1.8151253087503931,-0.7471108870198423,0.3095970896782784,-2.074047629566338,-0.8609713171809338,4.667693095300828e-18,-0.8979232176189873,-0.4401521274068372,-0.07679162875113163,-1.3572327928258614,-0.6681260996940964,-0.10367464300533502,-1.6799365698920081,-0.835987173710592,-0.12930920738813692,-1.9818587053797927,-0.9702479197498076,-0.13309352612547404,-0.6676103034276186,-0.5020939905289761,-0.23132713498263185,-1.0077429613501947,-0.727514479234159,-0.2753951812253181,-1.2940890857876994,-0.9016108871209466,-0.3129857656983942,-1.5753706082353705,-1.025214311840964,-0.24194492300977385,-0.3801200284529509,-0.5714046392977755,-0.3839747615040635,-0.5425362308212345,-0.7604442524913322,-0.463059882282045,-0.6751623495354033,-0.8925737833313725,-0.5317489463972339,-0.8126170676850798,-0.9992039700653099
4,0.0,0.0,0.0,0.2246846938867047,-0.31847871775393205,-0.1431690490965763,0.34605780140448766,-0.6419702010968029,-0.28177349360428694,0.30218589456026296,-0.7646604475145048,-0.4119608123820874,0.18171081802464598,-0.7083882065586894,-0.5556610886699447,0.16545855645505472,-1.0342759942170938,-0.35828476862330955,0.22311850926338253,-1.4961068327244664,-0.5528042562636484,0.2701690945033691,-1.798707275540151,-0.6879111908717863,0.3071762830468059,-2.059324444091964,-0.7900169051817703,1.2798282212157102e-16,-0.9138839889347113,-0.40597543616428367,-0.06848009200218538,-1.3686299087978582,-0.6112825575344577,-0.09310408245231706,-1.6921794366012994,-0.7598794522155219,-0.12171639465838659,-1.9907642204098333,-0.8803753654307439,-0.13415723613366534,-0.6954893660222512,-0.4589562026386376,-0.23603018221175523,-1.029671532642625,-0.6621326446035303,-0.27929947732621274,-1.3017481945058242,-0.8167094338516409,-0.3185535659812731,-1.5700156875550784,-0.9259657703541271,-0.24969611868784686,-0.4045716430158324,-0.5196487338706893,-0.40005002501506104,-0.5599977438752302,-0.6897258467368977,-0.4796219011604233,-0.6943245646850863,-0.8071806930882786,-0.5492069331524145,-0.8352819455997258,-0.900975154016118
4,0.0,0.0,0.0,0.2027641425591658,-0.29080329323426074,-0.14215722913743134,0.321823310669736,-0.6181027397524317,-0.2797342612718863,0.2846996488171385,-0.7475069068859216,-0.4087763117635836,0.17734850347482742,-0.7016233889427627,-0.5495092703925782,0.15573216714336705,-1.0225290881915412,-0.3440256821540931,0.2091910106217859,-1.4862661602386502,-0.5269386858066667,0.2573047660286784,-1.7894273725871235,-0.6518929755970961,0.2972499467254192,-2.054600219557141,-0.7461537886478871,-4.730035274041312e-17,-0.9221859134255265,-0.3867468695148385,-0.0716551852324041,-1.3700494356654818,-0.5730483814079791,-0.09887032514633395,-1.6887317669827075,-0.7048775336069059,-0.13036670100615422,-1.9851383108667926,-0.8129251343259654,-0.12665213048830673,-0.7145290140100086,-0.43521751815943305,-0.2379268662923817,-1.0401321006788038,-0.6165257250604145,-0.2909793593095013,-1.2969827038906094,-0.7524207708783575,-0.3376955665690296,-1.5589301236815878,-0.8491893058634752,-0.23545446904005177,-0.4190018440121741,-0.49261739835006935,-0.3856818427233705,-0.5905913767837874,-0.6443109045691578,-0.46695589749107336,-0.7241071011236857,-0.7461298707545316,-0.5363666025217134,-0.8632990283439569,-0.827228775809532
4,0.0,0.0,0.0,0.2038439840894288,-0.3014247676570634,-0.13347627986738642,0.31836255458004376,-0.637318660923161,-0.26442849516431605,0.2703357815096731,-0.7618520868034542,-0.3887958748935629,0.15967812180052895,-0.7106938483728291,-0.5246667420888651,0.15815079613073532,-1.0233129035262007,-0.3257224178639267,0.22305211643831396,-1.4921241208522866,-0.5026951361484283,0.2789293153609354,-1.7959697629173292,-0.6232376231373512,0.3248255494540754,-2.0630530435014203,-0.7142409328433696,1.0232202792007894e-16,-0.928940586248261,-0.3702288308880567,-0.05966348751696157,-1.3832873002197592,-0.5485561226399449,-0.07890257771816044,-1.7017384069475798,-0.6758316927702094,-0.10415340793127094,-1.9988586116452989,-0.780836197596176,-0.1281986004604944,-0.7281835767457018,-0.4208241121573033,-0.23092073975629435,-1.062318528864666,-0.5962537964961638,-0.2773096470914658,-1.3224176360458577,-0.7304925807612344,-0.31940683255995594,-1.5869593918100826,-0.8259967470677715,-0.24044845535967485,-0.43630884055753777,-0.4799778705125397,-0.3865765549158035,-0.6171249407888572,-0.6266720967119476,-0.46670913608668557,-0.7503659718162755,-0.7265535534351587,-0.5357828627059378,-0.8885240128438864,-0.8063807868660579
4,0.0,0.0,0.0,0.2059276503842819,-0.3002625469670331,-0.14382691322324634,0.32002938760487504,-0.6247734805480544,-0.28190609915806647,0.27231319992449854,-0.7481058395101473,-0.4122405992082352,0.15963881446775602,-0.7038587862966593,-0.5548697432305156,0.1604046340316729,-1.0229671511531975,-0.34001108268189445,0.22464939159496522,-1.499989498571311,-0.522920434788094,0.2754722220104498,-1.8061223945103257,-0.6485280961798802,0.3162793789126438,-2.0724263104178973,-0.7432837250617964,-2.3634689770966375e-17,-0.9237777196830909,-0.38292913785334876,-0.06453958567746369,-1.387335636938757,-0.5683282335611879,-0.0904997464778639,-1.7042023235068144,-0.7026024265353334,-0.11982390370564126,-1.9952885048925963,-0.8125848438395176,-0.12926771219147043,-0.7223729482688627,-0.4326226555665114,-0.23487798244182087,-1.0656905715402563,-0.6163180173105218,-0.28415299229046487,-1.3365686786777178,-0.7606674533001954,-0.327509871274587,-1.6076498822109542,-0.8630170902343278,-0.24086945202004048,-0.43433335322363215,-0.49091296786891964,-0.389827008604154,-0.6222031049485284,-0.6456367545180695,-0.4730150227606316,-0.7604701125666322,-0.753282390332373,-0.5430364800544804,-0.9016339487289533,-0.8390779396096161
4,0.0,0.0,0.0,0.20618216650477683,-0.28789103751827094,-0.1587520929254366,0.32664009426402946,-0.6293029725775233,-0.3043883673572983,0.27050180032701304,-0.7493532811461128,-0.43829787605921916,0.15479506805452592,-0.701818366217407,-0.583992726861593,0.16632655063197427,-1.0168558574100235,-0.3627343343064234,0.2185456824537515,-1.4954305032693767,-0.5487588734532397,0.26117914851368906,-1.8028531139166084,-0.67361424065445,0.2932804678744529,-2.0670428857750758,-0.7673986262571205,1.5776918283243325e-16,-0.9177835686231189,-0.3970810007610701,-0.06599382754675395,-1.382989717177794,-0.5826981462473345,-0.09462168518075584,-1.6975789386267066,-0.7143458028714839,-0.12926416804718546,-1.9897673307354204,-0.8221346518800637,-0.13288349296264923,-0.7204362582405592,-0.4383814342286905,-0.2374339941209382,-1.0667127065971977,-0.6189836144309253,-0.28685183136041276,-1.337907848630453,-0.7600291383172751,-0.3328999485979816,-1.609648687027668,-0.8606684819699881,-0.24724878661370392,-0.4334159697258195,-0.48932760198856634,-0.39482104990897154,-0.6226555873970104,-0.6407417620524841,-0.47828508911558154,-0.7605187802332729,-0.7463343064653236,-0.5477838028405944,-0.9048220055276264,-0.8306401692834394
4,0.0,0.0,0.0,0.20290847701133669,-0.28233480236397224,-0.1568419440299715,0.322383399734653,-0.6201130437774744,-0.29818779658984795,0.26532366585646117,-0.7466578928865177,-0.4292311599664745,0.14415423483401787,-0.7086344609728702,-0.5717360007138782,0.16834387495246322,-1.0247645752875731,-0.34313833923914516,0.23198947243487256,-1.5004642684367828,-0.5234754778831422,0.27830693915731264,-1.8041040123872214,-0.6446571646234028,0.3128176710959704,-2.0627192523790256,-0.7356198988333725,1.5211503404325041e-16,-0.9258177293869202,-0.377970279192488,-0.05599432722396463,-1.3996919157612473,-0.55708248334282,-0.08093594790701,-1.7163606835091685,-0.6861211211510756,-0.11304597204817923,-2.0049110103639944,-0.7915117928222908,-0.1341313141814007,-0.727644510014524,-0.42120256590359073,-0.23876929411734402,-1.0790772815960457,-0.5983967555675306,-0.2874057858675497,-1.3543694625915608,-0.7395520029358653,-0.33378822469714514,-1.628307840708552,-0.8391199224476861,-0.24904073581204994,-0.44113318211354724,-0.47434297492779953,-0.3931340186041534,-0.6383604787224069,-0.6236313191316835,-0.4742489457153703,-0.7817683824822876,-0.72835288277236,-0.5438880577382236,-0.9283120990738432,-0.8110290902247264
4,0.0,0.0,0.0,0.20197776288730485,-0.2786831392870199,-0.15368488100571967,0.32326806882397463,-0.6187303918206156,-0.2888810806675004,0.2686450413858635,-0.7515480432164985,-0.4140265158036513,0.14797958714152043,-0.7112475862624245,-0.5501652149533524,0.16837991891454912,-1.0254940299079407,-0.32957503265007626,0.23457491992434937,-1.4928807079826383,-0.5036958756329329,0.2806310934211497,-1.7939750160358896,-0.6201339469303,0.313175635971407,-2.046589672598636,-0.7075241566021769,2.9905483928407647e-18,-0.931656135426253,-0.3633412243643976,-0.05106860552531172,-1.4090575343545768,-0.5358732989991075,-0.07135950934603398,-1.7307537535583006,-0.6606251718813834,-0.09957724755471958,-2.0174892179145347,-0.7627533422789184,-0.13558663662769288,-0.7372135270559513,-0.4056653281908226,-0.23856762986712357,-1.0854603145280435,-0.5763522923751064,-0.28442612583430665,-1.3588258491529388,-0.7122919339658403,-0.32767630084876487,-1.6277801635669555,-0.8080992340788948,-0.2517123882065661,-0.4536038238636657,-0.4583912993754641,-0.39444220558152543,-0.6416657053535968,-0.6023755119928588,-0.47263248015873377,-0.7835274029735154,-0.7029013913564592,-0.5390182790453785,-0.9283351909339361,-0.7817841328379234
4,0.0,0.0,0.0,0.20497016955687222,-0.272742958210272,-0.1631946971517915,0.3293580166073489,-0.6168310251611981,-0.29906725578515597,0.27895974491243436,-0.752443299271705,-0.42234453658997173,0.16082625418581453,-0.7080639064294874,-0.556278243427444,0.1696371622431316,-1.0171702287009177,-0.3360426840007028,0.2319087157185729,-1.4849523641048132,-0.5078477173842173,0.2763212207222052,-1.7895375351881704,-0.6227124280134325,0.308272046054808,-2.046376642697782,-0.70909188505556,1.0950164094221835e-16,-0.9323318722028532,-0.3616037611457085,-0.0524608242434726,-1.4142876558760198,-0.5311503104979663,-0.07331968220305818,-1.7473521967311378,-0.6558991149171518,-0.10209260602800344,-2.041429751791461,-0.7591022097185686,-0.13411041767663437,-0.7461514703110323,-0.395826529366522,-0.23601495719221663,-1.0944239720954234,-0.5633964190587529,-0.28184824763376065,-1.3606119567558943,-0.6989712214272342,-0.327398915107967,-1.6170320510294265,-0.7947877953594391,-0.2481604442389603,-0.4702712664131281,-0.4414409771975598,-0.3881016436980361,-0.653179212310063,-0.5832637335109953,-0.4681497623928294,-0.7902602500492928,-0.6841948209539488,-0.5395095185785566,-0.928599706516692,-0.7632155992711132
4,0.0,0.0,0.0,0.20453945055473738,-0.27155720792301097,-0.1690578357425629,0.3281557238036435,-0.6070245960773483,-0.3097676891822605,0.278751003272137,-0.7381050023059518,-0.4371082857276675,0.16446893407680185,-0.7054084575751491,-0.5743737303477078,0.1686534988619386,-1.0201355264840168,-0.3385712685380674,0.22279834021819755,-1.4830162683967483,-0.5100636218654399,0.26251301189227094,-1.784804360763069,-0.6250811482556345,0.289991111543255,-2.0371095325740094,-0.7113268856150181,1.635180458737329e-16,-0.9325623087987058,-0.36100905834622393,-0.058918668028246045,-1.409929090965383,-0.5304174808005722,-0.08467188108602136,-1.7381931872324212,-0.6546407106787417,-0.1182322767882698,-2.0252493217689693,-0.7568617282475664,-0.13296077760262384,-0.7445743427417334,-0.3927320818530734,-0.2393395522748891,-1.0887711474897457,-0.5580548274056641,-0.2870622489519257,-1.3500656098697474,-0.6910111489587306,-0.33513195015213654,-1.6001426187294574,-0.7852059036802835,-0.24627332479935035,-0.4668245445792146,-0.43646621255177903,-0.38820647047086676,-0.6474554614037151,-0.5752460168284933,-0.4682273556824195,-0.78257470013499,-0.674028326512054,-0.5388619264666322,-0.919865207217923,-0.7516757927671589
4,0.0,0.0,0.0,0.2013691874673812,-0.2679049942959073,-0.1695604854734868,0.3186790995420582,-0.5888623718362606,-0.31237265848932205,0.27205106338346524,-0.7288381378660825,-0.4420046934215533,0.16649505108118676,-0.711247791863218,-0.5815330507359704,0.16829244928793657,-1.01048571198501,-0.33735870074419405,0.2293390570414152,-1.4811843987448885,-0.5067106933941091,0.2751658508073684,-1.7912277998389063,-0.6228623981404825,0.3074921059561017,-2.053163595905534,-0.7121433624915893,6.701545738241286e-17,-0.9324875127228414,-0.36120221291676613,-0.05729857137529626,-1.4182733181802083,-0.5299501152868369,-0.07945807202082052,-1.7633570359200275,-0.6593923144515474,-0.10847499506747642,-2.063368059972619,-0.7669497363805166,-0.13376437321392284,-0.7474645414857541,-0.393485390443705,-0.23768038895334995,-1.0939359526381798,-0.5617213885107293,-0.2854425267927797,-1.363073742609843,-0.7018092996682331,-0.33149806053852654,-1.6259384860273478,-0.8012124240437434,-0.24785248092878093,-0.4659335987215464,-0.4373053898949109,-0.38804136678401613,-0.6644115868730097,-0.5805432956678264,-0.4649453756759096,-0.792852661485725,-0.6826621896947542,-0.5334259660471832,-0.9129499646516576,-0.7627586946143041
4,0.0,0.0,0.0,0.20184132073615327,-0.26649114886901104,-0.16947096824397337,0.3223648938893174,-0.6026511960310426,-0.30761146490988506,0.27178368539804526,-0.7408219561688381,-0.43188551514294815,0.16074739331003954,-0.7067187784861201,-0.5659399390490099,0.17039692012824045,-1.0178310275225326,-0.3300816967787457,0.2257315286458662,-1.482707800802095,-0.4935136592998263,0.26582901441183815,-1.7883866342632908,-0.6037640389101048,0.2924134482387188,-2.0434502012542244,-0.6878555340025849,2.6280989878380925e-17,-0.9367697797207163,-0.3499462527331884,-0.05985401750520849,-1.419296747202369,-0.5087995190233455,-0.08633032240322613,-1.7529164205775887,-0.6290343176528667,-0.11948027922737765,-2.042295587860819,-0.7295411314480555,-0.1338847886398392,-0.7510198116218679,-0.37894940695863705,-0.24418580737763265,-1.1025030884292883,-0.5384954086370998,-0.29602368248928074,-1.371433459153662,-0.6720171045282445,-0.3455909641441817,-1.6329430597524164,-0.7668583838193257,-0.2469931004103772,-0.47245618419618013,-0.4197951608247613,-0.3906831055453897,-0.6642053670917596,-0.5544808641420839,-0.46833176804325843,-0.7897226501589808,-0.6510151405761911,-0.5354393390112254,-0.9113882686958512,-0.7269655673191816
4,0.0,0.0,0.0,0.1993088241751795,-0.2655897309446445,-0.16803161623595503,0.31393439556998726,-0.5987967713461575,-0.3015603017103935,0.2638232247659822,-0.7468319429337432,-0.42185834906424335,0.153782018910592,-0.7246405334322322,-0.552424824709383,0.16739524445420673,-1.0138584438977056,-0.3138224923214342,0.22685292010110658,-1.4771834758060813,-0.47194535803550797,0.2722418753721608,-1.7869524068361065,-0.5817912519728738,0.3058005561474264,-2.0536419945620104,-0.6667486204417781,8.456869766910695e-18,-0.9426069049922845,-0.333904511291576,-0.058485276357875676,-1.4221635509499904,-0.48624874406039476,-0.0845266576571365,-1.760127780863206,-0.6078898958597478,-0.11524509229196689,-2.053193820492603,-0.7114299096882143,-0.13340661013246252,-0.7612553859791211,-0.36397283949144366,-0.23960802745825743,-1.111363855252102,-0.5195248839178258,-0.28925494404683233,-1.3786577327055247,-0.6556448012229951,-0.33572483884101895,-1.6363489161585558,-0.7539847932833461,-0.2469555563643455,-0.4837839695780219,-0.4061682556263534,-0.39174147119512576,-0.6704888088711667,-0.5411469967918204,-0.4723479639556326,-0.7923410807252836,-0.6404431094016516,-0.5424514062041177,-0.9106108737702825,-0.7190655694337785
4,0.0,0.0,0.0,0.20562465507529232,-0.2733271363101549,-0.1600836341409785,0.3255467671713269,-0.6247227522364801,-0.2903269991411681,0.2701789929058016,-0.7673672598890058,-0.40747321918085166,0.14540212353634877,-0.7182713731652438,-0.5354149996332278,0.16634950753282737,-1.0180784069920952,-0.3186161683821547,0.21413501344540356,-1.4719359042158675,-0.4775667542320159,0.2517534376567726,-1.7748838466125885,-0.584093439773497,0.2789724836363346,-2.031153554756675,-0.6650164245987141,1.0655274266899305e-16,-0.9399406343030756,-0.34133796153655693,-0.06680254147689649,-1.4152866660205226,-0.4928555669260703,-0.10351699419718749,-1.7436233156240861,-0.6072854900542457,-0.14485175987585086,-2.02946692438201,-0.7049625800776068,-0.1341224774366178,-0.7545169268803096,-0.37288011193895565,-0.24745717295852973,-1.1103221284789202,-0.5238096921868387,-0.30102706012597374,-1.3854958613889115,-0.6510248290775694,-0.3517439389526885,-1.6441782981499422,-0.7440048734928671,-0.2473598987602098,-0.4799379997729353,-0.416097733685457,-0.400474970766297,-0.656499865716333,-0.5451182890342922,-0.48703248211267525,-0.7823706072843679,-0.638153112968598,-0.5630467027042347,-0.9094379369819233,-0.712831510897317
4,0.0,0.0,0.0,0.20453632444295605,-0.2844826997245294,-0.14887169776471554,0.32973905410690996,-0.630863952136897,-0.274927344271921,0.26938582153289287,-0.7612806267485126,-0.3896517615418774,0.1195819280268734,-0.6623352674305413,-0.5148317850385556,0.16442573796171495,-1.0138138238844818,-0.31909587836677,0.23012357159586244,-1.4794169090292042,-0.48033237090093206,0.283828375494837,-1.783468395522848,-0.5859344319844728,0.3260477540365461,-2.0383421187850836,-0.6659546662046901,1.1800051934110797e-16,-0.9369976491819636,-0.34933566297684776,-0.053144666738451495,-1.4179420615454439,-0.5019067843497217,-0.07708459766542566,-1.7491647582336336,-0.6131029682482169,-0.10685920316923513,-2.03995389696068,-0.709560518889597,-0.13842177899160352,-0.7490277988920909,-0.38689672596268554,-0.24148672161552243,-1.10463111459799,-0.5385398550884759,-0.28835241881447854,-1.3960402840033472,-0.6613427901251294,-0.32929111526928334,-1.6699764191961157,-0.7527304606068191,-0.25983407336131514,-0.47075747367617377,-0.43594959068244826,-0.41493080182941655,-0.6518648965431891,-0.5647904673685569,-0.4997907894756721,-0.7907917095911557,-0.6541931817550178,-0.5714208725925415,-0.9266687373852979,-0.727372948130551
4,0.0,0.0,0.0,0.16289352412116187,-0.16334294930086435,-0.05454111144836462,0.25937338940995386,-0.43311152579487017,-0.10155169141984001,0.22558365949878809,-0.6637103779945526,-0.15604070902047157,0.10968847053156308,-0.7576109945128006,-0.2157988354078773,0.11418168176746439,-0.9556515770960066,-0.06247283779171551,0.15348676933976352,-1.301322218615316,-0.13237173589855927,0.18273627929123107,-1.5167096887556506,-0.18535254123891107,0.20316409829085172,-1.7035578713612618,-0.226232170452333,1.6403694595093147e-16,-0.994497487810351,-0.10476042544253383,-0.047345541928994525,-1.413876149677209,-0.1559879395317944,-0.0677435600641031,-1.668723061650289,-0.21029432278251312,-0.08748627580368835,-1.89613580319874,-0.260747951507929,-0.09323498969091139,-0.9268413197657054,-0.15920759446647909,-0.1692553946016126,-1.3015649970661718,-0.22136447231797726,-0.20290163944193115,-1.5594053728184636,-0.2898301909468228,-0.22538072010360002,-1.7900559640235405,-0.3431979128603592,-0.1730718714606797,-0.7747948497080646,-0.22333365299115027,-0.27614050403225626,-1.0357184020146852,-0.278988500325725,-0.3399349678561427,-1.221172813368741,-0.32492340776429657,-0.38909841116088706,-1.3974268137548411,-0.3635709338564375
4,0.0,0.0,0.0,0.1690363546020485,-0.1425500121613507,-0.0771167230982767,0.27458180440261476,-0.4244791756920797,-0.13246133743050803,0.2316795185028428,-0.6752154345632684,-0.18877960502926233,0.09449462325058952,-0.7545378505098758,-0.24962953553074857,0.12458748942332802,-0.9428852897376546,-0.10812480807514215,0.16913107062433014,-1.3001865009992566,-0.19153943083432612,0.19422393675588806,-1.532265711235129,-0.25021298667458824,0.2083661116159587,-1.725535003958774,-0.29480790488444775,9.077321644470652e-18,-0.9898061463242682,-0.14242118065337506,-0.04824969463929557,-1.4312542459593025,-0.20677085625668035,-0.07145617189699015,-1.7027958885167676,-0.26423523130594606,-0.09634158432358066,-1.9505198510186972,-0.316759402882769,-0.10434954642049726,-0.9266525135981366,-0.18892637758934833,-0.18760552043859732,-1.3210611736906994,-0.262667534525401,-0.2286585345897977,-1.592847626075096,-0.334464907053953,-0.2607616040003974,-1.836948520134422,-0.3884777810236293,-0.195746782404429,-0.7761091893963149,-0.24646198795268748,-0.3140248941352505,-1.0604191025301661,-0.31121074247479213,-0.3877926943042423,-1.2614232486011194,-0.36111146338805333,-0.4491927626410661,-1.4500336007665504,-0.40136327588120124
4,0.0,0.0,0.0,0.16958318860813915,-0.13843039927707662,-0.0799769011288427,0.2770598431757011,-0.4090042479230872,-0.14138915458216764,0.23834560738526184,-0.6492327665529609,-0.20408981238643376,0.10161422905654337,-0.7324210623251535,-0.2709052928958568,0.12755331332303468,-0.9424357480360592,-0.11782362862547291,0.17462952539728954,-1.2995220832949792,-0.20597293705892178,0.19751722102524155,-1.5313741592959962,-0.26694364704749285,0.20929599265831295,-1.7223178032351336,-0.3130352369072881,5.0833059144173274e-17,-0.9880432799738671,-0.1541767715918408,-0.04516100738093639,-1.432220421592266,-0.22389615288772582,-0.07036348728249223,-1.7111995811601144,-0.2820346586802648,-0.09706069240313357,-1.9611736516692821,-0.3345071443554891,-0.10606047832416066,-0.9229211792015903,-0.20319973711697367,-0.18709847371399477,-1.320392898980571,-0.28107741979764117,-0.22630491060068023,-1.601088776957105,-0.35191669831039163,-0.2566554073963847,-1.8512791439155052,-0.40488791221774556,-0.19870905625058363,-0.7701372409263322,-0.26343912677323594,-0.3186540797813522,-1.057666907000176,-0.3297863507310423,-0.39038175869340236,-1.259093231753344,-0.37854836786487406,-0.4482335158603387,-1.4446256310344348,-0.4179418290502148
4,0.0,0.0,0.0,0.17073267941990045,-0.13345732112079217,-0.07997417470129535,0.27813528107434715,-0.40556058008619966,-0.1417276463741802,0.23615945552669992,-0.6454825188051119,-0.20523325686680016,0.09751521120350762,-0.7227653048524615,-0.27259667667590654,0.130294543936991,-0.939385204210603,-0.11549386545015801,0.17662360305913272,-1.2961439895245936,-0.20198811392502286,0.19884438390564108,-1.5243197358065275,-0.2620112485075825,0.20819011173274635,-1.7106272241002334,-0.3074323792941229,-6.472085937694627e-17,-0.9884408539523285,-0.15160698611208998,-0.04963797289901304,-1.4339606964889848,-0.2194009931236787,-0.07797577517621587,-1.7111824823209767,-0.2770904408550296,-0.10854995445599361,-1.9590092350022807,-0.32923822775633477,-0.1064874422515684,-0.925630085039295,-0.20057810626924466,-0.18935895253403728,-1.3199988429726826,-0.2762220276422005,-0.2291657545415759,-1.5985534200375635,-0.3467157565774164,-0.2614531309741025,-1.8458543411277804,-0.39942000550684675,-0.19765971111855019,-0.7746874598250643,-0.2610302803630429,-0.31886742187003475,-1.0644486488475906,-0.3250267283377442,-0.3926667279035022,-1.2655919399581252,-0.3731309464136779,-0.45341039762937224,-1.450739553809949,-0.41217929398573605
4,0.0,0.0,0.0,0.17117922090465046,-0.13514421083864256,-0.08264456849354744,0.280698151907464,-0.40123491589631183,-0.14883690060643817,0.2421240623995007,-0.640665278441714,-0.21622652873445197,0.10190509512575915,-0.7330503438122518,-0.28856824411930365,0.12755477298396523,-0.9391302852702313,-0.12619590499543396,0.1744084100607573,-1.2900727165411383,-0.21857015894338733,0.20116341820056752,-1.515276401473375,-0.28293431388810475,0.21399583911098186,-1.7026918973744423,-0.331746086754355,-6.566107422493232e-18,-0.9864214720434995,-0.16423361255095,-0.04926493323078692,-1.4317456919577811,-0.23983123256350147,-0.07529478983255355,-1.7072140596188154,-0.3028998787772634,-0.10472997053345709,-1.9580433086795672,-0.359224195788705,-0.10782650482001307,-0.9198348583498184,-0.21462683020183124,-0.19088407061923612,-1.317485020962353,-0.2964051551243778,-0.23071054972098198,-1.5901807455290957,-0.3709924000971002,-0.26393316215129337,-1.8356546126803044,-0.4271469230338342,-0.2030811916078847,-0.7636002795430642,-0.27641575534773416,-0.31927619572483984,-1.0541664550637961,-0.347062715836807,-0.39200695466684665,-1.259052296179175,-0.39948155673988656,-0.45388400082954516,-1.4522858677775607,-0.4419295090432308
4,0.0,0.0,0.0,0.17285704856229459,-0.13390531907948228,-0.09080662745534604,0.2839254572634159,-0.3999897314038256,-0.161735852481982,0.24058076086217525,-0.6440490599573554,-0.23294011273182208,0.09686769340992094,-0.7440007533756016,-0.30944938533710215,0.12748870605991822,-0.9379936925287062,-0.13373501574302618,0.17012423388460876,-1.291345730825458,-0.23010192670790333,0.19765876279799083,-1.5178947621136543,-0.29879747638217163,0.21288614385468946,-1.7117739779705223,-0.3507121489766682,-1.8325647958354925e-17,-0.9854624528512748,-0.16989336073063366,-0.054563597949459614,-1.4306840387814632,-0.24772176633558815,-0.08053461605108433,-1.7027025182968154,-0.3157174565420182,-0.1087348051224182,-1.953673325204457,-0.37623075769036707,-0.10721002633307701,-0.920712019067474,-0.21906360482144893,-0.19180019285371758,-1.321438714311026,-0.30402155434700023,-0.23242884987205104,-1.5943530980338305,-0.3845672554567169,-0.26446192092010534,-1.839104143608862,-0.4453806224843788,-0.2018095131641517,-0.7670988501246401,-0.2801358968542068,-0.3201379414588944,-1.0577774576602472,-0.3539839519165317,-0.39345069193147975,-1.2645758636360724,-0.41030931649627417,-0.45408652472409794,-1.4599419652306276,-0.45623001228161336
4,0.0,0.0,0.0,0.1791797578461201,-0.1235701110306853,-0.09756813445529193,0.29375410090123494,-0.38812926418751853,-0.1699133073363461,0.245286371263847,-0.6298920229370134,-0.24105071634358943,0.09571687617610253,-0.7197758716230592,-0.31709575584387983,0.13729876690088777,-0.9318329553781997,-0.14030254435418626,0.17937572454017015,-1.2834960964651319,-0.2365868298739069,0.20095276498299713,-1.5115380685457878,-0.3045988869681476,0.20980177134793054,-1.703002735862677,-0.35558154534306197,7.922917462442736e-17,-0.9851075267079603,-0.1719394103262108,-0.05941120956772839,-1.430574462024779,-0.24826402271681025,-0.09129561767788537,-1.701527098590139,-0.3136051672556131,-0.12464913820540657,-1.949935553103643,-0.3718839084978531,-0.11319544517271612,-0.9242893120976956,-0.2172893237592448,-0.201599872908616,-1.3252825088720386,-0.300322663169139,-0.24264251034202836,-1.6004271463330715,-0.3791259304952503,-0.2766214631235334,-1.8478642598259925,-0.43846427377576175,-0.21154782923396345,-0.7748658058437847,-0.27522603899897047,-0.3341283661387472,-1.0693661823329903,-0.3459728436160083,-0.4097823035032105,-1.2734056067588644,-0.4006652550535373,-0.4729687923254063,-1.4650852571998647,-0.4453786275827329
4,0.0,0.0,0.0,0.18222540682878333,-0.11872177811485773,-0.10079524917052199,0.2971041394008856,-0.38229613609223684,-0.173318028578841,0.24113011001585882,-0.6223492551888045,-0.24456557839868232,0.0870119952367104,-0.7093742860945673,-0.32048565851446104,0.14182613742717276,-0.9300926108632549,-0.13804531571734663,0.1846039061811514,-1.2778148191119059,-0.23368875757138136,0.20510463599465817,-1.5047605971323101,-0.30211639168911697,0.21260709806286138,-1.6937798649290357,-0.35315195100671737,1.8103912045623212e-16,-0.9858262224620319,-0.16776966086345996,-0.06004063411296178,-1.4335564360122013,-0.2429598655459088,-0.09271021525838703,-1.7047991655473882,-0.3087113188537731,-0.12585834122411463,-1.9501511717991669,-0.36698416908045245,-0.11582856099379517,-0.9286087539072987,-0.21201952714165836,-0.20397568666039162,-1.3294966748486683,-0.29357369625292024,-0.24256504343070975,-1.5999877259182989,-0.3723020325793185,-0.2748322713743467,-1.8415933817779675,-0.431343557708187,-0.21582024624497553,-0.7829328237167318,-0.26954143188016866,-0.34040296048811775,-1.0792483930643155,-0.33905942496014035,-0.41633908596319313,-1.2835745046677698,-0.39353379190152094,-0.4795873792051692,-1.4752166705936922,-0.4379378080109778
4,0.0,0.0,0.0,0.18218239813477016,-0.1181836002546058,-0.1031302916107221,0.3014293859797579,-0.38130316044113405,-0.17744163062816387,0.2490699861723512,-0.6259714386084827,-0.24957865843902768,0.09191780931723713,-0.7203421273754033,-0.32651477998030987,0.1395305061365458,-0.9288654019228818,-0.14375567323522787,0.18226624172214698,-1.2806475884686939,-0.24264460583932715,0.20633600172829156,-1.5094911178207855,-0.31415494686814655,0.21585715148831777,-1.703956350926209,-0.3674280248708242,1.4705744170927722e-16,-0.9849226208638259,-0.1729954650004804,-0.06055037479109092,-1.4385717510002345,-0.2524766160041073,-0.09407800694737113,-1.716331617612066,-0.3242928049979905,-0.13048832842216534,-1.9703660976896127,-0.3872116693885719,-0.1145732732830123,-0.9294553809784191,-0.21606739256702343,-0.2028339371520128,-1.334966082247189,-0.30273812156401964,-0.2444175388181999,-1.608114492360648,-0.38725909538584025,-0.27980223476316396,-1.8474004875500234,-0.4498966029940858,-0.2138083798400905,-0.7875023170688368,-0.2721776649267947,-0.3379273311109063,-1.085555012758636,-0.346371941278691,-0.4132247509067375,-1.2932795817340739,-0.40477122053396725,-0.4769186901669571,-1.4865077104270257,-0.4520488008026667
4,0.0,0.0,0.0,0.1841252806397431,-0.10985098820193669,-0.10697701369051789,0.30694377606990475,-0.37244202836899054,-0.1811650596925323,0.24997728115929077,-0.6159431089759355,-0.2524528069002511,0.08960785331177878,-0.70413986020724,-0.3285850163752676,0.14141875982785337,-0.9293995749250367,-0.14334820936881323,0.18800097634363913,-1.2779839885704094,-0.24138712629211417,0.21458637385855442,-1.5033456599111072,-0.3117859184770353,0.2280398460826715,-1.6929618502504218,-0.3639816157706428,7.155667007869013e-18,-0.9854624847330992,-0.16989317580075583,-0.05713723923309486,-1.4369257844397887,-0.24790260942764372,-0.08744853009342826,-1.7116155963557549,-0.3180618910661495,-0.12017390255141631,-1.9632242933326716,-0.379181210691712,-0.11502214784759351,-0.9286890166333583,-0.2110292378749089,-0.2024926941803977,-1.3366085940439048,-0.2968369190611788,-0.24437427745902507,-1.6112836158031851,-0.3806376778867377,-0.28085562513798973,-1.8557118257149812,-0.44207123199646847,-0.2138262142134051,-0.7845131763067065,-0.2656531697817408,-0.33587743422192,-1.0862640468342568,-0.3390321395188696,-0.411721282935454,-1.2924443935907473,-0.3966367309326395,-0.47698660851751196,-1.484405652942349,-0.44275384753102887
4,0.0,0.0,0.0,0.18427949368123467,-0.11235755247354545,-0.10572359400366055,0.30299361347272663,-0.3810698044132988,-0.17661700147144874,0.2351388976874392,-0.6223560394507427,-0.24492946459107015,0.07084938523639316,-0.6909722766284422,-0.31784287898803865,0.14490379477503043,-0.9273559949297019,-0.13698016212264832,0.19352373931087705,-1.272343162162817,-0.2322086700069324,0.21768330666360047,-1.4980436475971208,-0.30040892927457974,0.22813297172918104,-1.687117521841479,-0.35088597222424417,4.324713924567616e-17,-0.9866998905480946,-0.16255253302356756,-0.05650650433787068,-1.4351848694598033,-0.23627628470342446,-0.08731818729594637,-1.7095717365988201,-0.30287937819922606,-0.12056016788227214,-1.958991438277401,-0.36146267886893596,-0.1168639331211054,-0.9323582842556725,-0.20334128281477165,-0.20532053993181207,-1.3398719230991085,-0.28611298411639424,-0.24652543019888729,-1.616292438563723,-0.3680230441309663,-0.2829935011989642,-1.8645658335844904,-0.4278853541359433,-0.2182829094530858,-0.7903294099717784,-0.257762708549834,-0.34108685629806185,-1.0959510099268366,-0.32884323496879453,-0.4174817490722688,-1.3003061107248393,-0.3851257019459634,-0.48290143006846,-1.4917525373640936,-0.4301307815500114
4,0.0,0.0,0.0,0.18335546186801052,-0.1082802625716463,-0.11102453610485662,0.304013193971667,-0.36601209544220376,-0.18873273949944305,0.24473531491331085,-0.6047225365376135,-0.263239755471187,0.0865268417541649,-0.6931168639030163,-0.3424601508985674,0.14325316340973393,-0.9260336957939859,-0.14903924243180502,0.19261028261155505,-1.2738971491509066,-0.24989493503802815,0.2201257743139749,-1.4992759777592006,-0.32209245652602764,0.23368166691053163,-1.688578259252349,-0.37544484150270213,1.1172591642030865e-16,-0.9846028667645691,-0.17480616338960164,-0.05156718575761636,-1.4337630958930674,-0.2553180261981432,-0.07992219666282496,-1.707319641218885,-0.32691283873140814,-0.11191382410157492,-1.9563390792012483,-0.3888985786869656,-0.11673805162388387,-0.9293262135891929,-0.21562635246864334,-0.2041399193596445,-1.3388462649933768,-0.3035623646386433,-0.24636981904850025,-1.6167458727549064,-0.38901648117077325,-0.2831805498530715,-1.8650262909410107,-0.45146982173239564,-0.21786944099380098,-0.7869134681016204,-0.27007590346731275,-0.34092394355738653,-1.0905885015331553,-0.345162116398131,-0.4180216538283739,-1.3017918347822914,-0.40447585001226255,-0.4841048181605928,-1.5018299028170443,-0.4518939644338856
4,0.0,0.0,0.0,0.18092467328793843,-0.10637688922536082,-0.1020528385279344,0.29715154543769834,-0.3734224205892088,-0.17041101290603194,0.23454335767079681,-0.6137900578569985,-0.23649845052668333,0.07923616172660018,-0.6944310464976876,-0.3078912260806926,0.14146131437588796,-0.9218919546237849,-0.13693966842215602,0.19801436475697543,-1.2595178715433049,-0.23165947313991764,0.23440729776393052,-1.479094171356286,-0.29964982525009454,0.2566899362738818,-1.6708209034276373,-0.34992934818389415,1.5506283704885075e-16,-0.9868323875605489,-0.1617462174566897,-0.04918958487702107,-1.4314321211995313,-0.23555474218411657,-0.06872616818687574,-1.6954381790809294,-0.3019954873379782,-0.09409684223268053,-1.9413564204556197,-0.36081555342371846,-0.11405567028355852,-0.933215549963325,-0.20053479308948305,-0.20022222868777637,-1.3354924675863211,-0.285044224059694,-0.2356897655704268,-1.606722566370567,-0.3685932152268752,-0.26951038461905885,-1.8544205714710655,-0.4293417556138622,-0.21194071749963297,-0.7851187002514208,-0.2519701361065579,-0.3281857865635135,-1.0776381961648127,-0.32440565945458427,-0.3991458176513811,-1.2818120627493113,-0.3817677368231575,-0.46408770200723837,-1.4784209255619096,-0.42758664854234396
4,0.0,0.0,0.0,0.18297160750117816,-0.11780943606274509,-0.10014244914590671,0.30129884861407075,-0.38567367314577466,-0.17110588911088317,0.2472954793413427,-0.6257932132474748,-0.24026666161351037,0.09220293437091612,-0.7017950508858053,-0.3154561844255822,0.1366490885996333,-0.9262395883125921,-0.14211144176693885,0.18293442045421973,-1.2707257113499772,-0.24153104884637114,0.21580825412278723,-1.4928595514014154,-0.3124107885052356,0.23408426023823972,-1.685634601149636,-0.36471563414433417,4.6123847475245694e-17,-0.9850508938098614,-0.17226356725783123,-0.05633411749231175,-1.43787269752361,-0.2503840094846253,-0.08312419119865638,-1.711657626629461,-0.3205755205395175,-0.11445104325948345,-1.963673364703305,-0.3826991086098337,-0.11197697604013576,-0.9304344063877665,-0.2161990083749815,-0.20511174947421182,-1.3451870062507192,-0.3028756645025824,-0.250265074036924,-1.6253714433891124,-0.38831626393571667,-0.2900864878312707,-1.8788864600149244,-0.4516270737392898,-0.20827780784032945,-0.789697127414683,-0.27279248708993653,-0.3325626721257439,-1.0882889077650029,-0.34724363546246684,-0.41200834545148646,-1.2977020478536838,-0.406048402699413,-0.48242443543305086,-1.499705488712643,-0.4537260379374407
5,0.0,0.0,0.0,-0.2137454813773749,-0.20716206244044494,-0.04518237467419611,-0.3347592780625935,-0.5382926761960194,-0.04396037869509707,-0.3969413886502604,-0.8156913684948751,-0.05335552164007864,-0.48017796137697366,-0.9710426126575981,-0.06057348902245612,-0.13790743124532281,-0.9528072548720313,0.12110159000444175,-0.1636451749881894,-1.3023600400499848,0.13187999366255426,-0.167178326089247,-1.5025148482311579,0.1187103150251876,-0.16375458900787995,-1.6810714534849198,0.10302626476598808,1.4127125951253314e-16,-0.9937843103270891,0.11132270454723968,0.035734415725133396,-1.3706451218529037,0.1392384421635167,0.07139373291903281,-1.5980053296826975,0.1093810504699959,0.10409246085668729,-1.7763640169413861,0.08043561257731292,0.12014669459839576,-0.9450512076561598,0.08280664252459917,0.1658568986458619,-1.2723994150600992,0.09556746139901982,0.193887964603385,-1.467950995693625,0.057866428825462085,0.21520723478114942,-1.6303562019932154,0.026960274210476753,0.2352655233991822,-0.832226193292261,0.04010959189559029,0.30073268479360915,-1.0627997189518912,0.04484648352883059,0.3365237098015614,-1.2084012537329645,0.027447183993161647,0.36773152506544693,-1.3382684446077424,0.01246848459382617
5,0.0,0.0,0.0,-0.223202529242885,-0.20535234188319915,-0.05298535431084399,-0.35391717064245065,-0.5233154698724888,-0.05624998036940088,-0.41135219301073933,-0.809637328119623,-0.06920717516776785,-0.48911060150236324,-0.9832816806593618,-0.08058144564295988,-0.14430953691826082,-0.9579051754381971,0.11511250164038568,-0.1682370685043447,-1.3212777338159525,0.12274724027035072,-0.16952374320073832,-1.5284635168236558,0.10540798502524827,-0.1647369223885912,-1.71435572813509,0.085472134181583,1.1142336062557329e-16,-0.9943720912062959,0.10594406179686557,0.03922733881728899,-1.381387666108604,0.12768416645747463,0.08038353540387078,-1.6218201541313644,0.09009621477950969,0.11694315395013563,-1.8086498765087204,0.05591609272572406,0.12340181703951518,-0.9395757160671503,0.0776163367101665,0.17120014807612408,-1.277014137062836,0.08406799708133925,0.20228622334204885,-1.4796866914642302,0.03904921124363813,0.22439389607436394,-1.653358718024848,0.0033426170195678495,0.24009050355939152,-0.8197324176427077,0.03485825270027552,0.31188809724420674,-1.0652384960910861,0.0320108158217031,0.352898161545108,-1.2200394795182865,0.008970685282378179,0.3875257962760724,-1.3598591207620936,-0.009594134403222708
5,0.0,0.0,0.0,-0.22269911257131988,-0.20372679264948018,-0.05024166487896093,-0.35417184482445124,-0.5205586496669842,-0.05329274424915159,-0.41496286541912814,-0.8044001326797946,-0.06676937780882149,-0.4914160191380274,-0.978098307006864,-0.07926078673721622,-0.14223772867131437,-0.9578059670941886,0.11507365222048926,-0.17123742581550838,-1.3194530006158003,0.12191163041034353,-0.1759119642910106,-1.526506146304543,0.1046941467707395,-0.17443773190745634,-1.7115139946381184,0.0846031662830361,-1.566796351236443e-17,-0.9947354584561905,0.10247618108591089,0.03793718933215726,-1.38735321429533,0.123049225647504,0.07821347587614119,-1.6332758776232197,0.08466591862864922,0.11472843557592699,-1.8247033722377692,0.049370676519588604,0.12273581773793478,-0.9401870717713743,0.07067785096234233,0.1714405520627947,-1.2864954105197646,0.07426798087785835,0.20103771285796673,-1.4937250235740676,0.025981075340514793,0.22189137631969724,-1.6703574330799076,-0.011958775129633623,0.2397899840700151,-0.8203981305129742,0.02502568670714253,0.31430698012377634,-1.073453997017603,0.018666884318610365,0.35748193875290846,-1.2323875899281846,-0.00714619363158626,0.39426423783061404,-1.375230870372214,-0.027821484642716575
5,0.0,0.0,0.0,-0.22333294913988208,-0.2040572973002941,-0.04613764429582108,-0.3512308557264482,-0.5210382687201243,-0.04739372273404418,-0.40952675866664,-0.8054009364876301,-0.0595114654676524,-0.4900341842505675,-0.9766811270627465,-0.07062906865819724,-0.14343538882531703,-0.9577937618907497,0.11422136765548928,-0.1728510410521724,-1.3224178173643792,0.11997520381309167,-0.17758815031142103,-1.5312445376993027,0.10231005596346995,-0.1755165601902528,-1.7198488513295507,0.08207394681139871,1.3278149890287603e-16,-0.99498247355918,0.10004937436114038,0.03847810924009258,-1.387092857678807,0.11778565875290178,0.07919205796850924,-1.6300928244304413,0.07889235933631028,0.1150521013283602,-1.82161655527528,0.04397614978653542,0.12300781970036273,-0.9407306720650067,0.06750993573513388,0.17291844794303748,-1.2816280241318303,0.06922609074452632,0.2007298357806844,-1.4798306066298266,0.022520710565703327,0.2194788621082144,-1.6501063361542896,-0.013409481380259462,0.23941089829352424,-0.8206266101036369,0.021550022479687785,0.3119071763793232,-1.0777807523019636,0.014121896666168142,0.3508394882754947,-1.234170828045944,-0.011013735670268173,0.3834222054722792,-1.3738855202310838,-0.03066243194132682
5,0.0,0.0,0.0,-0.22389619648720144,-0.20500740835623193,-0.040612559700259745,-0.34875906273330654,-0.5225156116311481,-0.03828665225431535,-0.40975882024256244,-0.8021048332013632,-0.048383722479206276,-0.49260346717982156,-0.9683185621564773,-0.05740872916422496,-0.1424800292425163,-0.9573797775592837,0.12988947316293017,-0.17083921352430326,-1.3189106266153714,0.14239926492783134,-0.17443127118330504,-1.5257926507948376,0.12975030929793602,-0.17224806816491275,-1.7106655061360465,0.11277015636423499,-2.6088735890326477e-17,-0.9935033748579413,0.11380265438855532,0.03921387186312488,-1.3837468434501026,0.13990895174925103,0.08080025507728406,-1.6272414663869423,0.10703433113443536,0.11673679508853181,-1.8157157383558769,0.07610404321308516,0.12131047151078335,-0.9385520861646176,0.07879204497235655,0.17206259198205576,-1.2785345516635958,0.08700850918476805,0.20130114340416766,-1.4767741800502132,0.04528460197894649,0.2211439133935365,-1.6445919301408598,0.01230225168618066,0.23610222845838563,-0.8205324604576404,0.030140895689058644,0.30894082228079695,-1.0708150070696936,0.02759563523183222,0.34941266621545597,-1.2239732972973874,0.00641532100573836,0.3840185529109805,-1.3605401309933143,-0.010446321289886045
5,0.0,0.0,0.0,-0.22793005957932666,-0.20747553062667914,-0.04270174869945573,-0.35663870143487875,-0.5227499132101459,-0.04008756832359047,-0.4160280747640339,-0.8060559512163062,-0.049617009431425246,-0.4943694104590671,-0.981702844538505,-0.057853559223324406,-0.14435553208086183,-0.9572879108502194,0.13354978296173095,-0.1688237942951285,-1.326186233855825,0.14708221361757057,-0.17156334399976064,-1.5352670280925471,0.13441570999132366,-0.16854777149751154,-1.722867847513088,0.11730475177783543,3.8152689029843794e-17,-0.9928776484691715,0.11913847057238984,0.04055210198789689,-1.3860289251173543,0.14543792944806166,0.08230354187940105,-1.6319447780213303,0.11153635576671764,0.11909882300231421,-1.8233507177231918,0.08021881974096402,0.12330951678397378,-0.9384177346915181,0.08544995151502847,0.17392637117896603,-1.2830242139895205,0.0936971282124778,0.20422041851699518,-1.48539378032173,0.051411540283695316,0.22564223146224038,-1.6592470385196945,0.018223855593572678,0.24044324100184788,-0.8214548957907407,0.0379461795361852,0.3147793145952711,-1.0786960950768187,0.03552624293999539,0.3590918244982595,-1.2371370092484488,0.014326439728021707,0.3975846165498873,-1.3788960940220345,-0.0024124289044705383
5,0.0,0.0,0.0,-0.2290520445830486,-0.20000964102133806,-0.051276329728940036,-0.35937775817303713,-0.517006227243085,-0.053998377600187,-0.415756238901149,-0.8032298344916438,-0.06779700668397654,-0.494524180212292,-0.980428043528461,-0.08092881334509677,-0.14626899551751452,-0.9576856920510646,0.12281696364111779,-0.16786666135955625,-1.3223627883854367,0.13329742133403627,-0.16797893240963435,-1.5314842150803294,0.11817381309713924,-0.1626736146741967,-1.717953361934958,0.09912330058919513,1.456079034335708e-16,-0.9938731819752703,0.11052645905099547,0.040944034252438685,-1.3826360619709472,0.13582542342711054,0.084927392916119,-1.6292390711951024,0.10083767547668039,0.12461258733936278,-1.8219896847823718,0.06768329741627742,0.12513472058930006,-0.9387075857624195,0.0783513145907884,0.17490763672882015,-1.281844942046107,0.08653416344516171,0.20813373124566173,-1.4878457195598163,0.04329616104629669,0.23228754524498826,-1.6625791861554644,0.008034315174979972,0.24383208791842276,-0.8213025740869785,0.03130972366178016,0.3185627304885416,-1.0701843812511098,0.028421764972406834,0.36393927547874594,-1.22633284130038,0.006548967960383809,0.4034744574534667,-1.3667652833583792,-0.011359518740633815
5,0.0,0.0,0.0,-0.22631888371262507,-0.2030374985634557,-0.05547409393453163,-0.3571557145342797,-0.5197174783033843,-0.06100081154790735,-0.41421193249726246,-0.8077431490146046,-0.07743308001376414,-0.4956272492011133,-0.9877065116625187,-0.09318899299541215,-0.1443700397382158,-0.9569832844320542,0.12102232000295658,-0.1683602333377939,-1.3235522088550982,0.12991076931197298,-0.17051892814938643,-1.5359126977220205,0.11257827480934571,-0.16755632421667344,-1.7244274339297925,0.09198148395342146,1.630781462495999e-17,-0.9938839683087011,0.11042942333884143,0.03826777721956521,-1.3805647824568836,0.13496564949223172,0.08057822421889874,-1.6269183249141506,0.09844760495026596,0.11792270515606555,-1.818037015324032,0.06433565912485834,0.12396442009175757,-0.9403726082936109,0.07948742065236483,0.17111100337448304,-1.2801772500265105,0.08784906734630181,0.2031260579766475,-1.4880850589054488,0.04417540565195981,0.22490745965003617,-1.6644534006383016,0.008292007620885543,0.2426083848747652,-0.8240189127952418,0.03308949424319815,0.31604534399801626,-1.0716833639994914,0.03081985529863792,0.3603844287464893,-1.2287705027450841,0.00905545615802207,0.3976904457653055,-1.3686681380717522,-0.008959534297673703
5,0.0,0.0,0.0,-0.22761177777520214,-0.20223126515072304,-0.05493664948102051,-0.35954606609233314,-0.5186525976722549,-0.06278173330477554,-0.41627040548354743,-0.8090686827985804,-0.08231006537073121,-0.4976655233099006,-0.996659112476461,-0.10135796235540075,-0.14562092539756435,-0.9595389345852406,0.12203868383811345,-0.16786699870518051,-1.3327577205706753,0.13107072591238958,-0.16935397111861006,-1.5487085256337654,0.1137147719309109,-0.16590754588028794,-1.7390551737603623,0.09275579403652949,1.2849868821019462e-16,-0.9939396679077985,0.10992696011140855,0.03837055306184981,-1.3835951006517577,0.13530960214827858,0.08052731337990644,-1.6332043018732616,0.09996354656025179,0.11707825282693424,-1.8278254561796015,0.06660168523014152,0.12479645014244968,-0.9379082390265049,0.07748799393414967,0.17296317606253073,-1.2793730262651453,0.08860266477965184,0.2053158684329947,-1.488852139902728,0.04915135634205254,0.22614193183757467,-1.6678578934233135,0.015307530419086468,0.24386975988613308,-0.8196966255645926,0.029140800272688512,0.31715126454783504,-1.0732320595472442,0.029183818627827443,0.3607130824888918,-1.232591637762914,0.01067131638742149,0.39631680849984674,-1.3749157143298074,-0.0053573108617318765
5,0.0,0.0,0.0,-0.22604539379724745,-0.20122484098321575,-0.048072191382000994,-0.35717274638186575,-0.5211619202878881,-0.050884078230948177,-0.41395030168304714,-0.8106667640652112,-0.06544341235011103,-0.4952023593222326,-0.9920657968558833,-0.07968395941102414,-0.14603517742323102,-0.9583673282284852,0.12420234999848984,-0.16853144419675017,-1.3353845069655195,0.13465714841133938,-0.1700296954582491,-1.5527667223660662,0.11897356565893401,-0.16696138726490983,-1.7440409282495084,0.09942542151516777,1.6587038516678442e-16,-0.9937998883800948,0.11118355029279779,0.039322856984003,-1.3920917295979411,0.13671989133379953,0.08025903784897061,-1.645063891732594,0.10219603406052757,0.11538216788286919,-1.8406253800036279,0.0695919646475811,0.12510157420601337,-0.9392541572461452,0.0789639885095925,0.1748110907076136,-1.2909597681592961,0.08946975049865281,0.20619502535383755,-1.5065334607992955,0.04974849080832514,0.22611998932549685,-1.6884084468469387,0.016310784347898274,0.24361997492243576,-0.823757297393724,0.03194626036117566,0.3199516418046016,-1.0814466412893977,0.03149591895194676,0.3659442453422542,-1.244856302392195,0.012727764584008788,0.40332499968501934,-1.3900321217776954,-0.0031542934285925285
5,0.0,0.0,0.0,-0.2197568191932344,-0.19542411388792796,-0.05900905001046428,-0.35228714373736447,-0.5205456880465473,-0.07014139433518593,-0.4096121138151109,-0.81673776471914,-0.09048899248530799,-0.49023406086796106,-1.0022337515489128,-0.1108964464277559,-0.14516341985730485,-0.9620359400998445,0.09224163002425753,-0.16860777293317794,-1.34263726246216,0.0906534958175437,-0.1706977803838463,-1.5634928802775279,0.06817313887995273,-0.1680202129478931,-1.7571680065480817,0.044301884839293405,1.5614365861755887e-16,-0.9967083608518827,0.08107060754646504,0.03793661444461548,-1.4011923108145603,0.0928832330938076,0.07920152628342124,-1.6552947417760473,0.05076809039952561,0.11576322132682874,-1.8544059323879676,0.013119364052322852,0.12417070977823533,-0.9388580310879924,0.05146416373697512,0.17275341282694354,-1.2945672543914872,0.04981882256988897,0.20525071021345337,-1.5144529916012857,0.0029333729065371375,0.22749619243885785,-1.7003316729563516,-0.0346406225776818,0.24174612957894365,-0.8177862280437426,0.00709058673106045,0.3163457739997953,-1.0779031620942467,-0.0026753695078729316,0.36260511211598045,-1.240730315953258,-0.02713927854652826,0.4017973605048367,-1.3842950996873074,-0.04709973558863124
5,0.0,0.0,0.0,-0.21573676892375124,-0.19385847702371023,-0.05894393648738843,-0.346672773037954,-0.5251760632472995,-0.07067130078928051,-0.4058384021564623,-0.8227954706752708,-0.09145536810337059,-0.48532692486332246,-1.0111091585229413,-0.11245450802722472,-0.14396256276686684,-0.9637535620801361,0.08831279295934898,-0.16868436248223884,-1.3424154971128324,0.08523692741129764,-0.1701719575403216,-1.5635149031676319,0.06254115520790683,-0.1659829995740714,-1.7589114360297105,0.038607313315148974,8.144569929684764e-18,-0.997079781452365,0.07636693930559339,0.03526430118645441,-1.400707719302629,0.08598811449188026,0.07689284160947195,-1.6543156108782722,0.04368797113238345,0.11516747359595468,-1.8576242625599853,0.00609952611939331,0.12161483592079098,-0.9379300021167067,0.04615614962764133,0.1693277382349041,-1.2922441537808633,0.042209966381780484,0.20230599469115412,-1.5120395273880682,-0.004447046814213969,0.2264763161466739,-1.6994393596150041,-0.04144794329729509,0.2361381815856316,-0.8161174635106416,0.00133571048314085,0.3097791497823141,-1.0804135729213036,-0.010352456085069002,0.35706747677359596,-1.2425216586741434,-0.0348116220756181,0.3984126353131193,-1.3845513769557627,-0.054571813001476656
5,0.0,0.0,0.0,-0.21888514452939542,-0.20361602129959175,-0.06497120192440423,-0.3517402819946466,-0.5363508318495414,-0.0794917202763894,-0.4070751807818873,-0.8417472533889955,-0.10282550851138705,-0.481973515112458,-1.0374273512453704,-0.12618148151288722,-0.1458049266066681,-0.9652756248016421,0.08454239393016447,-0.17171200073567322,-1.351999314635136,0.08033660848555607,-0.1749012889541804,-1.5748705573040094,0.05640299323094324,-0.17261090868333093,-1.7726824477672654,0.03133051475878607,-1.845442081690736e-17,-0.997266618605332,0.07388701790901636,0.03659603662667863,-1.4062465972132348,0.08197897159125266,0.0781431078503929,-1.6588908332205812,0.03769653490691285,0.11556524102916578,-1.8575887902187933,-0.001245956552372126,0.12317394540925321,-0.938382328691632,0.04428339179989091,0.17057375839276273,-1.2973405800423186,0.038210313510859205,0.20255242103140864,-1.5162861842881956,-0.011788206406718316,0.2249812725646352,-1.6989111572665099,-0.050825047654557184,0.23813300208449828,-0.8171821060251353,-0.0002850687883342103,0.312136838883962,-1.079120188669254,-0.013225252549686924,0.3599863912760985,-1.2421340419838305,-0.03995081666194779,0.4004059198979034,-1.3838539878232088,-0.06141521624240519
5,0.0,0.0,0.0,-0.22053977261074054,-0.21011335199340178,-0.05856736038391214,-0.3444011347156459,-0.5426147255147756,-0.06549182756453821,-0.39948069318358637,-0.8435481346092748,-0.08316505992587345,-0.4744396579834094,-1.0419105760583485,-0.101101196427385,-0.14392205919030635,-0.9672477413483139,0.12073337745973235,-0.16602122931998708,-1.3546464908521356,0.13466566140453412,-0.16639598396748695,-1.5769347008498131,0.12466806465361055,-0.16235577722114305,-1.7705525877388084,0.10835089550309365,-2.169164271899746e-17,-0.9940087172668536,0.10930082340725643,0.03814768198963405,-1.3977692072163759,0.14088880034423934,0.08205561091999072,-1.6567063713858363,0.11313745368232583,0.122125431369356,-1.8542440243745617,0.08474231536620237,0.11957925132032546,-0.9320924934692664,0.07667326755682458,0.16683116309133908,-1.2896356243994924,0.08835252723713495,0.20147390692606038,-1.5138510570699644,0.049662882578334275,0.22773188595223356,-1.7061985716288022,0.016325915766040377,0.2332033804340691,-0.812860584767468,0.028082510715880367,0.30485019398218793,-1.07166565924929,0.026294430054243305,0.35388099134655426,-1.2342185653453976,0.007531514778519773,0.39840369990912766,-1.379219091777919,-0.008456528891485664
5,0.0,0.0,0.0,-0.2166402662043093,-0.20742535224458952,-0.0641027263393932,-0.3423696729246993,-0.5416012517367595,-0.07692556142574739,-0.3972026493956998,-0.8457095427151142,-0.09858569916073023,-0.4743153590596362,-1.042646288550281,-0.12033326411543702,-0.14339276812784196,-0.9673494286053052,0.09406057887292055,-0.16654256356093955,-1.3513767379071466,0.09348102556006697,-0.16700567687226237,-1.5737282648889106,0.07282432161147899,-0.16240412762619005,-1.7692513000772452,0.050325678961812115,1.8911448750888416e-19,-0.9964584070322337,0.08408711586671998,0.03589302956109998,-1.4025360389946182,0.09724564070168096,0.0792791832179633,-1.6593634910448682,0.05716031918942603,0.1189274545523312,-1.860059906144313,0.02139123065060838,0.12069891409025295,-0.9356764602461127,0.05450502426067492,0.16740269032058291,-1.2922760064077614,0.05249686460214427,0.20081522600736465,-1.5177911351604916,0.006275549039320495,0.22541352630886352,-1.7091394720004305,-0.030564118430181718,0.2351815362227239,-0.8124361071260209,0.009491773626904988,0.30546817530993664,-1.0783101258731047,-0.0006302328051695359,0.3495008139697187,-1.2404366051577682,-0.024213114705067932,0.38769099506760346,-1.3808341135028208,-0.043331067871682796
5,0.0,0.0,0.0,-0.21148939947368314,-0.20145131583602474,-0.06424892140464625,-0.33890718205564085,-0.532614195064566,-0.07741909867985482,-0.397081940364354,-0.8321512829624967,-0.09821544647272434,-0.47657953212298876,-1.0245179912686664,-0.11814772105821048,-0.14295824459983336,-0.9636153566361727,0.08776209767638012,-0.16544961988391227,-1.3415810624120712,0.08694490397359027,-0.16515140874583148,-1.5570939853393062,0.06691788825044079,-0.15905424095058485,-1.7480944204074005,0.045753096672717354,6.094891587463111e-17,-0.9967011228443788,0.08115954485305119,0.03257387441935323,-1.3936018650791209,0.09419162458640899,0.07277248938146381,-1.636600603309211,0.055887540523030084,0.10890889503798905,-1.8296681329377076,0.021962494680438416,0.12008881281174284,-0.9397912388445965,0.0558371150778333,0.1635331038728099,-1.2857277194708274,0.05533809103100651,0.19686019886031741,-1.5008756718705472,0.012259609217190137,0.22010777396497222,-1.6819501238988157,-0.021725877497036448,0.23318717438025863,-0.8201961403667998,0.01541263990191993,0.3005685355982037,-1.0768880746429739,0.008633901366770294,0.3414657646891565,-1.2294550529287522,-0.012214822566881492,0.3751538404596212,-1.3582010226720986,-0.029083023325379945
5,0.0,0.0,0.0,-0.2085610988447104,-0.203451556585493,-0.0594508223978171,-0.33345469042421977,-0.5392470747623308,-0.06788117894959621,-0.39259321331197927,-0.8360972131888551,-0.08489842267788983,-0.4715979715808327,-1.0249177711301702,-0.10152938691627438,-0.14055429428475222,-0.9659605251882694,0.10065876397066036,-0.1635968750492468,-1.3411473985878926,0.10561177034183972,-0.16359299452854867,-1.5573693273452596,0.09004484309805143,-0.15853027315463497,-1.7466839895872885,0.07171502566116254,8.246259509635189e-17,-0.9957119605470117,0.09250779223193081,0.03268189533561578,-1.392151983131711,0.11312071498934528,0.07182826017753634,-1.6381621299442242,0.07981549372909472,0.10602971060096232,-1.830872610102929,0.048807255864196285,0.11706951110766997,-0.9362434760515418,0.06504832693113798,0.15838762805925047,-1.2871614054842329,0.06945834195440447,0.1888655135271996,-1.5048337869038622,0.028782160466916267,0.2097927101364006,-1.6877095030057487,-0.004220283845356231,0.2278416127660355,-0.816424079178255,0.02248152136055913,0.29460955254870225,-1.0729222946669246,0.017629196934878952,0.33524663631399987,-1.2269326687493922,-0.0020452797072554245,0.36936996572740516,-1.3565790116883485,-0.018109908860319136
5,0.0,0.0,0.0,-0.20521615703710838,-0.19819911107248087,-0.06786388653581417,-0.3300905826943179,-0.5338234171726246,-0.08570243942408395,-0.3880261040919784,-0.8333601949610662,-0.11029797052705101,-0.465517540565714,-1.0280289861918817,-0.13519889871550297,-0.13999936987019213,-0.9704385963696835,0.06709079161085726,-0.16670704762989677,-1.3444840847215633,0.05671625054723863,-0.16738033398607777,-1.5633489757351917,0.030795638081635653,-0.16288912262218397,-1.7569827628392485,0.005790690402847052,8.522037404907974e-17,-0.9982805497637206,0.05861692557140451,0.03160942398196401,-1.3981175077333463,0.06134706435890369,0.07053286326885012,-1.6430388151830806,0.01738806269740665,0.1042041477170664,-1.839016308071301,-0.020808483589872633,0.1166224830040376,-0.9357286701493586,0.031927112698759315,0.1588942968196435,-1.291499402260961,0.02160580356544797,0.18820469992462543,-1.511537481289607,-0.027837870736182463,0.20797800833692937,-1.6966500583427087,-0.06612402596839785,0.22577106389891663,-0.8104871018277835,-0.009337847194777708,0.2941582785261669,-1.0751415161297462,-0.025066077092341075,0.3360556414299127,-1.2343623159425863,-0.05147631815429619,0.371118116019734,-1.3703966295137544,-0.07264255352918668
5,0.0,0.0,0.0,-0.2027315874883698,-0.19739505481232714,-0.07041501229028418,-0.32914893289048147,-0.5329624064868649,-0.09250306269678615,-0.38801754740297645,-0.8323620880779572,-0.12046876439544445,-0.4648784093290354,-1.029414401756305,-0.1487848606960856,-0.13851151310163778,-0.9737382697423183,0.04880769393388635,-0.16729371914798613,-1.3468767108469433,0.029540048073381103,-0.16886971294104466,-1.5647349867342062,-0.0019042683844080121,-0.16503285474963256,-1.7580001972467494,-0.030008575678705,-4.6770974591182385e-17,-0.9992030332472214,0.03991614146622953,0.032418111481082895,-1.4003471867506865,0.03163391442242598,0.06983255214810662,-1.6409434870510875,-0.01741779082216813,0.10242934781501561,-1.835916009153867,-0.05848923448615999,0.11611314843725994,-0.9340454606413259,0.013635653975622962,0.1609354933598006,-1.288577252289422,-0.005082337085360282,0.19016122018882636,-1.5066080491955052,-0.057027720026422035,0.21016772613276405,-1.6905370953906707,-0.09592688500939987,0.22319978787941638,-0.8053446765095085,-0.026793895049354265,0.2936194521433136,-1.0743061488150485,-0.04810654079675876,0.3356400517865724,-1.2369446766824919,-0.07699795241408296,0.37093657060905005,-1.3783963235961532,-0.09963330416315914
5,0.0,0.0,0.0,-0.2048651877025917,-0.2056272082405054,-0.06660782409337292,-0.32779503091574186,-0.5447396173499888,-0.0866861157476243,-0.3872298125794581,-0.8416484689981206,-0.11421978011617845,-0.4648058592114858,-1.0398960554305305,-0.14242038868248952,-0.13655020463515863,-0.9773132355574168,0.061802903712774075,-0.17059719273374946,-1.350234335079562,0.044983434559902336,-0.17508100936207927,-1.5686934830194645,0.014083868085433257,-0.17375911886692721,-1.7623185926543259,-0.014041193916570901,3.94812320918963e-17,-0.9987407879620295,0.050168102026931144,0.02976763145179334,-1.4021866453110723,0.04426577933965958,0.06727396095138947,-1.649040135519346,-0.005016106885904461,0.10050265758901139,-1.8455128180136797,-0.046426766023560516,0.11453151484842969,-0.9314877804947965,0.0204123477254509,0.15790477809352896,-1.288579226618477,0.0032055838543412173,0.18390321376358185,-1.5096006602697791,-0.04949418132682255,0.2016296439279163,-1.693888663902939,-0.08929146698258845,0.22118064870646156,-0.8020882007030274,-0.02362277761205538,0.2918885854420552,-1.0712993745434052,-0.04447452073691692,0.33189976719021547,-1.2348324201540264,-0.07367338778764929,0.36553212836143073,-1.376262244850789,-0.09675943586480479
5,0.0,0.0,0.0,-0.1998273009153109,-0.2166797922271681,-0.07375228596944089,-0.320894051609892,-0.5653681465362221,-0.10058773500922782,-0.37907547722751994,-0.8678616323676954,-0.13383186937465616,-0.4556029929064795,-1.0682900531833532,-0.16795727807655741,-0.1336824747068603,-0.9853655208816258,0.0405555482857228,-0.1608098738430594,-1.3632172869969532,0.015995291478246826,-0.16263203288494948,-1.5829732828285485,-0.018566788214619042,-0.1589186191027892,-1.7753832864173786,-0.04897999480828234,4.592198515023753e-17,-0.9995746060309811,0.029165167203510946,0.03263067270940118,-1.397887874681066,0.0164291078469094,0.07166590030912542,-1.6398871940300963,-0.03516095233819489,0.10736997894130874,-1.8350016696482743,-0.07868211382135956,0.11306543012874584,-0.9263392524301791,-0.00014166371192308043,0.1587843979228294,-1.2808928042048546,-0.023773908251196504,0.18863497217744113,-1.5005997245766174,-0.07943456895713383,0.21076973883007807,-1.6828490462890953,-0.12146656836264146,0.21821598806010087,-0.7903437877970534,-0.044045226712053236,0.2925375865640989,-1.0470398063314315,-0.06945492124384685,0.3364908705095001,-1.2056753018859634,-0.10119517067145145,0.3741897118075351,-1.3429390876491623,-0.12637523239435852
5,0.0,0.0,0.0,-0.2025563710334507,-0.251587726595014,-0.06746085427253604,-0.32837101101143,-0.6117070091126964,-0.09535248521544946,-0.38283890321618413,-0.9241189765790999,-0.13305315989304972,-0.45510190230834274,-1.1404619918703764,-0.1724567266083638,-0.13169933233932973,-0.997643806373656,0.052103943772490606,-0.1681231167620313,-1.377311484533652,0.02786476626568262,-0.1758370390635835,-1.5977397668467355,-0.010372741446021424,-0.17598478983176138,-1.7951057433954982,-0.044490964556010947,-2.2240614676681243e-17,-0.9994278923199507,0.03382141411740991,0.02497961803503509,-1.3930088484093774,0.02230431571429927,0.056540202950912596,-1.6295515800313505,-0.0314534112726794,0.09012630081809063,-1.816414493115397,-0.07777811872075237,0.11462986697356128,-0.9155228349515455,-0.0026297768482396763,0.1520902487186131,-1.2712940415901466,-0.021787489277001984,0.17541481006675408,-1.4906743975228323,-0.07496622098931613,0.1954980893632486,-1.6717667952661524,-0.11842218730522591,0.22240485971524251,-0.7722655397778013,-0.05422240771058447,0.29264026021685574,-1.018780764851542,-0.07648169251259677,0.33700996498746444,-1.1848334901878552,-0.10644930463158139,0.3758942746285284,-1.3328583718316633,-0.13193965647006703
5,0.0,0.0,0.0,-0.20301913040124328,-0.2788643055964959,-0.071836001057693,-0.3300536206793229,-0.6560504256706522,-0.10426142981457359,-0.3870388307932414,-0.9739926361035618,-0.14623142358182645,-0.4653324602903107,-1.1967815511469209,-0.1902406658219424,-0.13479688074583474,-1.0196955673457115,0.03469323194544126,-0.168623951764454,-1.3935897579583727,-0.0006251369703609808,-0.1763520981110015,-1.6098507253053442,-0.04685022805960264,-0.1775266671111603,-1.8026129085192808,-0.08637834938659902,-4.075446597423757e-17,-0.9999044884839372,0.013820778186335553,0.032543655905384695,-1.3844104326354754,-0.013234507587429783,0.06557969383700153,-1.6101326118315877,-0.07876269223600334,0.09825306264287234,-1.7876551864746186,-0.1325663642662826,0.11629839159481378,-0.8963274700969176,-0.024726660237492377,0.16191086153057252,-1.2446556714595216,-0.05974427314098028,0.1878160745842445,-1.4558605823758255,-0.12522141982454382,0.20745038727073287,-1.6312765429338636,-0.17528118155800534,0.2240962770627484,-0.7305319073465505,-0.0779161031505127,0.2968183069724956,-0.9604531349713138,-0.11210693737834965,0.34295405370180354,-1.1125752096490462,-0.15091824376613966,0.3802670389240947,-1.2512200528272888,-0.18205731716860826
5,0.0,0.0,0.0,-0.2087494471629185,-0.28432704942057874,-0.07648686168517743,-0.33191394533190044,-0.6801696370142009,-0.10627965458219757,-0.3960797702434348,-1.0020360102457546,-0.14288057760909634,-0.4795739722313137,-1.2263907572690846,-0.18118671984861368,-0.1381015913610006,-1.0253668807312337,0.031255705565355056,-0.16487077323671925,-1.4094857431702097,-0.0028450756402219335,-0.16675740968639055,-1.626852390746518,-0.04464502033851452,-0.16277593555199887,-1.8172231578034392,-0.07989915354303882,1.1894221526942882e-16,-0.9998699477508046,0.016127231157373842,0.03988200032563541,-1.387093860633713,-0.006545058271716537,0.07801622130056089,-1.6125622529951331,-0.06702108402416279,0.11391933242873692,-1.7947753511301434,-0.11731525470558173,0.11687255230290859,-0.8906705541046528,-0.017423847722520584,0.17109423057318232,-1.227481731090803,-0.050272592570163775,0.20038073604865533,-1.4343230011271728,-0.11443698749390498,0.2230641119011042,-1.612220932130817,-0.16256425064450938,0.22604041950786136,-0.7202984889242356,-0.0656529972118221,0.30929479980400226,-0.9406286053792392,-0.09920174509420021,0.35994483342144706,-1.0817708964556851,-0.1376724057069458,0.40459758398753004,-1.2126127820216046,-0.1681153338099787
5,0.0,0.0,0.0,-0.22021018594143493,-0.30439010022833984,-0.07581652785473757,-0.34341850075766633,-0.7232591134484277,-0.10697583053221996,-0.4070175478893237,-1.0564770431779462,-0.14677654272159701,-0.49594619255501915,-1.2933537115963367,-0.1899995528867515,-0.14202159736091027,-1.0441330626797711,0.037222901386553854,-0.17229815863378822,-1.4321583353532865,0.003810399115354268,-0.17644584497382174,-1.6586528438383397,-0.03865933325309245,-0.1734409612089544,-1.8522223696014282,-0.07581820456345102,7.172544244178546e-17,-0.999868976935027,0.01618730869856085,0.03964808221751688,-1.3804729036746353,-0.0026317893912916335,0.08375726858228169,-1.6148873905105467,-0.06225509184054486,0.12884843792607753,-1.8009447270843544,-0.11386053200128453,0.12058075588139736,-0.872381918504399,-0.024389233760689712,0.1777711278548425,-1.2115504739436571,-0.05304748828172899,0.21100671620139932,-1.4260004949160545,-0.11567150443520466,0.23879556272290903,-1.6096397119130432,-0.16580325736254242,0.23591524261965532,-0.6867482793999069,-0.08075060737779308,0.32652831375276575,-0.9081453742587656,-0.11394179309630638,0.38351791976828903,-1.0567112821800688,-0.15250675402741454,0.43528614015745143,-1.1961400923283863,-0.18461914705333524
5,0.0,0.0,0.0,-0.22498202610266646,-0.32177033304612673,-0.07649119321865509,-0.356083020229645,-0.7538989993136604,-0.11022498156921003,-0.416958497367623,-1.0958140210189975,-0.1515904140832396,-0.5071052207218544,-1.3404412950896891,-0.19627760068226435,-0.14747187920414093,-1.0523717797554755,0.020318030175300303,-0.18295437835203301,-1.4548651172327887,-0.0207317115847965,-0.1878696726492882,-1.6884205214349457,-0.06920249772017188,-0.18373668152988967,-1.8900352458446954,-0.11013606496839459,1.016237816435061e-16,-0.9999998755875029,0.0004988235947796521,0.03719134087132886,-1.3936116893588193,-0.027963396532412563,0.08112923950515452,-1.6308517921359722,-0.09310650868655372,0.12750585763424022,-1.8190806824309766,-0.1482563146075486,0.12904843024140691,-0.8645478054598941,-0.03706020978457528,0.18482594759713825,-1.2180902058365575,-0.07121733664147863,0.21847568818397997,-1.4420073828576347,-0.13518084133628605,0.24688992448358224,-1.6301538101386839,-0.1863867582958562,0.2515988737773337,-0.6705812300549512,-0.09002896496415545,0.34336675891618906,-0.8913498752290459,-0.12451224761043556,0.40266190610125235,-1.0408274441308607,-0.16286413881294598,0.45533636216031886,-1.1793071519906029,-0.19523659960757697
5,0.0,0.0,0.0,-0.22695609467879133,-0.33569363638585087,-0.08674336108422057,-0.3702708761705804,-0.7716120118133809,-0.13149592265212515,-0.43870495632001005,-1.11175751572291,-0.18364839087549933,-0.533629471028254,-1.3577258809514892,-0.23934470128816895,-0.15654000010920727,-1.0700950407014185,-0.005766932533041354,-0.1937921467376116,-1.4611913942138934,-0.06622599993148609,-0.20177954985415952,-1.693143974216602,-0.13081089657701298,-0.2003940597055615,-1.8965502532969059,-0.18333360485421732,1.1232246554792673e-16,-0.9995577544766714,-0.029737105870519,0.03505955545839971,-1.3865746222117574,-0.08497252094136672,0.07188261452283355,-1.6176610069433532,-0.17125229288148197,0.11105448558859539,-1.8046564107370262,-0.2400363818471869,0.13695368418600912,-0.8461418488656021,-0.07151335306976873,0.1866620418358506,-1.198048262303474,-0.13216059147152073,0.21077657282684334,-1.4170895124826832,-0.21583923173884276,0.23015305171679573,-1.6014287484477767,-0.2779127719681821,0.2652938584331296,-0.6307499673433676,-0.12859615895883567,0.35234633643466995,-0.8440726285485257,-0.18447168233843156,0.40665750352610436,-0.9906519339986928,-0.23742518808037189,0.4517491445370692,-1.130651177635104,-0.2794406671907609
5,0.0,0.0,0.0,-0.2454235336877883,-0.3496017717898284,-0.09969600162048334,-0.3874913212935057,-0.7886792453755949,-0.14661507932875112,-0.44936449958878144,-1.1353513668065442,-0.19671640984709626,-0.5452221083327885,-1.3970373576201038,-0.24982601129536866,-0.16491221445401194,-1.0763866965406792,-0.015503207429150226,-0.1914991270959633,-1.474959085787115,-0.07110948765237639,-0.1923756290711902,-1.703444809512464,-0.1297493450280914,-0.18618685417709044,-1.9052961192544469,-0.17729367676446578,1.1470801388931117e-16,-0.9996015295886572,-0.02822732796452732,0.046615892842927484,-1.3801038623668254,-0.07340094882490003,0.08633801364788167,-1.6064799292584397,-0.15191680434176835,0.1256996220520149,-1.7931946792611053,-0.2161704150836723,0.13948992207497135,-0.8477004003055024,-0.05916716013460274,0.19960339844826494,-1.181110387513324,-0.11096163359847747,0.22958158002758697,-1.393036510428083,-0.19075477149177586,0.25327847339494475,-1.5778064341418452,-0.2503177639468835,0.2694994451222436,-0.6365132592180405,-0.10591294521044599,0.36870963434047704,-0.8399145369643856,-0.15342727300868975,0.43078772916161867,-0.9644416259689167,-0.2019385287170974,0.4848732778500795,-1.0821037900133703,-0.24099006025949082
5,0.0,0.0,0.0,-0.2751226227516832,-0.38471091779647626,-0.1124380284156457,-0.4437424101126263,-0.8574397319193827,-0.1712327743925699,-0.5123721177219934,-1.2210552551101228,-0.23314495059038592,-0.6239562768912396,-1.499090301292314,-0.29872902038967725,-0.18520546063912022,-1.1031734541911145,-0.03610357867057797,-0.2154445069949964,-1.5078591429219605,-0.10079031781042247,-0.21706197824347073,-1.7414722747929845,-0.16750012162968414,-0.2081311379877259,-1.9428459449542692,-0.22239824998497168,1.3467559994789493e-16,-0.9986961166761329,-0.05104964775600378,0.05144918869910579,-1.3739117442934263,-0.10325890296444393,0.09915066656181525,-1.5947871708744292,-0.18816786124724982,0.1502078986801298,-1.7712472118300986,-0.2594330247401929,0.16058128295724905,-0.8167097659126834,-0.08491245477736974,0.22934513744044346,-1.159122471144677,-0.14293690943002868,0.2662940789671757,-1.3775800198320758,-0.22856389558869103,0.2969291251885362,-1.5580109578622579,-0.2952024907597683,0.30963681899358364,-0.5749505210374849,-0.13645393573370307,0.43060571325988095,-0.7577247827614912,-0.19092849554388114,0.507044262295724,-0.8825794986778708,-0.24414906889756918,0.5705852767352076,-0.9995041473290287,-0.2879078681919074
5,0.0,0.0,0.0,-0.298677255189092,-0.39259412725469583,-0.1343625898480067,-0.4778818633044311,-0.8710768687773961,-0.2009051384818934,-0.5437944557328906,-1.2408987235468605,-0.2670511549748263,-0.649184705548098,-1.5282767227111718,-0.3371615298075173,-0.20020099940854258,-1.1175597648666484,-0.04842969293581376,-0.22640492141350307,-1.5258100662274656,-0.11496987731233037,-0.22516118691563236,-1.7605325656387831,-0.1842781176403482,-0.21533924491793519,-1.9571537529032097,-0.24177952505850256,1.3064137392231475e-16,-0.9984719026387578,-0.055261737585230786,0.06012595321574918,-1.37214646523525,-0.1099923616698426,0.1167448858436688,-1.5906295861205397,-0.20198658690485308,0.17599599667890561,-1.7564133970934899,-0.27803681301682226,0.16957800858522967,-0.8040605257527615,-0.08300878049113168,0.24662402321923313,-1.13988762718722,-0.14468603479396158,0.29229201179364356,-1.351969000525688,-0.2404355848623506,0.3307045612892916,-1.5231991105278797,-0.31358589735009157,0.32597754629477876,-0.5497011475499067,-0.1299985891255458,0.4592873711460092,-0.7250059146408244,-0.190589855947026,0.5429713679919158,-0.8434106201410274,-0.25214030869347465,0.6144036963444789,-0.9503174571057582,-0.30135187984061595
5,0.0,0.0,0.0,-0.3101816550920391,-0.40710953805038896,-0.13973853063935782,-0.5028057099352858,-0.8889859551409866,-0.2101866375241455,-0.5749085727458051,-1.2631955800748926,-0.28039465582083317,-0.6899666885374408,-1.5581619536163398,-0.353136854807333,-0.2097435279282266,-1.1240472658607705,-0.04568590306011819,-0.23816175119938837,-1.5328360243741086,-0.11150437642563714,-0.2349818722187704,-1.7633049081225656,-0.1799428508590589,-0.2221217430176605,-1.9617416807218417,-0.2373076774283292,1.1096549440020765e-16,-0.998659369610643,-0.05176353435453491,0.05851156394045496,-1.371550303368761,-0.1033829006088131,0.11454158945242131,-1.588000805114743,-0.19194197374086364,0.17358115575270372,-1.7580904583338188,-0.2667119752827031,0.17789668019798882,-0.800893814919523,-0.08025951258060057,0.2536456008772238,-1.132841321989087,-0.13986983550197216,0.29888453234367374,-1.3407716845957391,-0.2316245016396704,0.33603858172867984,-1.5170258608815983,-0.30281029421460165,0.33918128762107475,-0.5459670582764029,-0.1292602083460805,0.4756316838129642,-0.7122709938518212,-0.1876365514162279,0.5638631545584541,-0.8206674148662397,-0.24554008484907472,0.6369296770253472,-0.9263461688036569,-0.2921971530664161
5,0.0,0.0,0.0,-0.3513053902861415,-0.42745786460506624,-0.1453911835812856,-0.5555801131957158,-0.9237644519230024,-0.21329589043214275,-0.6262879607211466,-1.3039596045047184,-0.27791573078496695,-0.7513450433326366,-1.606689445617841,-0.34549008654834323,-0.23210638586489296,-1.1376934647434354,-0.05937929106047336,-0.2525958936396872,-1.5542871342721838,-0.13164761441511852,-0.24980979695501207,-1.79295052025816,-0.20380775757849692,-0.23968814862029642,-1.9959152430378544,-0.26374166042239655,8.580564273552006e-17,-0.9980132941397988,-0.06300368814781816,0.07731561249653422,-1.378037465283287,-0.12671721519897072,0.14147986148363773,-1.6050204477973904,-0.22600904070020877,0.2079613400974004,-1.7795396533604153,-0.30696839431211737,0.19408234617754694,-0.7880931609642365,-0.08816478193675142,0.2915233295936353,-1.119383832540379,-0.16094848913512785,0.34469948297955244,-1.333505267401793,-0.26520048778073224,0.3904727487011406,-1.5108254292798358,-0.34197077018316685,0.37068301549174537,-0.5213012541634892,-0.13318388886575847,0.5269047891505345,-0.6883668743611137,-0.20338943230162065,0.6263070616334129,-0.8020470864257829,-0.27179885321256103,0.7117797521641882,-0.9077969539010567,-0.3246086699325521
5,0.0,0.0,0.0,-0.3486255405372938,-0.43531803978676187,-0.14980033540918694,-0.5507212716163482,-0.9263169223570632,-0.22040279856347958,-0.6261558605802434,-1.3036202678725008,-0.28954926865369657,-0.7468822873111145,-1.6063744084339198,-0.36182497013977666,-0.23286036723622136,-1.1409634846776968,-0.04088425331829617,-0.24854270972434764,-1.552825299009848,-0.1052508846798406,-0.24266860031445658,-1.786054281119663,-0.1716492729877458,-0.23051609123874528,-1.982897589774134,-0.22827122376812198,8.068352825656467e-17,-0.9989853875246929,-0.045035491694209395,0.08175088896601584,-1.3688069672182543,-0.09344449621897118,0.1461663259747933,-1.5918216160115366,-0.183817503281177,0.2103248935399617,-1.7654575961384813,-0.2605075318757166,0.1912939737945372,-0.7921419002290688,-0.07378573257961901,0.2932160518537182,-1.1143864796735534,-0.13361389943027857,0.3476895202024008,-1.3232579683833259,-0.23215611565665892,0.39125028354113217,-1.503371838020074,-0.3079781181723111,0.3648838034553962,-0.5327344044482282,-0.12423829667314544,0.5252764864271205,-0.6880214692090144,-0.18566191622017378,0.6276156380079029,-0.7961343210449315,-0.2496337315711322,0.7135673936334276,-0.9036517975054088,-0.30060135979589897
5,0.0,0.0,0.0,-0.35244414738565916,-0.4299851073106697,-0.14892171923191044,-0.5606546295540628,-0.9166033607907863,-0.22188386877658123,-0.6410118561229277,-1.2914064777626824,-0.29439802369917856,-0.764245243782117,-1.59348338481806,-0.370163376808614,-0.23657900459030615,-1.1398090628258077,-0.041637496464367194,-0.26262735623405514,-1.5566112920766435,-0.10818135493665305,-0.2618449274908878,-1.7935215499172068,-0.17651619584283096,-0.2539769133903846,-1.9929388134339938,-0.2340962312897396,8.739387093384964e-17,-0.9988716951342559,-0.047490384917563196,0.07305808580821796,-1.3774830085549885,-0.09864786541305179,0.13482094629697833,-1.6037336790989352,-0.1903402816453965,0.19748273702022284,-1.7798025243063964,-0.26713871173248555,0.1964567698451951,-0.7930851512304332,-0.07783625877142265,0.2934877545110281,-1.119284832134685,-0.1379558345209993,0.3469979818006744,-1.328763359304375,-0.23422950336869197,0.38914410290149004,-1.5089834212591535,-0.3081953386242082,0.37721626674092784,-0.5326535926160837,-0.13015792382068267,0.5321474816356705,-0.7030657106654812,-0.19006553919356975,0.6290887344453029,-0.8157627846101055,-0.25124278680256595,0.7099834369858931,-0.924793752796091,-0.3001280641658342
5,0.0,0.0,0.0,-0.36643409867796484,-0.4295490050626324,-0.1525185501316978,-0.5878431775595377,-0.9180357226044145,-0.22353839867948605,-0.6733484999981932,-1.2943658189724436,-0.29004753659342747,-0.8020950178347593,-1.5952044349314976,-0.35927539052979335,-0.25131230126186205,-1.1384872645219017,-0.06551247325251829,-0.2844924356850514,-1.5610295474275007,-0.13937567605908194,-0.28699248577673425,-1.800225375223585,-0.21181366509411573,-0.2798867878026901,-2.006662456741429,-0.2717062832508234,6.764445380063087e-17,-0.9977889535712715,-0.06646205030802796,0.07122408065238267,-1.3887964906792591,-0.1299896095683782,0.12822978724248113,-1.6181630106299405,-0.23098650644603017,0.18566891112004258,-1.8017649312810116,-0.3134872798915545,0.2049021366440534,-0.7917882699050203,-0.08956416923788424,0.2989745932439903,-1.1252528188669177,-0.16347082654682862,0.3512196395243391,-1.33918303100288,-0.27283661528416914,0.3940895251529645,-1.5296618150503254,-0.35300116017628985,0.3897237698939679,-0.5280197094427793,-0.13242734808168277,0.5493247839185244,-0.7018691555006882,-0.20375430136640782,0.6492637614438229,-0.8118114815888348,-0.2748703889898765,0.7350653830581938,-0.9188280163884962,-0.33008411289669154
5,0.0,0.0,0.0,-0.36309419710396623,-0.42621737529489373,-0.1460405962432502,-0.5841116031132431,-0.9175148449724385,-0.21970028481975568,-0.6725836541145551,-1.2907799082498137,-0.29102287730988674,-0.814458369901889,-1.5881637075119122,-0.36639001898563944,-0.25092602384962115,-1.134909879843243,-0.08032111385015576,-0.2870558529020171,-1.5572622707624961,-0.16680820202059507,-0.28821472763295597,-1.7942741583296729,-0.24720576516101825,-0.27983793070112667,-1.9978668800300274,-0.31180613398293927,7.29869204779719e-17,-0.9959419128220783,-0.08999836823131653,0.07142476768410094,-1.3826657344427138,-0.16757746590304964,0.1298740089692658,-1.606757871496153,-0.2744675983201498,0.19019357405139814,-1.7856486216090546,-0.3607545338929104,0.20954863669573928,-0.7888262958528129,-0.12081823875659299,0.30819598069022397,-1.1179972168646226,-0.2054365652626913,0.3592140038207136,-1.3310190421718067,-0.31684542428851076,0.40044102955236893,-1.518079074498142,-0.39835654120572733,0.3975840277159012,-0.5259449300816617,-0.171026073696968,0.5551323814870455,-0.6974821738772867,-0.2491967528680287,0.6526456819227985,-0.8139191018524349,-0.3225544834966808,0.7359446819405919,-0.9274711493394907,-0.3796498155639389
5,0.0,0.0,0.0,-0.3592809387420173,-0.4226925105410241,-0.15943387247602822,-0.5779794306553175,-0.9146911193490009,-0.23591882701703584,-0.6719917132276376,-1.29090487053367,-0.3080997073601353,-0.8126469618005316,-1.585919494768373,-0.3843269375738488,-0.24680314564442735,-1.1297946265767116,-0.08058419837379001,-0.294336853999944,-1.557732678051641,-0.16519545004845146,-0.30434040589660116,-1.8028386215279817,-0.24467103433518664,-0.3037626217333191,-2.012093587112494,-0.30860609280061563,3.9022117401274697e-17,-0.9964958138323685,-0.08364265069069682,0.06500349327348348,-1.3881234205436745,-0.15637140088343815,0.11674062793480601,-1.6190363613184207,-0.26211575875882787,0.1719246631906801,-1.8054237357408554,-0.3479979963253104,0.20606978084016112,-0.7945666016030243,-0.11003553835790045,0.2964842323250215,-1.132106115076035,-0.19200274885118265,0.34375587590246154,-1.3484666137552261,-0.3043213573079698,0.38638071997497936,-1.5385070620441714,-0.3867747269764897,0.39248978255034656,-0.5360279950052665,-0.15732484234847838,0.5422697371354245,-0.7205561480130777,-0.23516219295771354,0.6377136049702858,-0.8361617452465304,-0.3092959938949134,0.7255158157696678,-0.9442771089819665,-0.36698918216767334
5,0.0,0.0,0.0,-0.35483539486575283,-0.4272401988189268,-0.1500059051953943,-0.5723389033528401,-0.9165748681431088,-0.22353716185847608,-0.665253032019793,-1.2876230925052912,-0.2934457692726252,-0.7975082898675736,-1.5759935108552219,-0.36671761697216426,-0.24910555954334798,-1.134775132595734,-0.07995202075741746,-0.2926551533843559,-1.5621124712729781,-0.16367339436239944,-0.2999540680922941,-1.802079974369451,-0.23974136738526505,-0.2968447812632214,-2.011315920288239,-0.3009463459725333,1.0496941986812993e-16,-0.9963048881047757,-0.08588696023570982,0.0704452714708364,-1.3867124361613334,-0.1583666665244812,0.1247138395880081,-1.6130244735123098,-0.2590627970488683,0.18017955551531947,-1.799654170698248,-0.34114600212001367,0.20632696428774241,-0.7925115666753625,-0.11373448174144747,0.2965654380041286,-1.1326414625750088,-0.1956341823782745,0.34346145328803707,-1.3463094339330712,-0.30262523609638214,0.3828211866317082,-1.543094851751927,-0.380952821419513,0.39061909509306747,-0.533682852504401,-0.1613211901140473,0.5396195067207697,-0.7178681448494136,-0.2374832130008234,0.6348394051777995,-0.8291009351798974,-0.3073048600240863,0.7188383280183086,-0.9412929539975485,-0.3616555331267524
5,0.0,0.0,0.0,-0.3400133865328179,-0.4228038329021406,-0.14894683449378054,-0.542282875106305,-0.9044403836886725,-0.2202722527035228,-0.6256290216199645,-1.2729224240336365,-0.28790952819091176,-0.7487809027624499,-1.5576565222334695,-0.3592452963897722,-0.23689595387845053,-1.1307078428532438,-0.07741479600127513,-0.2793951889193987,-1.5531179370467973,-0.1583307142277387,-0.28840680630473303,-1.7896591960740191,-0.23286605046263106,-0.28631673570262195,-1.9957551420633697,-0.29263456042309816,1.0771907498204116e-16,-0.9966033643286245,-0.08235128541113923,0.06924320482265521,-1.38223883325143,-0.15316311646085776,0.11969314039829194,-1.6059520851227638,-0.2536087534541274,0.17323178444008655,-1.786787528131702,-0.3347995052916359,0.19368002552180755,-0.7991772005657645,-0.10907408791526685,0.27634770001585357,-1.1380177240454574,-0.18885741373251766,0.31866174601893166,-1.343678215002317,-0.2952552052677994,0.36009499727547045,-1.5249217403804527,-0.3724320381254699,0.3668702371045419,-0.5486305010866139,-0.15519844872094615,0.5032118488699514,-0.737634103016364,-0.22931294059830667,0.5922674337455641,-0.8462369291826373,-0.29894098819263376,0.6769904555731564,-0.9490665524581742,-0.35284676751707006
5,0.0,0.0,0.0,-0.2910684004131405,-0.4016803432722559,-0.13315755525230408,-0.46463632824670426,-0.8634683586805274,-0.19667550314697607,-0.5416394855774788,-1.2250410231782085,-0.2583565044955471,-0.6473492056979523,-1.501620409797824,-0.3224803231602273,-0.20083938636333756,-1.1140592140854237,-0.051416054555097554,-0.24139201602670696,-1.5328408461347531,-0.1184160155431055,-0.251341723840632,-1.767629220603768,-0.18448858026222983,-0.2485682375858369,-1.9736741831029547,-0.23816685141462032,-9.209177195856234e-18,-0.9984805470261656,-0.055105328329747245,0.05404738281395134,-1.3799870359282727,-0.11129748370414648,0.09548854198366147,-1.601628199043029,-0.2004574298421007,0.14003081043912805,-1.782975340359027,-0.2733193396779101,0.1674283019870131,-0.8154145777592029,-0.07938569293839746,0.23627813132134692,-1.1418385686628634,-0.14397573328238888,0.27319234912548107,-1.342346924229436,-0.23859779523078267,0.30645364055530994,-1.5221682459102095,-0.3078152403899443,0.32129828376854314,-0.5753570550703643,-0.12172765700461631,0.44589200527210027,-0.7582586992662971,-0.1820346852312067,0.5252768890620586,-0.8633786048448898,-0.2423369381344288,0.595609338394709,-0.9683281121788999,-0.2895803898711482
5,0.0,0.0,0.0,-0.3559127321391463,-0.012902995788154903,-0.24493774027360407,-0.5753490471368296,-0.22981160391093977,-0.34421126151032627,-0.7275244387041508,-0.4469702850008873,-0.40829080363238346,-0.8553525035084706,-0.6359333760260938,-0.4654869932808486,-0.27684196703575353,-0.8631674980786344,-0.14049650132785152,-0.3620322248404159,-1.243180922495863,-0.1682738355495913,-0.42245030737169437,-1.4715722611943387,-0.19330013605852955,-0.467019480022344,-1.6514875969578275,-0.2110623149838688,-6.957167369320393e-17,-0.9993251140768407,-0.036733042010014635,0.00854194211456472,-1.4633508615804018,-0.03534536188611416,0.02157128012604271,-1.7337413753170703,-0.05216626651178267,0.04666391096720914,-1.9520672457182462,-0.06585813901497903,0.22044753816219215,-1.046652389431236,0.045409660535849716,0.2448736902782623,-1.4414236811496066,0.054006409818365,0.25628169936165923,-1.6899048475700231,0.03907077742256166,0.2675849675549293,-1.8978363851931956,0.024389841922619154,0.41198816426339985,-1.0360643813788604,0.09785551334139622,0.47511478940943896,-1.3364036068523797,0.11060524503246143,0.5170556816290702,-1.5178976960159838,0.11061232262065651,0.5520215644390745,-1.6755017162099493,0.10976812125145714
5,0.0,0.0,0.0,-0.3781171862487591,-0.0002553114379649466,-0.24435813483540475,-0.6019252832151566,-0.21715190205986315,-0.3495706768211207,-0.7602158457630412,-0.43088456270033565,-0.4195982821041607,-0.900160880010999,-0.613107893548904,-0.48410930123187307,-0.28774711440860173,-0.8564491208800644,-0.16511659250489139,-0.38522034039036834,-1.2380090368036167,-0.20602726627508536,-0.45459854372896097,-1.4663167945091538,-0.23849086194655156,-0.5066505143210168,-1.6442677932340746,-0.2611675891560039,1.2673128500925105e-16,-0.9977990327155504,-0.06631055958074963,-0.004089917226396246,-1.4598448477896768,-0.07949014915887875,0.0025162531819902423,-1.7330648350156832,-0.10203297719234601,0.02488367524513806,-1.9586108378993474,-0.11999046554511596,0.23271818606976222,-1.052011477295071,0.012040030393776388,0.24703936805851526,-1.4464812534537115,0.009283960511613431,0.25252847582041643,-1.6977041560977342,-0.009803859497178173,0.2599114396734274,-1.9132892843638647,-0.027762331546367112,0.4380762686900264,-1.050265921948343,0.060923621871471746,0.505173545348929,-1.3533886791924743,0.06485456010904939,0.5513320355770992,-1.5398464417850384,0.06061148855066383,0.5906773358016945,-1.704227157672202,0.056278823669380695
5,0.0,0.0,0.0,-0.37275354279419276,-0.005570844042299754,-0.26010206543816683,-0.6051670946875845,-0.21114503619447406,-0.3786377680526817,-0.7569888217602293,-0.43131719083538395,-0.4620130649352333,-0.8915441253481112,-0.6172952058922399,-0.5409468358201988,-0.29183951041466444,-0.8486612575045984,-0.19059626813613534,-0.38302741819729497,-1.2281186697906357,-0.24822609528359113,-0.4490816744409058,-1.453639671775526,-0.2940562799164178,-0.4974965920482284,-1.6365489627436491,-0.3269018209840797,2.9306908046896373e-18,-0.995329712715536,-0.09653374014099192,0.007885835238029798,-1.4568385117142595,-0.1271454311139737,0.022238924044298888,-1.7249606268020625,-0.1674302105395775,0.04504911576127442,-1.9442313434991187,-0.19870853474239797,0.2318151992931641,-1.0468886513930473,-0.024414525705371646,0.2489395412827021,-1.4415363159813448,-0.045472616051704044,0.2635677612709656,-1.693480815254503,-0.08453576953705287,0.2714450122948441,-1.9087314435892355,-0.11595518847667848,0.4339741220171377,-1.0322261868322813,0.018229850507360573,0.507489335536797,-1.3467087450259219,0.005738820368367102,0.5591892821559997,-1.5316820476392141,-0.011809608023122947,0.5966179079816819,-1.6911398957078605,-0.02610248258206269
5,0.0,0.0,0.0,-0.3870493647467876,-0.0022329916771690593,-0.2385887012784827,-0.6180020944099729,-0.2072178434714826,-0.34920347626086345,-0.7694007250605138,-0.4265569890852269,-0.4239014931715922,-0.9003409081899293,-0.6158131051427184,-0.4941389709849332,-0.2994707636824901,-0.8458889190372478,-0.20047972589811727,-0.3914485518003784,-1.2283014671949228,-0.2527292566153384,-0.4564921490563257,-1.4589240358277835,-0.2894525751916758,-0.5038580339224095,-1.6434618404082786,-0.3149608044397182,2.0721215419414343e-16,-0.9941632166649356,-0.10788650810193358,0.006609376215218537,-1.4657188585689056,-0.13722819839649197,0.022935006852460735,-1.74308699300541,-0.1654267046797221,0.04677022153547812,-1.9676094119819894,-0.18671830478922177,0.2381780433345755,-1.0504874099116812,-0.03169677193394793,0.2535282700399081,-1.4592920086916508,-0.050558677319246514,0.2664729593701284,-1.7179586753974483,-0.07762437005140058,0.27425412353701056,-1.935707902145292,-0.09919285328391714,0.444409543209595,-1.043148498108769,0.018321950297274885,0.5190424631058504,-1.3668041555550399,0.009918145760448948,0.5713929851980013,-1.55704617988502,0.0003395423640657831,0.609341291378176,-1.7182766392900208,-0.007080626824804522
5,0.0,0.0,0.0,-0.3827105461493675,0.007616543310888604,-0.2652626925264779,-0.6189289153384034,-0.19241515682324997,-0.38230602686737925,-0.7651630911886944,-0.4120142666304635,-0.4667162795033624,-0.8993604629088623,-0.5923238847372148,-0.5477836408975403,-0.2901359316793177,-0.8466472957014868,-0.16097144749948913,-0.39503303105762055,-1.221532437848658,-0.21613395144322312,-0.46530215665049146,-1.448210535493783,-0.2652489622968739,-0.520703308912942,-1.627447498780134,-0.30189388406562956,6.740673302326957e-17,-0.9974715410563875,-0.07106704427929673,-0.00795735614713144,-1.4544103717633445,-0.09414426625540358,0.0005625851264340311,-1.737916537185239,-0.1407268336529622,0.016114849904901057,-1.9675841753010284,-0.17966158397869467,0.23205136690897082,-1.0538929311780736,-0.008006589994950582,0.23785070156332216,-1.4566780000374147,-0.027047211568135967,0.24338431996840623,-1.713422709938827,-0.07653719467554188,0.24387147039609522,-1.9338070305957233,-0.11812024023899045,0.4428633394405254,-1.0499654240360146,0.023454241684564305,0.5186644935419552,-1.369125884974386,0.007254382544346417,0.5711427578385518,-1.567666024543418,-0.01856955097967678,0.6097526590942438,-1.7423904597638453,-0.04063375281484626
5,0.0,0.0,0.0,-0.38515515783608656,0.008723612207676004,-0.2581377865925338,-0.6113809937053747,-0.1926213659569534,-0.37735074010753245,-0.7619725270881705,-0.40708512469636937,-0.4580452864368106,-0.9062640764546823,-0.589643524815342,-0.5327625119184703,-0.2940055129210805,-0.8506292205553172,-0.19555521431727513,-0.40284921700515935,-1.226488076877818,-0.24617801636421532,-0.47578074638884543,-1.456057828684037,-0.2841294564472599,-0.5311307173020633,-1.6337192793573534,-0.3104641008370706,2.7801919727354414e-16,-0.9956158534497671,-0.09353647609083836,-0.017027244291118022,-1.4592891602509002,-0.11572525319000401,-0.009600503435635553,-1.7430033981617072,-0.1414054423650694,0.013673757262620297,-1.9822591496700943,-0.16177095601918295,0.23464275336367588,-1.052998155384033,-0.011773430004713675,0.23253444405412058,-1.453275647049663,-0.020191960767254862,0.23986178877112949,-1.7165006886494314,-0.03979442251862013,0.2493189511310752,-1.9445497271619983,-0.05884186043298584,0.4435792472085551,-1.0549362057783864,0.04009365421307117,0.5067039018708442,-1.3716503914825897,0.04029013530888161,0.5577935461756142,-1.5678357736464605,0.036406479813042875,0.6002099010494107,-1.7397799775906118,0.03193815989014432
5,0.0,0.0,0.0,-0.38569596535361517,0.005436192939013647,-0.26025527957969374,-0.611910375217353,-0.19985949594697439,-0.38301097605417767,-0.7575194576397878,-0.418087383789649,-0.47093680485642303,-0.9010883836445609,-0.5978393042256379,-0.555990067568483,-0.29635048439945677,-0.8475751271183692,-0.1957427803141574,-0.4002489659394102,-1.2233287855378967,-0.2577367954020356,-0.4655996831882062,-1.4579080555541635,-0.3073208826842213,-0.5124513346788752,-1.6440388171099163,-0.3431278755373882,1.266049989872738e-16,-0.9943184910681943,-0.1064459408332203,-0.005363252312986965,-1.4582195663266995,-0.1392043527423663,0.01150481097618186,-1.7437872616934316,-0.18132235029259822,0.038465532377706065,-1.9800238713124816,-0.2154431965019318,0.23972123342982704,-1.051388441152663,-0.039608971152498715,0.25074018091095834,-1.455179895082064,-0.0615929974378709,0.2670141588736501,-1.7191286989848995,-0.10198900367661078,0.27900374666530686,-1.9460382941507917,-0.13660961537082955,0.45485536504050633,-1.0488424797298737,-0.003018354068958554,0.5263924331379156,-1.367238131436226,-0.018369615731929606,0.5756468326211271,-1.5595968899900456,-0.03807796506982033,0.6123856574072856,-1.728485074217338,-0.05505195053113489
5,0.0,0.0,0.0,-0.38205388241435306,0.014126097556668932,-0.277943334334661,-0.6212944767527491,-0.18148357287652517,-0.4084653947150143,-0.758440647123692,-0.4059426561298487,-0.5079517513759909,-0.8906637013698084,-0.5894678536563595,-0.6061767193063177,-0.295055760738408,-0.8395248399057949,-0.17744317934887377,-0.4017741636391475,-1.2103018648567496,-0.2478881982432729,-0.46946169639248764,-1.44104487515491,-0.31114815344406793,-0.5197553035656873,-1.627158022296258,-0.3585015220271286,1.162340492530608e-16,-0.9955434150343374,-0.09430434126681977,-0.009771935790320466,-1.449133270781082,-0.13061720393840354,0.004179096673410111,-1.737745802253716,-0.19204848242913825,0.025707195768321242,-1.9735296651376888,-0.24287358276169854,0.235660427569209,-1.0561158266372883,-0.04000286302717131,0.23845564328149554,-1.4590279089240314,-0.06947313361305844,0.25080050532351256,-1.7191356556097979,-0.13005014059191433,0.2554547769388306,-1.9402826053788746,-0.18112110914458396,0.4523704596975483,-1.0554271433535356,-0.019044701324547404,0.5254565337814938,-1.378471195767162,-0.0440571914896669,0.5845252197411657,-1.5754168710271814,-0.07600343726770412,0.6282093365306699,-1.7460854416492828,-0.10379931277775079
5,0.0,0.0,0.0,-0.3812210482467187,0.00823020402293814,-0.2787509403829606,-0.6066082663686999,-0.1951029336133641,-0.40917162038627297,-0.7472072671279438,-0.41438482232359497,-0.5068707989605561,-0.8851494177270238,-0.5999648396316836,-0.602932396809404,-0.29289592760937855,-0.8528614641978624,-0.17643866516116447,-0.3916942860099038,-1.2227291503746456,-0.23892557707213824,-0.4555682434534093,-1.4563351710425332,-0.29381508129740724,-0.503324339511329,-1.6404782405737302,-0.33570348179494675,-6.859621973638528e-17,-0.9958568180001159,-0.09093513095984394,-0.0024059224337654936,-1.4487465205142935,-0.11803819863603582,0.018416288947179407,-1.7405569032801904,-0.16778679003608224,0.04673658365584631,-1.9810600207988662,-0.21062356324451334,0.2350896730989012,-1.0480129348340255,-0.03451091173597292,0.2470907977888307,-1.4496658995449858,-0.05652905536419012,0.26771557789038986,-1.7147527698694656,-0.1087465079365725,0.2805591367043179,-1.944932232295241,-0.15484451456845197,0.45197066089946913,-1.0445701865637596,-0.011611271588647408,0.528189926016353,-1.3673614586928933,-0.03282644678022722,0.5850302919348609,-1.5650337560304377,-0.06156462701599121,0.627680793387419,-1.7393274523716085,-0.08687736435079721
5,0.0,0.0,0.0,-0.38095764076169847,0.019079910645350404,-0.2683572330749001,-0.6050517085552557,-0.18055736731064,-0.3950849724031472,-0.7382196343919506,-0.40561547433441136,-0.487760001271909,-0.8763427940975556,-0.5886561425932088,-0.578584185124755,-0.2905310806849709,-0.8419581534999124,-0.1977957823497618,-0.39571726471697594,-1.2121165805207785,-0.2689041609598511,-0.4633825827632557,-1.4437939908590032,-0.32719435191479196,-0.5128983934887853,-1.6291414439274807,-0.37015014763764653,-7.660494062855002e-17,-0.9935004526137861,-0.11382816284295473,-0.013563899937716662,-1.4468468603436697,-0.15507311239452112,0.0005902825948132211,-1.7344243311774252,-0.2091370347725228,0.025732000924375855,-1.972708449202752,-0.2532016886452244,0.23311158120448308,-1.0520576248966902,-0.05505868090105822,0.2346133621524124,-1.456405125404786,-0.09066945862241907,0.2495868208132311,-1.7195079950707575,-0.14577637589812578,0.26078394687471323,-1.948340801095248,-0.1907811041358345,0.4450128926860225,-1.0509493995819068,-0.026946827021714054,0.5110219866922742,-1.3693476702009095,-0.05703855690018856,0.5661445779197253,-1.5654934517749786,-0.08799161792771776,0.6104407133373515,-1.7385126938512026,-0.11346064659704784
5,0.0,0.0,0.0,-0.38088682853800276,0.01864494967118938,-0.2708076611433884,-0.6054757509309847,-0.17851043017630142,-0.3975797757094148,-0.7414192438266413,-0.3977295436391303,-0.4911844388820577,-0.8725312471225786,-0.5847732930267914,-0.5832273905099474,-0.2882244963795253,-0.8479147242175691,-0.18293150901304664,-0.3932032239893153,-1.2207657722059981,-0.24535580845324995,-0.460853260138694,-1.4558465236949696,-0.29837698946958857,-0.5111681730317181,-1.6404619621588248,-0.3386736344370594,-9.936642142804404e-17,-0.9951965166431761,-0.09789736084945656,-0.01504101040932771,-1.4479502809382916,-0.1264730250942165,-0.0014145483238105045,-1.7395250098275092,-0.17314436896980379,0.022492663502731547,-1.9785125162875816,-0.21344513030445894,0.23020797691545827,-1.051277911790914,-0.039826872783825205,0.22929721446418314,-1.4577617899019617,-0.06471114727253245,0.2438382989310898,-1.720738570369426,-0.11472288222716481,0.25408105230741196,-1.950228353980635,-0.15839789244247415,0.44117954146546706,-1.0517681021940668,-0.013681317662534519,0.5082109791952512,-1.3709623884674422,-0.037037274124133386,0.5657573025031165,-1.5712142180688256,-0.0646096352043022,0.6115102162948981,-1.7501649152810677,-0.08853673505703975
5,0.0,0.0,0.0,-0.36337722098496317,0.01969694864889204,-0.2685174152606461,-0.5910083731079454,-0.1728998719597486,-0.39429741117393086,-0.7258752300896573,-0.39306927310286505,-0.4888374278385563,-0.8534234933733753,-0.5780440987779318,-0.5814600590146345,-0.2777832741886002,-0.8398650713204528,-0.17268174850192583,-0.3807138998437892,-1.207232219943108,-0.23862767428463097,-0.44662351454811944,-1.4354486131858044,-0.29915331123522365,-0.495498605517707,-1.6209306060941888,-0.3443108282878039,5.2620242826198204e-17,-0.9961482568191192,-0.08768494988440122,-0.012521244186899285,-1.4433574490961079,-0.12102690425597633,-0.0038092379587778297,-1.7278174006708684,-0.17896310595259315,0.010342446832890262,-1.9611858137441331,-0.22678640400352607,0.2244692032636994,-1.0581949945814466,-0.029566930052872434,0.2254950663558209,-1.4602307457967056,-0.055088004353902965,0.23734109317456317,-1.7185294116539476,-0.10981656453107241,0.2408795378305116,-1.9376623750141437,-0.15668140295450841,0.42841385830483647,-1.0588336975912414,-0.0033623442091994995,0.4907446491992174,-1.376853369036535,-0.024273377422838548,0.5458727152951833,-1.5738458637193695,-0.052317864745170625,0.5880611930823574,-1.7446180667103448,-0.07723532200567287
5,0.0,0.0,0.0,-0.3785390716478849,0.010862537162244475,-0.23692514768554498,-0.6018891134441381,-0.18113286297635756,-0.3509581452620811,-0.7398292669928693,-0.40094928127399626,-0.42840068288425975,-0.8634774346383666,-0.5959863098845177,-0.5017820435697622,-0.28969937157617437,-0.8368605911353177,-0.21743967713257314,-0.39305270154811617,-1.2156251116369783,-0.27777555779282725,-0.4557200901361594,-1.448648286055616,-0.32089531255546594,-0.4989109736559716,-1.6400968310769457,-0.3505555961479669,1.384081172322468e-16,-0.9920691878969444,-0.1256929847903103,-0.006012882399527874,-1.4613359152209002,-0.1654096846240715,0.017913256932093582,-1.7465701100578075,-0.20015582262229686,0.05039844503550124,-1.980450467997571,-0.22562686062872647,0.23235613976971806,-1.0555778666397826,-0.04871146672706799,0.24032357729366915,-1.4657319737186525,-0.0748439907239991,0.26321287367186125,-1.7270914151974386,-0.10567431816868816,0.2830687110995263,-1.9521429592203754,-0.12963618823254683,0.43519247685737583,-1.0539135763012424,0.0030918447770828224,0.5027951269777758,-1.3799175605450678,-0.010704921578399466,0.5545414258031143,-1.5749872902485846,-0.023922361568825767,0.597242627960717,-1.7429610094980907,-0.03429388582186006
5,0.0,0.0,0.0,-0.3496499743539932,0.02120537850655159,-0.2835176930828144,-0.5677261869184563,-0.17221541811313068,-0.4170801823549171,-0.703244321047178,-0.38855282390805984,-0.5175513177242255,-0.8193820469279848,-0.5817653284737823,-0.6170004802283817,-0.27248817999757996,-0.8395849731109553,-0.18882327833183457,-0.3679890167699351,-1.2127653516307175,-0.25961124982891354,-0.42615696090380567,-1.4458941771463016,-0.32214204092579446,-0.46862758306664637,-1.635635399302843,-0.3687979580568491,3.1030576087404317e-16,-0.994888360286228,-0.10098094160276383,-0.0020911412518046166,-1.450491440030725,-0.13772424285629248,0.014284457971208921,-1.7412236314369216,-0.19874961570879135,0.03342352519685429,-1.9770932280594238,-0.24961469318421323,0.21898411286919273,-1.055157671809924,-0.041806337953410974,0.2311253363037003,-1.4674758289931138,-0.07378199422484313,0.24840998805120507,-1.7285399364003489,-0.13667716804309735,0.2544563389902204,-1.9505471149559754,-0.1894330669143985,0.41623445370291906,-1.0540641657608754,-0.015419551357340931,0.48383100388859085,-1.3751542060612496,-0.04452357173762875,0.5413483969557744,-1.574827860196744,-0.08055936085793555,0.5858453114541419,-1.750100704125117,-0.11160185404938805
5,0.0,0.0,0.0,-0.34685043808645855,0.016282666226049472,-0.2662570795547376,-0.5678375966185781,-0.15956070536500047,-0.39763648243175853,-0.7034582971670164,-0.372926827115539,-0.4935918711653138,-0.8170358084492293,-0.5654363010936352,-0.5882325795821285,-0.2758250084212798,-0.8260700380391425,-0.23509757381577226,-0.376641198950928,-1.2072368883686155,-0.3188806954617953,-0.43110046263989493,-1.4467138025415767,-0.38406152484756323,-0.4669312189732808,-1.6486952478560641,-0.431348568904067,-4.2814155088654515e-17,-0.9885907355680923,-0.15062654994700736,0.004467028088568868,-1.4651701471614704,-0.21133042353802653,0.03275102009987845,-1.7585055276036663,-0.2766358804778455,0.0628381356598911,-2.0004795356727665,-0.32725662832983304,0.2215563267787507,-1.0536305577718994,-0.08712830555751441,0.2409479109960342,-1.4747079590939305,-0.14038665235733774,0.27068216877386564,-1.7428212797754368,-0.2089644986201722,0.28955556987996817,-1.9767051642246034,-0.26002572564515436,0.41365461997695735,-1.0425746329677619,-0.05093611172521904,0.4936465400875758,-1.3782524996910064,-0.09525839760802035,0.5488752646326582,-1.577308578621625,-0.13798231369644878,0.5900826761416872,-1.750254767580107,-0.17082423193268823
5,0.0,0.0,0.0,-0.32610510142345484,0.03349148055235584,-0.269321916821309,-0.5351593094986037,-0.13396435593171996,-0.407205737412448,-0.6683237842701764,-0.3320127812083659,-0.5090303340996027,-0.7906895455490212,-0.50901740892282,-0.6095592472461289,-0.2657990477339215,-0.8179302535944839,-0.25216266448537633,-0.3673932168332524,-1.190578149709223,-0.34462253564386564,-0.42740178430062264,-1.4198486972666353,-0.4143224869192472,-0.46857260593927635,-1.6089348241916448,-0.4645900183085201,3.345792421105213e-17,-0.9854541652973585,-0.1699414254915091,-0.005207748041841284,-1.4527378407006764,-0.2418133389443979,0.013139190600940289,-1.7458633050801913,-0.3119509902787887,0.03851226511272281,-1.9951027817296592,-0.3659234992562189,0.21564127740175812,-1.0508208182140286,-0.10855143902002568,0.2221734537960373,-1.4628667667445885,-0.17029710483345425,0.2377638639727667,-1.7302247595581104,-0.2415528800653879,0.2481351535240916,-1.9687219489310113,-0.2946365036602991,0.40464557774918974,-1.0401304192238163,-0.07436936283637102,0.47187144420927496,-1.363890366592625,-0.12492849110749707,0.5237089659117581,-1.5689599762067374,-0.17097734198673012,0.568400700678738,-1.7549809359356883,-0.2066741439165188
5,0.0,0.0,0.0,-0.3170671349717004,0.02667847911256018,-0.2700005956604417,-0.5261444117893075,-0.1328004407117783,-0.41205574193763284,-0.654508026126837,-0.33217468515470067,-0.5212317505986923,-0.7773758785534779,-0.5087309639604262,-0.6294441661106025,-0.26053737001493754,-0.8135889771828396,-0.24586200252823417,-0.3667448503933478,-1.1797943133185058,-0.34557116519834874,-0.4261597596265561,-1.406453153029715,-0.42298980959311433,-0.4649987437928751,-1.5996825522779328,-0.47917835341247933,-2.0830283362672257e-16,-0.9850652277300884,-0.17218158181718798,-0.010230724952794697,-1.448555796839981,-0.2513530237474447,0.0062108942851766685,-1.7363595273103705,-0.3312853077479728,0.029873016709313395,-1.9850867062343192,-0.3927347944347372,0.21394585823103543,-1.0540332430694335,-0.12125468512137756,0.21676567606326685,-1.4603559980843448,-0.18945682524729462,0.2333657022182493,-1.724573724192692,-0.2685711690762369,0.24323411741079576,-1.9643549311427078,-0.3275822008370858,0.4039831044935182,-1.0442171202932815,-0.09806527989878003,0.4699933477279167,-1.3722081761698675,-0.154085335768275,0.5219482448552973,-1.57699154515701,-0.20502489840433213,0.5639725463262482,-1.7635064735814097,-0.24487668414375025
5,0.0,0.0,0.0,-0.31552631862963215,0.03693065285011753,-0.3050400161170332,-0.5289881596583944,-0.10615890867696763,-0.4715251343985488,-0.6606798182170079,-0.2951160118382041,-0.5969278545772924,-0.7715431716600512,-0.48306085071164706,-0.7217459473664378,-0.26979487305657235,-0.7958906929526015,-0.3279723063654791,-0.3695744400701656,-1.186735475010278,-0.4470535796454644,-0.4339129112133053,-1.4175236022773727,-0.53092934692497,-0.4748222857826199,-1.6134402521709004,-0.5898076394147235,6.882518083314178e-17,-0.9710706470038389,-0.23879237535471196,-0.0005994547410277801,-1.458637887603901,-0.33773912030933906,0.025709015822301635,-1.7564404397635518,-0.4193217767249858,0.06012049970929441,-2.0128197980703066,-0.4810070767167136,0.21869801606475733,-1.0465796112639822,-0.17081591499057877,0.23447603512997348,-1.4681692273472668,-0.25333589897335057,0.2613004278806378,-1.7402254384179123,-0.3337717719270954,0.2805018534660662,-1.986454660187407,-0.39303937376996745,0.41017141509597715,-1.0459781479803894,-0.13205145192367607,0.48146161778465385,-1.3892101515048165,-0.19646313009208774,0.5407118966039628,-1.6018546994009821,-0.2503866836885012,0.5890390856990338,-1.7943139257921104,-0.2926942039137416
5,0.0,0.0,0.0,-0.30779869832394774,0.035615642132709804,-0.28663304287492664,-0.5198792871070207,-0.10821770867800419,-0.4443175994592071,-0.637821024164861,-0.30485977984154355,-0.5692507407024711,-0.7556275128005338,-0.4702823432943845,-0.695619250633549,-0.25920470973908105,-0.8027309760672824,-0.2850374788951629,-0.3564823319895503,-1.1818747092520931,-0.4091696633369546,-0.41352981733361904,-1.4117294880794231,-0.5057168829547461,-0.44948174234128835,-1.6093482635286556,-0.5767503337185728,9.691392985384916e-17,-0.9756813463261085,-0.21919377370553278,0.008994291003859027,-1.4526967118245502,-0.3250002969246359,0.03583609236251563,-1.7539217329095527,-0.42754948311030233,0.07011163896368941,-2.0169559645994197,-0.506621360238168,0.2111253120529048,-1.04025964321446,-0.17700241486410964,0.2381249037246669,-1.4606198723249022,-0.2703667826566124,0.2681797978705227,-1.738842940491224,-0.36896915709114053,0.28996177715934945,-1.9916506627970305,-0.4420035451462162,0.39526431552011465,-1.0155956442436378,-0.16356048866068637,0.4789311780619712,-1.363520378017024,-0.24252830470400968,0.5419394799406569,-1.5797265301545458,-0.3083593892803827,0.5960260836412514,-1.774546086576916,-0.35977942412895153
5,0.0,0.0,0.0,-0.30461590249512643,0.03555033228705737,-0.2983824221864283,-0.5215126629681391,-0.10505685820718214,-0.4608295443801439,-0.6365178535584786,-0.30652280757954514,-0.5883880420003742,-0.7472385252132,-0.4775992538477568,-0.7172053403313823,-0.25749777822483005,-0.7962172820311986,-0.2972965587637345,-0.35337984510088094,-1.183377832616915,-0.42528439542107066,-0.41267361278800085,-1.4133940151107467,-0.5232194976760186,-0.4502883065268094,-1.6126627503178992,-0.5947348731063564,2.3246344828715252e-18,-0.974044544443265,-0.22635641241262022,0.007380007167032967,-1.4586104668042055,-0.332618649526833,0.03146488305104362,-1.755651376187829,-0.4364691322842582,0.06329860612592512,-2.0166177848601974,-0.5173590178999171,0.2081100587129163,-1.0409902922385517,-0.18019311744340508,0.2328854548002925,-1.4643559702188162,-0.27568509898251004,0.26535195720553845,-1.7451080851287784,-0.38008339884808723,0.290279221540888,-2.0042841851383244,-0.4575964674783499,0.3917129502598965,-1.0185384500131636,-0.16327302071129024,0.47883813788907365,-1.3649414674785103,-0.2448363808319042,0.5456675828452101,-1.5808220916034512,-0.3149438789636898,0.6016283938986936,-1.777717864643719,-0.369937859790174
5,0.0,0.0,0.0,-0.297322790625064,0.03242422040155074,-0.2272139541474587,-0.5109131863736636,-0.0963391986954928,-0.36253877716528,-0.6150396563448849,-0.30047835135754297,-0.4721321130774612,-0.7309887478566359,-0.4504632903980721,-0.5832744048540376,-0.24648346246171737,-0.7823093139570851,-0.2724925372969424,-0.367217115363019,-1.1671437362465138,-0.3919580947562822,-0.43683030337786255,-1.3883454769351102,-0.4787189209038159,-0.4811938860470277,-1.5870834119032597,-0.5429510072788998,-4.612910037453548e-17,-0.9727184382408939,-0.23198887884162947,-0.00626543400006054,-1.4595486237199344,-0.3388031616394231,0.005361167312269727,-1.753708863983454,-0.4328689854938783,0.02551831732831912,-2.0124312855049613,-0.5067637113835753,0.20321495528345698,-1.049203114492627,-0.20668679323505879,0.223134225607625,-1.4884452728554265,-0.30388602096746326,0.24186697675934618,-1.7610478510979697,-0.39683785505485275,0.25383139762444645,-2.0069014063966786,-0.4642447587603215,0.38383081040815936,-1.0287508907180227,-0.20241319960656926,0.4674034599836172,-1.4059601724439779,-0.2835031472343071,0.5212846020735041,-1.624278583058544,-0.3463809316725935,0.5644320306915892,-1.81147952801236,-0.39537087000328874
5,0.0,0.0,0.0,-0.2946902385464268,0.03264671331804809,-0.257097802341288,-0.5082647162089411,-0.09619583865865558,-0.4025991695944281,-0.6069659035855457,-0.30559976696678615,-0.5174702339858621,-0.7166159941921897,-0.466145169802308,-0.6342014696042588,-0.2484284710885393,-0.7823895702478059,-0.2923943463245126,-0.3669782432254699,-1.1605307564123295,-0.41956987828283315,-0.42828097160644557,-1.3879151372384588,-0.514474233672142,-0.4625941510668003,-1.5966251056997776,-0.5837591476390004,1.9741361950189114e-16,-0.9712054505922262,-0.2382435156304385,-0.003743044054135247,-1.453004596569173,-0.35140080987281086,0.020841025793521716,-1.746778790950321,-0.45545591902175137,0.05308503001365373,-2.0060569126459122,-0.5359084288497865,0.2013051673629339,-1.0465050356572783,-0.2022130895435938,0.22128691380210855,-1.4806643103846429,-0.306273238017471,0.2509290918166094,-1.7535722297264613,-0.41316642546280624,0.27376875435061815,-2.0025260533580567,-0.48950761072976157,0.38057985450217824,-1.0237494802762355,-0.18908715988108463,0.47064983902139185,-1.3980033176707691,-0.27600104001195314,0.5226597312543781,-1.6120525985037244,-0.34887551726213956,0.5604439442241262,-1.7973176678881373,-0.40515480241661456
5,0.0,0.0,0.0,-0.28971148058671414,0.04619348430215769,-0.25851533502535334,-0.5007429330024286,-0.06908524912785369,-0.4099405315801151,-0.6051795557113084,-0.26968858332761414,-0.5261249484348716,-0.7099105408191505,-0.43270711743644996,-0.6446985939157809,-0.24316993215917226,-0.7632186168121832,-0.3418344659581512,-0.3729115692827797,-1.1428031629061266,-0.4771040056554076,-0.4386368555568876,-1.3757023957561043,-0.5714834989795502,-0.47604565498775814,-1.5864688351256448,-0.6389953235576614,2.109614768128745e-16,-0.9592144150236346,-0.2826795111267643,-0.01635069214449899,-1.4534334678482501,-0.40815988037211554,0.002452289553468599,-1.7558755968510467,-0.5090161064860484,0.033600960847736686,-2.018640779653637,-0.5857627951278979,0.19635548383947807,-1.0419650084960712,-0.23661266348814464,0.2066766148210293,-1.4927746056142857,-0.3487724356665815,0.23311433476673948,-1.7745709018242284,-0.4509154265647654,0.2581875326500722,-2.026666342411754,-0.5227311710640211,0.36858402091366627,-1.0242000446619448,-0.21147266151782007,0.44670302224300584,-1.403376335507467,-0.3029390470276444,0.49272116092768037,-1.6213429022783006,-0.37420890650545513,0.5291805403476728,-1.808123806739897,-0.4285631476153424
5,0.0,0.0,0.0,-0.2808225765129565,0.048997429183700585,-0.2572463572532576,-0.4867291472387102,-0.06248332317472996,-0.4132416880951642,-0.587679699720468,-0.2644930559752212,-0.5328600949214379,-0.6894248281605055,-0.43354224217711634,-0.6548345993714768,-0.23792097854599562,-0.755279035373334,-0.3642178072798064,-0.3675481422679561,-1.1401842559513218,-0.5061878516704144,-0.4321209288532649,-1.3786996546858077,-0.6025252831054055,-0.4673843787391185,-1.5934259696955766,-0.6711054559503914,1.9024824976037644e-17,-0.9519211730194439,-0.30634307623526613,-0.019833325565230413,-1.4525372260560898,-0.44141475131863234,0.0010183470390810574,-1.765345295456579,-0.5438698169571368,0.035878199059752154,-2.0404961943369497,-0.6211709533403107,0.19207092153115596,-1.0357221583056548,-0.2592545038999101,0.19954396263171592,-1.4897839620836484,-0.37750889144289246,0.2258152185542974,-1.7758463755421123,-0.47808888078070483,0.25233371935668575,-2.035022453816941,-0.5483915717530534,0.36107136771370274,-1.0185320020468196,-0.23214717721590628,0.4336202092037445,-1.4010990137637278,-0.326936628779383,0.4804091848809564,-1.6241262354791544,-0.3975698731799887,0.5202766236977179,-1.816674450727957,-0.4514854559299605
5,0.0,0.0,0.0,-0.25730622285024285,0.05117595165420589,-0.2794371058849415,-0.451777919950261,-0.06458831958490602,-0.4446008979256831,-0.5516566320347777,-0.2608577352289191,-0.5736304561589205,-0.6636933123253218,-0.41786064374942355,-0.7062653008310837,-0.22014590606385429,-0.7584977564846581,-0.36351059606432007,-0.33288898662297123,-1.1416114085337832,-0.5171677302747599,-0.4012778260697502,-1.3664775758434962,-0.625380488117338,-0.4431965924198596,-1.5678297217567498,-0.703412872770368,1.9058249839730273e-16,-0.9514230426423377,-0.30788665760178147,-0.009317595331781873,-1.447977171225616,-0.45148357561117164,0.0025925549193474935,-1.7543031607055595,-0.5713950157667469,0.028264522334560588,-2.02964676584502,-0.6634905696976209,0.18262440356374396,-1.0301420463358455,-0.26905067757464374,0.1934903882309169,-1.4793486645610407,-0.4013553319411048,0.21439484024450844,-1.7659845936945258,-0.523239743327407,0.2353135535117039,-2.035671726363,-0.6095994112045064,0.34628646571201604,-1.0081778453863908,-0.2528210743123516,0.41001788987161664,-1.372150369935522,-0.3645804554969112,0.4559479862484122,-1.5932084087084781,-0.45181783591786173,0.4988011831603905,-1.7963619608359436,-0.5183244673976095
5,0.0,0.0,0.0,-0.24915147175143637,0.053055130944319406,-0.26131219996230276,-0.43503253906373707,-0.061093051955006854,-0.4190049441420028,-0.5303231457874849,-0.26114925846006365,-0.5390942194406735,-0.63909116139202,-0.4204983691671549,-0.6617767413167378,-0.21512049845263195,-0.7456755184199519,-0.3785205204513893,-0.3362484758627417,-1.1423463660379296,-0.5296425331539114,-0.4033313397418404,-1.3809165817653957,-0.6305405516247001,-0.4448900602347531,-1.5934123855665143,-0.7031483460667659,4.9717706766295143e-17,-0.9459479684678028,-0.32431842524228655,-0.02015500183457255,-1.466649643980006,-0.4705045710190015,-0.011764825451659331,-1.7889721360260613,-0.5807148955572051,0.010200135042903073,-2.0767120142085593,-0.6652011352303396,0.17736264060409584,-1.0298076105687894,-0.2818167288421903,0.17745826018908148,-1.5020880564180679,-0.4157069341444076,0.19357686128500246,-1.8026560973497967,-0.5267413944691618,0.212314719427477,-2.081066260108668,-0.6043484531542331,0.33096920936037705,-1.0075296707758084,-0.2590058108432921,0.3828839268031767,-1.3890359868040139,-0.3697975659365878,0.42522600461541804,-1.62121563143192,-0.4506432564748723,0.4686702486998834,-1.8299488712799583,-0.5119134631314355
5,0.0,0.0,0.0,-0.25800530743982975,0.0512119775541087,-0.2635544645676601,-0.45116045694995904,-0.056750380062157775,-0.426400150644088,-0.5469059961440181,-0.25861503671895003,-0.551203187861594,-0.6374421701555134,-0.4379047235076053,-0.6785029876224145,-0.21544959095562616,-0.7488847072397904,-0.38866657659271014,-0.34299534134437454,-1.1342006786528636,-0.5415542614233633,-0.40810896293578347,-1.3727615495166505,-0.6432710031500625,-0.4441826559837116,-1.5888934421884136,-0.7151134809997881,-1.8022744836212743e-16,-0.9434374264548454,-0.3315506331833168,-0.025143657974813365,-1.4506466888882783,-0.4782469943652319,-0.008764214767002091,-1.767818051808491,-0.5852318819348005,0.024025182950081263,-2.0499510465844564,-0.6660754228788595,0.17045971703858417,-1.0200507854526526,-0.2849467306634844,0.17560485439821072,-1.4815429894346506,-0.4134266972990854,0.2002273757284506,-1.7755985659664204,-0.5173831835957818,0.22871438119358659,-2.045266651112465,-0.5901004243722366,0.3173017605505705,-0.993399549282958,-0.2579880541648871,0.38460967320280465,-1.3760622010751118,-0.3613180374733184,0.43191551163759195,-1.6097718566474024,-0.4357967416226852,0.4764137875515935,-1.8188417252922595,-0.4928779708411256
5,0.0,0.0,0.0,-0.2493201355425003,0.043914607590036826,-0.25890431220572274,-0.4368169121384901,-0.0658413021255252,-0.41912891185551376,-0.5295317228350482,-0.26786350522799696,-0.5425139259512594,-0.6186050056841547,-0.4471361460340441,-0.6687995988126859,-0.21123070947325948,-0.7526472994203581,-0.3807467304882586,-0.334641316190148,-1.13632595678114,-0.5311719048317012,-0.39660767837612854,-1.3766221087091592,-0.6322759614817779,-0.430798658669449,-1.5946855514981837,-0.7041678381888014,-8.675192560598113e-17,-0.9453944198237514,-0.3259285059121289,-0.025910070690565067,-1.4505881265911607,-0.47034330316413053,-0.011166321039961786,-1.7681848620982228,-0.5778197543983463,0.018145263417115105,-2.049700322577229,-0.6596681637048282,0.16799434639875518,-1.0208232235131347,-0.2815254603710961,0.17182692054293972,-1.477722919973255,-0.40857467240341494,0.194423145195145,-1.7687636017888553,-0.5139715551044463,0.21874028770561754,-2.0366914294678957,-0.5880808386897307,0.3131703016413986,-0.9922843859673038,-0.25632215948813947,0.37867520382176234,-1.3702749742406173,-0.35888176064194777,0.4255038936937046,-1.600892688133125,-0.43398168983431157,0.46753330166385276,-1.806912799865279,-0.4917825940965121
5,0.0,0.0,0.0,-0.21831452784869104,-0.1754048447444535,-0.0722797903332002,-0.3497247683904809,-0.4996495553979172,-0.09840518290405519,-0.42242897409965235,-0.7760999791855916,-0.13258648405558746,-0.5086802569482463,-0.9190287634498482,-0.16911288258967033,-0.13809469478310374,-0.9622269028149992,0.036048215352890954,-0.16438573727773728,-1.338543803602166,0.008981103700082038,-0.16616929335829822,-1.5548386036551876,-0.026509539995141707,-0.16301768804579148,-1.7380674388707487,-0.058035231949208135,4.6944013461412395e-18,-0.9998292111664648,0.018481030767907983,0.048383084822816794,-1.4104905994815808,0.005432468604044564,0.09225875980842088,-1.6571594973400363,-0.04698187707470096,0.1359456073613896,-1.8448323513096252,-0.0930053777994551,0.1161257875938437,-0.939444892726554,-0.017352727658999468,0.17346447890186956,-1.3140849277598643,-0.045120921098540316,0.20801899539859164,-1.542256873125171,-0.10931364225036172,0.23951789216724043,-1.7270148287187441,-0.158366115257467,0.22557047467271138,-0.8106410351006282,-0.06803460808223658,0.3124930884087815,-1.0533998419141748,-0.10047416726741352,0.3670747304536065,-1.2175507584498313,-0.14018117976618627,0.4172609470976779,-1.3664112193925577,-0.17141335709831246
5,0.0,0.0,0.0,-0.22377046699036776,-0.18215482993389406,-0.06704996078841868,-0.35639675863123377,-0.5226660387509783,-0.09870678968775666,-0.4302787770653637,-0.812484451426298,-0.13955804855228518,-0.5267521072084173,-0.9768251019944525,-0.18464076881578348,-0.1378237828791986,-0.9746599624270147,0.01914157088638191,-0.17146695516207916,-1.3803821946603927,-0.016509969295465412,-0.1780287245860898,-1.617471330786986,-0.05878223720483518,-0.17535619579786454,-1.8223267334856024,-0.09638298356653816,1.159866860453057e-16,-0.9999834733819047,-0.005749170641191979,0.04158957537007458,-1.4303769394011143,-0.028316877796412572,0.08535608197063965,-1.6966943684668732,-0.08580412559471337,0.13348351645071976,-1.9033126125780244,-0.13648751328067854,0.11626086635439843,-0.9268368146008541,-0.047220777502129996,0.17123262347144422,-1.3298828294366787,-0.08095307836346179,0.20438830429763583,-1.5753302954077602,-0.14615009874515858,0.2363266867707848,-1.7722434955039081,-0.19746241560753267,0.22496260600284956,-0.7872779293335496,-0.10255858756403272,0.3134273390115976,-1.0543862196536602,-0.14100974863663449,0.374388992504991,-1.2364062525269877,-0.18273797548488496,0.4310613338662594,-1.3976048814995827,-0.21647092384848454
5,0.0,0.0,0.0,-0.21512546789790465,-0.18567385531277655,-0.07516253974670976,-0.3498716847939253,-0.5227622412991197,-0.11134435860340262,-0.42415757952296584,-0.8108892251979805,-0.15385324518713023,-0.5161350118583827,-0.9783129528291674,-0.19927172996027753,-0.14211515796768817,-0.9796322601380155,-0.0019734982933301533,-0.17041733296119022,-1.3685291849380037,-0.044317835944996324,-0.1771298527735405,-1.6011859601268201,-0.0915273656896579,-0.17465887176282635,-1.8016810334866373,-0.13155011235471606,9.300123215244997e-17,-0.9997968221134345,-0.020157244153844033,0.04068248209926313,-1.4140962591330166,-0.053005816858058045,0.07951260928732751,-1.6725694209335964,-0.11500443376449579,0.12174086259349282,-1.873334041231349,-0.16675570413284507,0.11843265919438421,-0.9233094838117016,-0.05369286072164695,0.17141388409814778,-1.304511330722943,-0.09241725024900654,0.20117985767692387,-1.5357275952032543,-0.15576165820991966,0.22762898060739084,-1.7248468145168312,-0.20419169807861165,0.22463660283038328,-0.7749733891839623,-0.10129852491491183,0.31322675687313845,-1.029570717877936,-0.14111496222484812,0.3705683258162108,-1.2006731623716052,-0.18123115674103357,0.4210572094797676,-1.356710531154283,-0.2127817462723865
5,0.0,0.0,0.0,-0.2124581520874183,-0.18840950832814135,-0.08025163522533448,-0.34521143998773907,-0.5323458449785494,-0.1198514124614028,-0.423459198593009,-0.8214753258831747,-0.1655587429471002,-0.5205857869690762,-0.9820687564209618,-0.2150970760382202,-0.1363399347408916,-0.9754187252304449,-0.008527097765898842,-0.16917015147333805,-1.3741659091882443,-0.053449922705728396,-0.17584930154467712,-1.6076944484749431,-0.10114273875606078,-0.17356337358479315,-1.8099771794160544,-0.14142898146694924,4.1033288714655005e-17,-0.9996376757131559,-0.026916858932638017,0.04081724022379941,-1.4248809591937903,-0.05892204022633085,0.08181043293906548,-1.6818687306014208,-0.12172458664142544,0.12640353742174062,-1.8869829026623073,-0.17576182862760323,0.11457143486030273,-0.9277318064083201,-0.061436109976272205,0.16947406139348328,-1.3158386378430211,-0.10194327323550645,0.20100625301298847,-1.5572656378055276,-0.1719971561440161,0.23026081075391286,-1.7532752481537506,-0.22589912015458843,0.21899982141312463,-0.7868461106221433,-0.1102440584614824,0.30894787402487955,-1.0429222448388258,-0.15132774779659577,0.36710851869897876,-1.215262433342389,-0.19547239916356854,0.4193114569478089,-1.3686602497650517,-0.23102053638830225
5,0.0,0.0,0.0,-0.21462972662492338,-0.18436875160826335,-0.08798152450497665,-0.34655164728038745,-0.5322131480043691,-0.1292486120502639,-0.4223751264538905,-0.823898712150788,-0.17550030226666774,-0.519572979288984,-0.9836361535600696,-0.22578297987893794,-0.13747562686852186,-0.9758192757750628,-0.011918899344571871,-0.17028330692692617,-1.37226166505764,-0.057652173833041415,-0.17782144414640277,-1.6070028137206405,-0.1061688336958101,-0.17744918674097662,-1.8093634381215813,-0.14721448910892335,5.249930862430769e-17,-0.9996095629917015,-0.027941395375675013,0.03922401005912199,-1.4246293068827265,-0.06086248996064245,0.07832974112126602,-1.6867707423256215,-0.12584150280921133,0.12068373583835461,-1.8949550504505823,-0.1816852974279361,0.11482416526241852,-0.927868860341411,-0.061224538661989035,0.16757147989173235,-1.3203234593111812,-0.10485884961187562,0.19648083985876152,-1.5625959660356328,-0.17931788050949835,0.22300830868202398,-1.7580340114499158,-0.23591674520526876,0.22033090958106735,-0.7893625832688195,-0.10944498113919539,0.30945495627807806,-1.0478634660223105,-0.15416247272430075,0.3671361865711231,-1.2212456470884683,-0.20191856044088857,0.418415688562283,-1.37512921161998,-0.23989520143916343
5,0.0,0.0,0.0,-0.21154210322179307,-0.18438048093572174,-0.09632741664805906,-0.3425175022450743,-0.5250376643140466,-0.14227179426278058,-0.4179079647803287,-0.8137454015767843,-0.19085896325662413,-0.5074706991827397,-0.9771134148016157,-0.24223831413927913,-0.13438614733492157,-0.9744282114748347,-0.02504012227225838,-0.1654276479807669,-1.3685335389766535,-0.07772826845043264,-0.17121151216210986,-1.6035656398593716,-0.13184288134590322,-0.1677106494417259,-1.8065113690284667,-0.17613393062487476,1.1708403676528881e-17,-0.999340890213414,-0.036301310547433754,0.04315337128460344,-1.4242035709340157,-0.07758344322906438,0.08432909592905516,-1.6854259171213932,-0.1482267741937136,0.12999780629873386,-1.8954745372439628,-0.20719393167910322,0.11209457254704393,-0.9291279098399767,-0.06468926470498142,0.16948535825881114,-1.311923344285893,-0.11297341950221884,0.20437167283288615,-1.5534958942784354,-0.18895694815097838,0.23821836786421943,-1.752748316762393,-0.24610041918007233,0.21483759918511985,-0.7909819491887293,-0.10844691382579182,0.30303286026225845,-1.0453698674298602,-0.15566033254239967,0.36115556970079465,-1.2131490838076828,-0.20424821532725107,0.4154273734548994,-1.363137845184345,-0.24278390822715812
5,0.0,0.0,0.0,-0.21301045099375948,-0.1906769911245265,-0.097866097815688,-0.3441767598365059,-0.5345375587701194,-0.1456121477786655,-0.42280147095572024,-0.8240156122852778,-0.19663890608571197,-0.5200954444067601,-0.987394283782733,-0.2511648109258212,-0.1355415626087626,-0.9764210677874319,-0.02448718521144566,-0.1711398238643515,-1.3779546376664527,-0.0743344804377226,-0.17944062952105175,-1.6163818300902753,-0.12539279059704747,-0.178782596151041,-1.8222823565103703,-0.16812172414945586,2.065840483840805e-17,-0.9993135591335273,-0.03704605959994049,0.038992191317572165,-1.4261588830411114,-0.0726652024947719,0.07991547461528602,-1.6928599828376851,-0.13961863467967395,0.12539045699113094,-1.908461465706039,-0.19737320193559288,0.11329651601220822,-0.9295626176311179,-0.06745140146678617,0.1687388156308525,-1.3164610981595324,-0.11246586333106766,0.20010559318912255,-1.5621730141478773,-0.18936626115995128,0.23011878009024406,-1.7660525000046854,-0.2482508538151663,0.21787643853804178,-0.7947159107747965,-0.11362362738534493,0.30689875394002375,-1.0509592760502022,-0.15815115040101138,0.36542927520613316,-1.2214068630615411,-0.20712407799944738,0.41911865782099567,-1.3749651198594715,-0.24670101969080457
5,0.0,0.0,0.0,-0.2184905518399114,-0.1814338080129173,-0.09617197631860745,-0.3533821327906941,-0.5226162840606123,-0.14306553878586747,-0.43160967166798336,-0.8176302508404099,-0.19358322782689094,-0.5292461707326708,-0.9899275988315818,-0.2481437542812448,-0.1390560275251933,-0.9808409273845109,-0.022090087544938124,-0.1743775236625574,-1.3843897239461025,-0.07092193243347264,-0.1841559577569988,-1.6280683354233647,-0.12259025661628481,-0.18540601865592635,-1.834534926310446,-0.1664452894720515,1.4556376136759353e-16,-0.9993742624828342,-0.03537065855891128,0.036284971769501545,-1.4344137105566772,-0.0724811548081202,0.0775701409683258,-1.7113668300005809,-0.14147865384762504,0.12240371317379505,-1.9292341215421922,-0.19997555687014507,0.1149068538186513,-0.9248512183367995,-0.06603706690822121,0.16496436573781753,-1.319883661525046,-0.11138243655530117,0.1967923499898007,-1.5645479684775865,-0.1871392837282236,0.22637252080119832,-1.7632832321080094,-0.24491116011426664,0.22038851271766446,-0.7809341022686509,-0.11242893563850402,0.3071998198449377,-1.0439446836567705,-0.15949513627773312,0.3649642980942735,-1.2125651845636898,-0.20828429616733982,0.41657225786389995,-1.3603698558530175,-0.24663644894459694
5,0.0,0.0,0.0,-0.21777721167035596,-0.192917860132662,-0.0967454250200552,-0.34910403049097016,-0.5352935222299661,-0.14351982298284835,-0.42479476520194087,-0.8278042040553995,-0.19393430917936505,-0.514751464901006,-1.0020569288531003,-0.2474623053825456,-0.13559265634147247,-0.9809651799606731,-0.01641117442377641,-0.17149066753264716,-1.3783099736691404,-0.06632389485491992,-0.18020178266430956,-1.6161540614921301,-0.11929077059377055,-0.180682800695105,-1.8213758932252346,-0.16369008977217528,6.403266895864818e-18,-0.9995635749871101,-0.029540811752351827,0.03958511283246269,-1.4241805762863913,-0.06666131797267537,0.07950502052664088,-1.6936767283016247,-0.1368282098782361,0.12234542256935313,-1.9111672131191852,-0.1964728363764787,0.1112074582212008,-0.924267574358566,-0.06076902132855857,0.16552043746936426,-1.3098249573833995,-0.1065545023084925,0.19746732141659262,-1.5553576719556634,-0.18320225422100492,0.2270466255262705,-1.7595305027461186,-0.24196801712234373,0.2125005333458305,-0.7833587914290724,-0.1078282654879569,0.3003450204965049,-1.0384889846613796,-0.15449680058357923,0.35832057469018225,-1.2073454649362225,-0.2034078995333465,0.4111608273202933,-1.358921603556823,-0.24271440214925374
5,0.0,0.0,0.0,-0.2135664311381481,-0.19377331006549767,-0.09973724735230279,-0.3492417967141369,-0.5374752189663051,-0.15197103905084397,-0.4274947956852671,-0.8353387022136577,-0.2069627931365061,-0.5220256870186697,-1.0153391860083993,-0.265864254013354,-0.13770089585683576,-0.9786722242278767,-0.03767828117623304,-0.17538052251429403,-1.3864070190297964,-0.0948690525175838,-0.1853012381797908,-1.6282455611296944,-0.15195718347906575,-0.18687862809861738,-1.8372251943888385,-0.19899948366806272,7.931913712494531e-17,-0.9987010213560726,-0.05095360578347117,0.035425656048943883,-1.4344170633560511,-0.09778581274688174,0.0745297354002862,-1.705931081711831,-0.17329018157582277,0.11647982942017202,-1.925484750853703,-0.23605904284304927,0.11484082371663346,-0.9260566139372719,-0.08079430832562579,0.16487816469937894,-1.3250854997231774,-0.13448449561681644,0.19356187846242537,-1.5738970623204855,-0.216363582094722,0.21928418527660234,-1.7782974284117266,-0.27789449853866965,0.2202025260070059,-0.7847547794441622,-0.1257581735217892,0.3074635952905759,-1.0522537504904963,-0.17764151667633035,0.3642754654455702,-1.2251767779060752,-0.23024498874115748,0.4135206904244234,-1.3777509121203644,-0.2718851494309194
5,0.0,0.0,0.0,-0.20976580885258314,-0.19019248694202848,-0.10622569879676182,-0.34710156864294084,-0.5347844806137473,-0.1620318826088609,-0.4250701174855329,-0.8328856677381317,-0.21987289808010352,-0.5176148353536881,-1.0248367476640714,-0.28218586308947957,-0.13841709279573844,-0.9846764240825627,-0.041889377322655706,-0.17828833288605303,-1.3857118971757045,-0.10077213453505647,-0.19082734582948493,-1.6331680741230878,-0.16088021158972687,-0.1943563427673825,-1.8455039845268553,-0.21087047676280293,1.3133337348859015e-16,-0.9985740955004757,-0.053383291350447906,0.033387929339080344,-1.425875580675818,-0.1008863862890973,0.07043279595447341,-1.6998986828973712,-0.17743093492817094,0.11033284232380076,-1.91881491489771,-0.24157402880059628,0.11486534403297598,-0.916868654322206,-0.0825327944477436,0.16150768953912745,-1.3213327156499168,-0.13681508244553003,0.18905041508216028,-1.5618316497884974,-0.21737429850202197,0.2137858832026858,-1.7601184552783016,-0.279337297175416,0.21944708939260915,-0.7640718942473215,-0.12784184722023217,0.2998715612368719,-1.0281481543173825,-0.18368491171528464,0.3542531608669881,-1.1970979520467404,-0.23723004456158917,0.4022836599522841,-1.3454086217409484,-0.27953027051379886
5,0.0,0.0,0.0,-0.2078990568440774,-0.20474517914474513,-0.10397788448219479,-0.3372568276112806,-0.5441920804454349,-0.15553991508836526,-0.41449468468355166,-0.8358337534094618,-0.2094711610773275,-0.5019340059681884,-1.0208237637244073,-0.26582944445761536,-0.13251287540543885,-0.9891640935671502,-0.026733358224376703,-0.16796540947967373,-1.3816739343314424,-0.07913350894460014,-0.17796389486992914,-1.6140837433060278,-0.131914868731987,-0.18000607523603993,-1.814104421041677,-0.1757171373048583,-7.016169973906822e-19,-0.9992836330694683,-0.03784469156281019,0.039024711511843585,-1.4106828320858038,-0.07803683030475597,0.0788223508328941,-1.6678366734949663,-0.14661273033937214,0.12137925703840004,-1.8794988298550093,-0.20433352813458744,0.10838890597592177,-0.9188743312034194,-0.06783298732793025,0.15998430713648795,-1.2907324359436465,-0.11774834733970899,0.19324726752766191,-1.5250902964793664,-0.19409491922055522,0.2244402605832337,-1.7256968067372198,-0.25138137715963355,0.2068241054911914,-0.7732279177012779,-0.11398773482242304,0.28991089728511743,-1.022236169839327,-0.16332200587212967,0.34723394041114264,-1.181600112550177,-0.21243680381103794,0.40088462646288187,-1.3263672590922053,-0.2511353649187129
5,0.0,0.0,0.0,-0.20758445714393642,-0.19909026283121675,-0.10574920302275295,-0.3453329695065573,-0.5446137503522122,-0.16297023885852313,-0.42497251944195,-0.8440538777532612,-0.22263573165052833,-0.5162692471086657,-1.0440089943612727,-0.28668088458176316,-0.13720072668274988,-0.9900663199841018,-0.041960665825826284,-0.17999962462539942,-1.3968787808592904,-0.10149999886155917,-0.19427208298296203,-1.6463188780414966,-0.16207165261248088,-0.19959582325183467,-1.8608261891942561,-0.21252551765572844,-4.138897653098811e-18,-0.9985037089081648,-0.05468403145927368,0.03072394748718423,-1.4270627825270332,-0.1032392772404753,0.06756977403615916,-1.7008128252496215,-0.18037119556865244,0.10729309978045756,-1.9213580693099916,-0.24485596152830189,0.11411413561422745,-0.9149224379088543,-0.0849995473247336,0.15742906309166427,-1.316422798331723,-0.1403097122859422,0.18514831198906093,-1.5599746844539943,-0.2217989239857951,0.20993205017229383,-1.7629590357248155,-0.28431170084915786,0.2186093340704577,-0.7620213172117527,-0.1312706015362475,0.29691395361752637,-1.0279396917796857,-0.1873908490213816,0.34956972456583574,-1.1967822154701724,-0.24114704027185602,0.3960503673431459,-1.3457033029685677,-0.2838005359175923
5,0.0,0.0,0.0,-0.20116979401409732,-0.20625114789216925,-0.11310677635387059,-0.333594532818731,-0.5474803915256603,-0.17510966776203063,-0.4144287816649423,-0.8423184950359921,-0.2378981447857935,-0.5057762946253416,-1.04091600344922,-0.30447891988140097,-0.1342912806839318,-0.9926570745141045,-0.056428135410450206,-0.17202228376240433,-1.3911752144459755,-0.12059540288546645,-0.1846724244349391,-1.6317464984351755,-0.18188323454396318,-0.19006469961382788,-1.836778595749435,-0.23123970100210603,5.430544067087369e-17,-0.9978230588508658,-0.06594803428080047,0.030941481512362996,-1.4156003384073115,-0.11937548564632848,0.06565494262085853,-1.6787290013505736,-0.19634766039804571,0.10253119007710745,-1.8962382535058935,-0.25964670618175706,0.11296869523051896,-0.9132670752085359,-0.09328239916562282,0.15799317026106818,-1.2957013046837702,-0.1529179870589385,0.185060055025711,-1.532467701795666,-0.23483564429210982,0.20917197914372196,-1.729156820529607,-0.2958862736411565,0.21695907771813278,-0.7604715316837275,-0.1367456524587579,0.2977651323045809,-1.0216593406407173,-0.1936133009856276,0.346723732523633,-1.1852620239862874,-0.24714248390405655,0.3908023107678738,-1.3291622274304593,-0.28921527809194103
5,0.0,0.0,0.0,-0.2015132406935838,-0.2168034094486534,-0.1109732642704066,-0.3333356006609827,-0.564958128479122,-0.17272661572290543,-0.41222034375316213,-0.8620564782114446,-0.23496847658383607,-0.5061442062203686,-1.0561056418131671,-0.30083148169411644,-0.13595268397223353,-0.9916680382158866,-0.06440250565305049,-0.1718879541262916,-1.39507108808931,-0.13266992500452598,-0.18235288325845025,-1.6355432000392829,-0.19596060498516057,-0.1858850904455089,-1.8429230512561525,-0.2466048611363189,1.0291831196451843e-17,-0.9971342703425407,-0.07565214411005969,0.03595333528613016,-1.4218503428816016,-0.13457262591944671,0.07381891605518953,-1.6861720565137366,-0.2147149038139936,0.11312220305491456,-1.9056468282016688,-0.2804925847378921,0.11435022883312525,-0.913058480924813,-0.10368260406837741,0.1648278607827362,-1.2946073634695885,-0.1680130516946106,0.1953518697576154,-1.5362988838839688,-0.2531482307829689,0.22257916586987161,-1.7397538558424703,-0.3161940161279897,0.21738569084636333,-0.7611021787451253,-0.1470806396979138,0.30066170119822944,-1.0175091388298922,-0.206508224478015,0.35417431786244985,-1.1814388900898503,-0.26214418728437544,0.40270685451841637,-1.3279070248377736,-0.3059896700576473
5,0.0,0.0,0.0,-0.19658779230406195,-0.21280547033878175,-0.114587258649723,-0.32663332104077397,-0.55836338613436,-0.17816279869949997,-0.4074546827525631,-0.8544501006192514,-0.24136889743501225,-0.5004940390023226,-1.0545708223653782,-0.30802446265052846,-0.1337072906964708,-0.9974649784867946,-0.06966974578079467,-0.17544167383061912,-1.3949002667123698,-0.14117058253136833,-0.1869498837276111,-1.6353897206922892,-0.20681748890403837,-0.19073123177235443,-1.84217669613226,-0.25851799233424005,1.1376167605641557e-16,-0.9968540079690466,-0.07925961642632359,0.030434365599128908,-1.4163864403165634,-0.14216844765723222,0.06493836149259222,-1.6760985500276266,-0.22415930968931003,0.10077249732136744,-1.8963112849108088,-0.29005627272907825,0.1123247822326373,-0.9077124061776621,-0.1060528974492447,0.15729584281881268,-1.2834645379936125,-0.17337904734862725,0.1849462376368961,-1.5183566405440532,-0.2584861848913651,0.21000210605308275,-1.7187977955111804,-0.320334183199997,0.21462200589335015,-0.7489090287075253,-0.1483626536320664,0.29272517846237955,-1.0124904900488296,-0.2100456775148809,0.3396941725724102,-1.1748938050577633,-0.2660716996510141,0.38296430342835414,-1.3186964048939303,-0.30958193330344924
5,0.0,0.0,0.0,-0.19618368365845476,-0.21437862003871888,-0.1202247981542857,-0.3266749960972485,-0.5655484505488745,-0.18711617495361996,-0.40314057192561875,-0.8659375051872247,-0.2512623150809372,-0.49225651683708205,-1.0691037580520943,-0.3184478066508327,-0.1365540434780551,-0.995874014665372,-0.0885032209126388,-0.1801977655375011,-1.397340851079583,-0.16695020674935307,-0.18868327240366498,-1.638000266004281,-0.23637592452749726,-0.1882737775771983,-1.8493872340244508,-0.2900173740836928,1.0931198404672534e-17,-0.9955320732120804,-0.09442399698200307,0.0342227747167318,-1.4220513807580033,-0.1658302504158611,0.07140947471482065,-1.6771928088745398,-0.2517498717476341,0.10856052082997543,-1.8963294512993356,-0.319913690448887,0.11364466494493124,-0.9080228640894736,-0.1165921482534714,0.16058567239214272,-1.2876073314564251,-0.19063209605440917,0.1886574474894869,-1.5212209586668142,-0.2783468456406698,0.21228201455709672,-1.7256830564727696,-0.34111971422101034,0.2163043074241912,-0.7493133667087659,-0.1538875158981517,0.29455957157378265,-1.01446108968653,-0.21972380021314056,0.34284973994534446,-1.1755074869011166,-0.27760427541197075,0.3850821191628881,-1.3238263542273603,-0.3221825795544222
5,0.0,0.0,0.0,-0.19458153837529538,-0.21670764742857182,-0.13473949182198688,-0.32304071185976196,-0.5644474589918997,-0.20993089961468397,-0.40142347918375954,-0.8667404070988416,-0.28127757790154406,-0.49806926078098085,-1.0778970994741386,-0.3561928429667406,-0.13571471339584193,-1.0034759787374468,-0.09777999151129914,-0.17779784700756565,-1.410968248747179,-0.17895322469839717,-0.19165705654761353,-1.6577081466441352,-0.25073055310165177,-0.19739700243909233,-1.869884500585211,-0.30704061281311745,1.1190635557616019e-17,-0.9947791289200838,-0.10205138247470916,0.03113883372926575,-1.4179659043564057,-0.17504723989611348,0.06506199281699966,-1.680186158960089,-0.264026390929567,0.10110234176864978,-1.9043896626239876,-0.3349476706257536,0.11402053050605633,-0.8994433083886988,-0.12469542372783456,0.15833949788112855,-1.2786780317132709,-0.20269912357323544,0.18549464397009247,-1.5158064629822003,-0.29635543345748167,0.20917158504343317,-1.7271371608278145,-0.3637790969943625,0.21657918261305648,-0.734412955297287,-0.16396255697306228,0.2933352995122573,-0.9987955779181705,-0.23500408410462914,0.34290901827351367,-1.1605348177474886,-0.2981806137254783,0.3877549207791869,-1.3104755497143994,-0.34675830195794916
5,0.0,0.0,0.0,-0.19621244396578455,-0.21302350797051348,-0.1441791429602521,-0.324934996106481,-0.5645046188801495,-0.22298473195835014,-0.4039286920349775,-0.8676400113198982,-0.29584868940872383,-0.5001485326541706,-1.0792702492184045,-0.3723408268594887,-0.13716944936216469,-1.0060494611754025,-0.11018643037032923,-0.18242069358726917,-1.4124318957687862,-0.19407211719453243,-0.1986256873249804,-1.6599075453997474,-0.26626529011473393,-0.20653727235903024,-1.8732650934387305,-0.3224817584669771,-1.892051501238716e-17,-0.9938707178458185,-0.11054861468438901,0.03137447340261909,-1.4172802811103336,-0.18472479983472215,0.06373330704571384,-1.6795202691436488,-0.27265286906574254,0.09891947018750595,-1.9059790762048365,-0.343125038270991,0.11348831600386092,-0.8958795529242471,-0.13000714449858056,0.15836194163801906,-1.277779805294064,-0.20971728988325597,0.1854585660602094,-1.5147974216746738,-0.30355346114715465,0.2100813119782785,-1.7283995878840894,-0.3711330845086532,0.21493455056646385,-0.7308140450552588,-0.16671013930593212,0.2923188302907348,-0.9959936471777396,-0.23948312275766112,0.3431037589001949,-1.1575588117689266,-0.3033853765481108,0.3897050431267412,-1.310279891521913,-0.35259473471811603
5,0.0,0.0,0.0,-0.19463875452617166,-0.21715641743049754,-0.14714505775387904,-0.3247949308527842,-0.5726814178966483,-0.22921893941333957,-0.40762664760754014,-0.8779310839692904,-0.30445594418398125,-0.5058817650173668,-1.0917748324402723,-0.3837890782433266,-0.13900149551695007,-1.007122370737754,-0.12441941076380846,-0.18338464841785865,-1.42459236417224,-0.2137770171941708,-0.1976927006696627,-1.6790984697627196,-0.289352073338368,-0.20315975034700576,-1.8987921572325697,-0.3478141497794769,3.345350873199153e-17,-0.9922691187893006,-0.1241047778979709,0.03171932375978051,-1.4252981719468176,-0.20454080989670306,0.0664428564942285,-1.6918505217378503,-0.29600366432148756,0.10439074494156506,-1.9202815629348633,-0.3687675514218145,0.11734846125379447,-0.8928762650067638,-0.14214093982635975,0.16308264967483158,-1.2831677229726708,-0.22713606699714187,0.19124131647600448,-1.52270610255501,-0.3243370957922754,0.2167733156957724,-1.7383327163280688,-0.39392983725287,0.22285634721629496,-0.7260549559945005,-0.1772400682480344,0.2986585893098731,-0.9943444656244186,-0.2542521627195732,0.3475736490299011,-1.1602425583026716,-0.321301293957269,0.3925213165686659,-1.3172193557204437,-0.37272404667310294
5,0.0,0.0,0.0,-0.19347985230613407,-0.21196150991165658,-0.15541282572638268,-0.32400683074110637,-0.5620785977789052,-0.24531192025114112,-0.4075083488870221,-0.8636836935792392,-0.3266765162017288,-0.5052770505980592,-1.079602604434893,-0.4122537922102933,-0.1398965667146551,-1.0088057127789865,-0.14628988148660316,-0.1871810574104886,-1.4257464920672376,-0.24386843010548104,-0.20111906614689803,-1.6792056001025557,-0.32565807467512486,-0.2046353748870054,-1.8995703243996975,-0.38816196653048857,1.6497175088907247e-16,-0.9896494821280452,-0.14350575780675884,0.03218904770320427,-1.4234774491141282,-0.23304032113711018,0.06587718660257752,-1.687733981777787,-0.32994082148521453,0.10296233442679537,-1.9160920699882484,-0.4065348725705278,0.11705126759066253,-0.8853762482515055,-0.15849533712643116,0.16439580560055464,-1.271808552362166,-0.2491718274432264,0.19605357569937373,-1.5082109948035418,-0.3483241282385394,0.22401719289980423,-1.7209162215709324,-0.41938955592053123,0.22007086597367687,-0.7135409756810899,-0.19079095551460576,0.2964914623643583,-0.9773788776658328,-0.27109038726530055,0.3477005729157674,-1.1369738543755623,-0.3390773418772917,0.39442958617651813,-1.2876884884332818,-0.39150736056091856
5,0.0,0.0,0.0,-0.18974328716909097,-0.20696995260478385,-0.15943068078331538,-0.3206629552120187,-0.5539277780182758,-0.2541825857423049,-0.4021254399355168,-0.8521306680318186,-0.338694982723641,-0.5002124308268594,-1.0699831092692562,-0.42773824786944803,-0.14101137051542595,-1.002999404141862,-0.1694404169601495,-0.1917316009070159,-1.4205052057466898,-0.2773971397528392,-0.2073032589024054,-1.675491880541056,-0.365962642981945,-0.2117588350242156,-1.9003828334751023,-0.4325062220461328,8.74674247199023e-18,-0.9861979174494716,-0.16557073297634822,0.03292846268648182,-1.4245174217332792,-0.2671130571844716,0.0657255305580438,-1.6865898619776225,-0.3693967283921774,0.10111083979216262,-1.9162455089856871,-0.44925823066274684,0.11849738965898253,-0.8809571570063516,-0.1782085838960025,0.16637202475345303,-1.2694466094103602,-0.276852331757543,0.1975119249646392,-1.5049812579970863,-0.37747735487170936,0.22423507364429143,-1.7214087621819023,-0.4493776320707808,0.2211067981284211,-0.7052362461362972,-0.20788529258904337,0.2966799733048767,-0.968761753909923,-0.29375301164867046,0.34608833250329724,-1.1318395511948554,-0.3635388256557692,0.3901121769496984,-1.2888814581473844,-0.41728423932566044
5,0.0,0.0,0.0,-0.19132051585909357,-0.20090982731604942,-0.17266759194055958,-0.32403392807282483,-0.5492170482649535,-0.27425914841598487,-0.40749597156665585,-0.8519639275710764,-0.363393872434155,-0.5055850179781328,-1.077787472530799,-0.45754361875881294,-0.14481461256552317,-1.0041072477140114,-0.18699591870344714,-0.19528829586891078,-1.4299313976952608,-0.29873709029834494,-0.20928518032655313,-1.688785873135366,-0.38901491540773525,-0.2117218226934523,-1.9153281435295988,-0.45687421777291926,1.0230315101107368e-16,-0.9838877707874646,-0.17878717653924087,0.03490177172983906,-1.4278670512605134,-0.2838647265422819,0.06919997283667224,-1.6939631251812903,-0.38830471770518116,0.10555627855763189,-1.9253114931696764,-0.46994996197493116,0.12103179274828746,-0.8750625081199245,-0.18782833032826457,0.1713713159146591,-1.266922174533823,-0.29072108618620124,0.2045470923025446,-1.505172613488291,-0.39540312611943745,0.2317901616776018,-1.722344817355946,-0.47007133881553514,0.22567042541294477,-0.6974667720487348,-0.2147379944310014,0.30200182917528395,-0.9648142872327016,-0.3045221175891,0.3522691916258,-1.127069225931249,-0.37766488113184266,0.39595363826301966,-1.282777945905516,-0.433967434108207
5,0.0,0.0,0.0,-0.18663851940459303,-0.20290589728790245,-0.1690249579391066,-0.32227775438735784,-0.5506417521778115,-0.2724645811177141,-0.404534154130458,-0.850742623480497,-0.364290352869711,-0.5019927419675333,-1.0719973086633467,-0.4616007735717698,-0.14459272670115397,-0.9979611205090132,-0.19633626418456265,-0.19452876559753685,-1.421238948069274,-0.3148588626624787,-0.2065867798480051,-1.6748073264081187,-0.4107819345555278,-0.20584896484696286,-1.8991908607905317,-0.48212510650606355,5.721543219465556e-17,-0.9815836579540993,-0.1910327784372355,0.03400650111795171,-1.4251254740716524,-0.3040859393106338,0.06808844196361949,-1.684888817941165,-0.4143818803584575,0.10464662130666467,-1.9129588401324102,-0.5000106850508547,0.12268485574059987,-0.8728970423355107,-0.2015214806306458,0.17131390438767272,-1.264671139812484,-0.3081293677522803,0.20354959840392117,-1.5032275578124534,-0.4140802685786128,0.23070081814575183,-1.7185516518067174,-0.49017116734514626,0.229016917019768,-0.6899487545929495,-0.22925620928047272,0.30443503341192724,-0.9559038427410806,-0.3204284815785532,0.355039964328675,-1.1180567176790313,-0.3935790795540153,0.3994714335533979,-1.2721306196402509,-0.4504057898629703
5,0.0,0.0,0.0,-0.18462428930144312,-0.20605374596744544,-0.1608324406097111,-0.3205425947368942,-0.5480870856953448,-0.2590865202285805,-0.4029110764027515,-0.8443503011234935,-0.3461932778275802,-0.4987342288539256,-1.060827591598761,-0.4377769187410307,-0.14217826302345224,-0.992424585051821,-0.1863202272369572,-0.19677876243928108,-1.406783226323076,-0.299782738415732,-0.21350416696460803,-1.6527479889273164,-0.3891690825149129,-0.21874173127581956,-1.8715939466344758,-0.45501354775800684,6.252559459867835e-17,-0.9833586652652893,-0.18167480686013887,0.0305111568536031,-1.4281736215237169,-0.28886465967330316,0.06088208585250275,-1.6833099599054533,-0.3913302410728992,0.09260413100066527,-1.9120112296645357,-0.47091265038473756,0.11908553614788318,-0.879232458542552,-0.1922845966478585,0.1641230709392118,-1.270345719392503,-0.2931426203777634,0.1940812641918913,-1.5074588101736757,-0.3914123361182921,0.21974512821591202,-1.7257157309847109,-0.4617706447476431,0.2214342912555584,-0.6984728302777015,-0.2194505305728681,0.29673025941413456,-0.9640343562671544,-0.3052127547229535,0.34717036545300384,-1.12519650648655,-0.3728813476527472,0.39189032289477904,-1.280934393568456,-0.4251811252353241
5,0.0,0.0,0.0,-0.1836698606290945,-0.21299948201150595,-0.14725416185160184,-0.31620386474030604,-0.556311584831413,-0.23934779638910153,-0.3926287773424244,-0.8486559927888534,-0.32279451915936774,-0.4858027535880725,-1.0585302309023614,-0.41149140797721123,-0.14124683401054558,-0.9928193005169369,-0.17633963042888645,-0.18802955800549312,-1.4031032693809586,-0.2899628559401743,-0.19925394706366079,-1.6478050063203604,-0.3796289997717803,-0.19997572578933823,-1.865794925684227,-0.44548162886145115,4.691179322965033e-17,-0.9839076500259186,-0.17867774405469355,0.03439693412764581,-1.4250598939075292,-0.28771229917665303,0.06692393580887594,-1.6787665601758248,-0.39018648231981307,0.10083285582231206,-1.9043020262476975,-0.4692842880875862,0.11870888338817083,-0.882716653805065,-0.19524350239917246,0.16407801892370552,-1.2713702967100051,-0.29716835258218277,0.19184117329853484,-1.5075089425779207,-0.3937230997157772,0.21641262681938706,-1.7254464440222133,-0.46261663291021393,0.22250912991397315,-0.7036264465544688,-0.2273414862626308,0.29627064649496837,-0.9688128081275823,-0.31393775601700263,0.34293468266541494,-1.1320577444937827,-0.38063231259571934,0.38437489231706196,-1.2899916367059274,-0.43193017312544435
5,0.0,0.0,0.0,-0.5591327008237466,-0.10049492953986286,-0.20891803797852262,-0.9460210613756296,-0.35533784879941455,-0.3131459323533936,-1.1836029562459953,-0.6109043249138543,-0.4114694014989415,-1.4161321437110233,-0.7734643933366039,-0.5118228124502535,-0.4134095256092242,-0.897820690465024,-0.10590248838391617,-0.5900774866541204,-1.2662309707399697,-0.19596884196531067,-0.6823666230194582,-1.4857322975255185,-0.2732191762830889,-0.7478636505726528,-1.67792371723733,-0.3345743331787086,6.984670563579357e-17,-0.9953597440681963,-0.09622359320091388,0.05386234352830391,-1.4372060179602206,-0.16094168120329694,0.09858948743604948,-1.688516960997065,-0.2516162144259644,0.14256151627345565,-1.8919028722473046,-0.32569268324007505,0.3435585058495741,-0.9908896258923994,-0.11713137417058457,0.42413975097051965,-1.3761074086210563,-0.19395066439666678,0.45929989018696077,-1.595134056330384,-0.2923580366398957,0.4690328722587182,-1.7908286648779235,-0.3639754657174348,0.6571963880608752,-0.9064867588075086,-0.16745453043490147,0.8239427010280548,-1.2029054599555054,-0.23916008656469595,0.9140217511996264,-1.3538785747273314,-0.29961650112565874,0.9770753040819703,-1.4854966617507919,-0.34459543849966284
5,0.0,0.0,0.0,-0.5875262434500031,-0.073891791948184,-0.15632785184506662,-0.9610344064066075,-0.3275561250551544,-0.2307747695750085,-1.1695500193851267,-0.5904481477240222,-0.30512011807557965,-1.4208172191000756,-0.732422099339874,-0.3830678544167763,-0.401393408168048,-0.8943076997998604,-0.06051130003158314,-0.5558862716744083,-1.273319765034658,-0.14654757830157175,-0.6122218864500262,-1.5148557424916669,-0.2280681053466978,-0.6472698684853119,-1.726672079438723,-0.295370170961677,6.568494673716974e-17,-0.9973719033406068,-0.07245195944027555,0.058596052032661654,-1.4642797106712464,-0.14347458113543624,0.146902618125541,-1.7648728280076833,-0.24822062555481605,0.23755308925858956,-2.011130847812439,-0.3335684361373734,0.33793259978241164,-0.9970965918994416,-0.10954607517141951,0.4401921124804513,-1.423134548181263,-0.1929957870401073,0.514912255273333,-1.6919112270710048,-0.3041860154246125,0.5723616117362795,-1.9332695616125755,-0.3853511185381498,0.6544996934694132,-0.9201460103833523,-0.17036361021116206,0.8397981521285655,-1.2449768488454953,-0.2504108592511428,0.9618496204829015,-1.4427801972225058,-0.32126483956090324,1.0628982425495335,-1.6221288838683994,-0.37466737264532
5,0.0,0.0,0.0,-0.5629920783350421,-0.04248122445615974,-0.17576423000691926,-0.9202737540689256,-0.2792235098010166,-0.26621458385317387,-1.1120164540783073,-0.5331990189343365,-0.3530360168933742,-1.3410175280362806,-0.6717185468307444,-0.443345575673088,-0.38542697628171635,-0.8788092389585824,-0.10859939538408117,-0.531740152794806,-1.2311533240325678,-0.2103166765115071,-0.5927108168702904,-1.4547859582031368,-0.2986787986615294,-0.6327706913494021,-1.6575088844786583,-0.3691124468595827,-5.69999642358344e-17,-0.9931996389027824,-0.11642369725868734,0.06053045489605069,-1.4389651973245763,-0.2027788113317306,0.12728074716645182,-1.7187757841171767,-0.3103793358632549,0.19424164638179034,-1.9642231503186556,-0.3979137240129046,0.31628118661138427,-0.9959475486346135,-0.1492692168861338,0.41722647693793874,-1.3934283462509596,-0.24332784644424288,0.4818527789600529,-1.6423640938188755,-0.35177988320116654,0.5258278201404988,-1.8740945070407409,-0.43091454342415814,0.5992582829535719,-0.9149731503214195,-0.2068397964737122,0.7657810777341959,-1.221912012238652,-0.2927723155392652,0.8739762825132462,-1.3989032225679254,-0.36170234068415585,0.9601128102468628,-1.56344879334386,-0.4140201145426468
5,0.0,0.0,0.0,-0.5429216873323476,-0.03547908224407003,-0.2043279125456113,-0.9012387819852326,-0.2542761731590852,-0.3138011359607737,-1.1073089929900377,-0.48912350493009166,-0.41798993498893183,-1.3412618573301713,-0.6223599985622174,-0.5266368693416792,-0.38569734270931033,-0.8659592584775143,-0.13136774196184386,-0.5514026990829693,-1.2243605097245611,-0.24689881999335558,-0.6212301926489203,-1.4561578348871638,-0.34694517777534195,-0.6724426143089287,-1.657695795449022,-0.42732902226859665,-1.136035428953656e-16,-0.9905401188624103,-0.1372234415981539,0.04709833293001332,-1.4516356113180804,-0.2371991903537009,0.12182703013525957,-1.7607902709926642,-0.36060971971043826,0.18948452733293925,-2.0155167392735494,-0.4602339633049026,0.314758962841093,-1.0013272006736542,-0.1722823429336393,0.4179087447509747,-1.4186935425800076,-0.28339265020285975,0.4664656999431418,-1.6783466167537182,-0.41407878659730285,0.4853129514180046,-1.911856732071001,-0.5094578701705725,0.6010514966129752,-0.9279136975019686,-0.23450207954082825,0.7639805684537436,-1.2469532670543575,-0.3386319544110892,0.8598978930749176,-1.4452278259183435,-0.4265803261367092,0.9198925207634906,-1.622857689450221,-0.49383078364409205
5,0.0,0.0,0.0,-0.521594090383193,-0.023242741905900564,-0.21396945132279252,-0.8695131130404717,-0.2424559704692198,-0.3267577128205668,-1.0663357162368319,-0.4792715088372935,-0.4325583922478397,-1.2879223163386946,-0.6140278457053546,-0.5444251518194592,-0.3708152034129074,-0.8616971265036245,-0.15035899208604192,-0.5088955209648421,-1.2301286169322,-0.2777934760343004,-0.5580485753071038,-1.4724623995116481,-0.38927643453763516,-0.5865488075022574,-1.6911721024640085,-0.477524692637155,-1.474739714305108e-16,-0.9881108380908394,-0.15374320032905192,0.05712448303426064,-1.4497308510260853,-0.2697389182196021,0.1415158875035439,-1.758606367114427,-0.4057999582866199,0.22424516786354692,-2.021849925205555,-0.5137666414431963,0.3079089957915264,-1.003037871726378,-0.18639519492537387,0.40469696250101483,-1.4264646418268203,-0.3134553102482241,0.4626080963669482,-1.690634499525162,-0.45560689545506544,0.5015538001136597,-1.9340512953962545,-0.5570653994825733,0.5924955585061568,-0.9339362568457611,-0.245933367921324,0.7624155958180271,-1.266536960099981,-0.364071269719632,0.8727062751304816,-1.4749953515929202,-0.461277974311679,0.9591511355193182,-1.6660169208127538,-0.5345147640946958
5,0.0,0.0,0.0,-0.48540210604446776,-0.018530698967714872,-0.2260146415445772,-0.8226910797969054,-0.22247914413515754,-0.3487086418503871,-1.0219122051237264,-0.44406853970071564,-0.46123940550987985,-1.2484698850325122,-0.5666883964649607,-0.5786205847561027,-0.355058007248436,-0.8491951930490741,-0.17568373159883635,-0.4847274616449795,-1.2024404947159604,-0.3085642022489586,-0.5448304031956892,-1.4317834114047159,-0.42126056546298146,-0.5841278993449189,-1.6392312266899056,-0.5089385655753529,-1.7125027305863558e-17,-0.985139401400886,-0.1717566878101233,0.05388826245140249,-1.4323588933470834,-0.2905744413624696,0.120603463264354,-1.7282935022904562,-0.42388293649088277,0.1858179793929094,-1.9871267708244236,-0.5298065974641981,0.297872416633407,-1.009050062057332,-0.1968519721365812,0.38942730826121624,-1.4201829805688322,-0.3233220764692199,0.4418515431849388,-1.6817575545690302,-0.46146576636803854,0.4714309009171709,-1.9253017915446653,-0.5608357438663153,0.5717879800243973,-0.9455554311847247,-0.24936330060930217,0.7245302450710196,-1.2689415617555326,-0.3641989446792616,0.8221806450560243,-1.4741373502868775,-0.458429067157305,0.8944651917560162,-1.664139363612894,-0.5302466351669117
5,0.0,0.0,0.0,-0.497963584299163,-0.42055796495306347,-0.13634660060028975,-0.7847197876144939,-0.9013013335271368,-0.1986682176229251,-0.910403445301798,-1.2623883938098008,-0.26246572849604877,-1.1120829999764203,-1.5316136270439102,-0.32751258714463316,-0.3431036660016225,-1.132774304416057,-0.038516508722222405,-0.3589269686922897,-1.5176686732257678,-0.1218441800314245,-0.3372748365958148,-1.7253853184725807,-0.20132869539763845,-0.30664925273927834,-1.9042042133406247,-0.26523008324133424,1.217827065906894e-16,-0.9984412158479055,-0.055813425769759756,0.15289487249881556,-1.3501644475393937,-0.1292842087932836,0.2696527725993968,-1.5484215532607197,-0.24016479532319754,0.37630552004179624,-1.7110380337762863,-0.329887509420521,0.28607824535930665,-0.7956647703261258,-0.09653258775512105,0.4611059677272725,-1.0999369982409675,-0.17993192929018653,0.5575881512492371,-1.2917407262422358,-0.29409558654568485,0.6311191883291012,-1.4690614835303228,-0.37633610105867243,0.540631689747901,-0.5349287469993192,-0.15782203886145588,0.7699035126522713,-0.7014390649345802,-0.23299853716264401,0.9093890640971991,-0.8132303469624879,-0.3057817457350529,1.024779567764209,-0.9307818256596863,-0.36219129373590103
5,0.0,0.0,0.0,-0.4582819402356881,-0.4306704643582521,-0.14106936563160424,-0.7333722002723557,-0.9174962206267157,-0.20548792974381927,-0.8602431056557639,-1.281590870796214,-0.27205237155838097,-1.0414766483231737,-1.5521378893749098,-0.34014899632739004,-0.3176388592410307,-1.1345950296397973,-0.03391486990210675,-0.34909031802140417,-1.5260740595275188,-0.11716404420783909,-0.3372570098270888,-1.7346934833980592,-0.19709531001181968,-0.3146749677668479,-1.9148988100009312,-0.2607594341202474,1.0304966833633961e-16,-0.9987629617014401,-0.049724705462855304,0.13150784111132113,-1.350083991892901,-0.12121286023910437,0.23435818438811618,-1.544858751587632,-0.2313437513600428,0.33005601581488425,-1.7031476278549034,-0.31997099166745596,0.26560149957944257,-0.794281861344996,-0.09091769473297821,0.41761666901368166,-1.0991741577635643,-0.17400720078666698,0.4977290630961322,-1.2911816704611216,-0.28918592476929855,0.5601009872565599,-1.4670668897753136,-0.37175051822036226,0.5059939583365112,-0.5300318804061059,-0.15322533556315548,0.7215772632382925,-0.6881803939095278,-0.22890122013987224,0.8559025790143596,-0.7950001263811246,-0.30218815513014957,0.970437480324543,-0.9051865178597053,-0.3584894188111901
5,0.0,0.0,0.0,-0.45974225289135334,-0.43052058819891775,-0.15365093804671642,-0.7293460870939967,-0.9184959622316162,-0.22262674994043002,-0.8578961663986714,-1.2953300498839435,-0.2894790758764789,-1.038678905366501,-1.5723076143681243,-0.35775909574636017,-0.31597828931184924,-1.1365511048239862,-0.052672679691267585,-0.35784121962872933,-1.5389378151076474,-0.13241559970564273,-0.3532723250742533,-1.7571185932633162,-0.20801195022912988,-0.3374023936492933,-1.9448016203271576,-0.2696762743555518,1.0745481435101197e-16,-0.9981306430890016,-0.06111644072372214,0.12431374953119778,-1.3571334797573928,-0.12743348501342613,0.22145675322652603,-1.5650919779883756,-0.23390426697477906,0.312911370939952,-1.7293466036723701,-0.321508968429664,0.2559942048136308,-0.7970289153083938,-0.09456654651657556,0.39627478672366384,-1.1135182396151193,-0.17561663152041232,0.477737412392231,-1.3078019616296508,-0.2922959784498599,0.5494076366418389,-1.4779066079114442,-0.37647966869520577,0.48470887861482026,-0.5381980300678875,-0.1493362577930704,0.6931010655510474,-0.7021191007618335,-0.22607147840309705,0.8273764190296172,-0.802959248739614,-0.3011976086036979,0.9505391627568501,-0.898644386455894,-0.3589653979609702
5,0.0,0.0,0.0,-0.46733611591408886,-0.4406612011479098,-0.13954266699007625,-0.7302969919406993,-0.9362265305018928,-0.19661814388683793,-0.8532487730339297,-1.3164474902703107,-0.2527090715933543,-1.0392377846890484,-1.5959857689225325,-0.3106997258444603,-0.31398531459150325,-1.1408179816794235,-0.02760147026916706,-0.358599656850065,-1.5510531018962561,-0.09222599848167234,-0.35296580774470826,-1.7753380564379524,-0.15727828914623251,-0.33675407979436117,-1.9664086733761195,-0.2125413128786639,5.23306286925487e-18,-0.9993043149928895,-0.037294584547786364,0.11419793778213641,-1.3667823016404386,-0.0854574272409865,0.20344084028332593,-1.5870502147060253,-0.1807218584923309,0.28550609562255547,-1.7573522253158127,-0.261997229343941,0.2534504434778359,-0.7937589620419755,-0.07129013341720489,0.38987327018437906,-1.1201591499645134,-0.13804227983890668,0.46790686812291565,-1.3237412942125266,-0.2480142016663443,0.5333524494528384,-1.50034668502852,-0.3292629570416193,0.4777802371215833,-0.5336490906009075,-0.12563020875544198,0.6855606201956791,-0.6938625602089368,-0.1936508489580217,0.8184621008668226,-0.7982063816849387,-0.2646548624110855,0.9389127199203567,-0.8968673024131213,-0.32007720363215
5,0.0,0.0,0.0,-0.4316337423601652,-0.43455264211752087,-0.13494628645464207,-0.6913095612964923,-0.9239187662277752,-0.19677498190407933,-0.8069580649347647,-1.2912510289379169,-0.2608507223654287,-0.9685522955904896,-1.5677932350830153,-0.32729189994178876,-0.2972363044999426,-1.1390496095466376,-0.028042451781229508,-0.31832045937748016,-1.5363177456552584,-0.09959077471736524,-0.3049292086826315,-1.7505111682791483,-0.16925998375885717,-0.2820030900824306,-1.9304374751788804,-0.22678557632931162,5.706321713135706e-18,-0.9990552300619429,-0.04345856976337912,0.11629650711595432,-1.3569491721048184,-0.10025271918933197,0.20627298765537905,-1.560451188713608,-0.19692829727264483,0.2930193049551685,-1.7209239459400625,-0.2773419246450737,0.24692147441470075,-0.789804186157922,-0.08317911605835254,0.3859893973698746,-1.1032230891285342,-0.15370198678983643,0.46063278098838245,-1.3049518877081252,-0.2585988502814082,0.520258671822919,-1.4828814801358132,-0.3362653754566093,0.47189674893888944,-0.519101393843351,-0.14343821428662645,0.6778484808747801,-0.6719606981847082,-0.2123078471773901,0.8053571574406039,-0.7797529158828009,-0.27927685907642935,0.9145450167467915,-0.8855606394077126,-0.3312506831291719
5,0.0,0.0,0.0,-0.43343217489624586,-0.4307344548585388,-0.141198783750248,-0.6820010748958536,-0.9267738477674249,-0.20490998677319414,-0.8050725821009036,-1.3051208871876883,-0.2676356190379535,-0.9824289190028976,-1.5836526114835756,-0.3327443643177922,-0.2926627358649371,-1.1381241449154968,-0.050500737441703025,-0.33089075640390886,-1.5441194759356434,-0.1271588993289102,-0.32877034727237914,-1.7683721027131734,-0.19857394945640142,-0.3178305829947479,-1.9593109195822893,-0.2572041706619767,7.15380447006296e-17,-0.9979958326242521,-0.06327968129365237,0.11028769537536989,-1.3584378768854137,-0.12512159435315193,0.18957519514943644,-1.5722128333307541,-0.22422242905538542,0.26403667022459765,-1.742368452953961,-0.3072325113078777,0.24053533809156535,-0.7919253138981522,-0.09959012721018932,0.37299118379755464,-1.114112684540852,-0.17741899054387675,0.44332480448130646,-1.3173639491885647,-0.28781506742473084,0.5013775700095441,-1.4968832587671759,-0.36872822205327005,0.4581315842430255,-0.5299301946129934,-0.15595349250922164,0.6576072089007432,-0.6900577799803881,-0.23178018697599231,0.782387675097749,-0.7992653196264752,-0.30442666931782086,0.8939713039260769,-0.9067201118280317,-0.3609753686679311
5,0.0,0.0,0.0,-0.417770912327625,-0.42911881643418526,-0.146293657734267,-0.6629735899993624,-0.9216334456740081,-0.21623183730060147,-0.7821295204794388,-1.2952328120114978,-0.2870929360504729,-0.9499795687298831,-1.5755206512956037,-0.36080924390748204,-0.28408008799798706,-1.1397932370804988,-0.04636880686904467,-0.3072772864988509,-1.5445494876045291,-0.12348917502314577,-0.2976621518551468,-1.7669358977394858,-0.19562128271733514,-0.2779006768760734,-1.951732312697627,-0.25546640040520174,6.171339224093867e-17,-0.9981077876426401,-0.06148857005260752,0.1123260975273704,-1.3552821541739357,-0.12148478027323156,0.1963105225470892,-1.562577136925928,-0.21741942057356137,0.28035525586687116,-1.7251747644944182,-0.29862854632072944,0.23340338910097375,-0.7897181622321644,-0.1022010319567941,0.373638596913254,-1.0994536161929713,-0.17725712914526262,0.4463342091689262,-1.2981838398582928,-0.2826525181521259,0.5053827241968543,-1.4749407061662352,-0.36152396605335774,0.4447342402246053,-0.5241839072716707,-0.1647792017502809,0.6491428390788794,-0.6724078893796702,-0.2390606965426418,0.77774777287133,-0.7749375919954236,-0.3083941025265907,0.8883588767987532,-0.8781562860980843,-0.36261699646656587
5,0.0,0.0,0.0,-0.42318562100725604,-0.42160403830695375,-0.1471456810237447,-0.6746026157676764,-0.9255423933217761,-0.2229011321503186,-0.7971509911808724,-1.3077644201803784,-0.2962045026989962,-0.9827285562287758,-1.6003060333000867,-0.3726577681039554,-0.2913775290626955,-1.1368477860508408,-0.09249490047614341,-0.3230161228876468,-1.5496346410625,-0.1872883207784699,-0.31864475842651147,-1.7785551133616315,-0.2689445359608703,-0.30478350663471776,-1.9731388519142607,-0.33436952137739234,7.098202241900641e-17,-0.9942098079695633,-0.10745630617662456,0.10479707991093239,-1.368181781694685,-0.1904484268592032,0.18103052499490366,-1.5884488753090573,-0.2975936074179227,0.2536720757437761,-1.7670685028394912,-0.38597159746657694,0.2405521675585134,-0.7829254427776625,-0.1438952339711264,0.36791764174434083,-1.114219628708669,-0.23715808154910212,0.439267723750077,-1.3203869208219972,-0.3496773444432029,0.49695922266489295,-1.5044698790190165,-0.43168173401489324,0.45592801962318946,-0.5133032770429086,-0.1999441722445176,0.6500491641632848,-0.6825958281180996,-0.28699681469481864,0.7784352631222359,-0.7937236154309362,-0.36223516500290204,0.8928450906752528,-0.9040797643561734,-0.4206632240251598
5,0.0,0.0,0.0,-0.41793955121809706,-0.42997216944353184,-0.1467460882828847,-0.6591408017628647,-0.9296994155707079,-0.2195230347293241,-0.7766003775234035,-1.3093388930162864,-0.29298717230317084,-0.9462400938129021,-1.6006851447966894,-0.3699926194393829,-0.2811721925530978,-1.1391008179664104,-0.05740627076322017,-0.32307552254197625,-1.556695347685293,-0.14016675765491973,-0.32720881502217336,-1.7900089523621576,-0.2155032231505362,-0.31995217766153977,-1.9840214700155956,-0.27745547497264805,1.3671983230648094e-16,-0.997201213440626,-0.07476456321375274,0.1034186334017256,-1.3671882322619167,-0.14099073736827472,0.17608107169172274,-1.5879505378155685,-0.23957385537003012,0.24812333906241474,-1.7625300083589184,-0.32280338048728024,0.22913912539213574,-0.7889296068384581,-0.1172246843942223,0.3572146070405969,-1.1145321256705343,-0.19639129859959548,0.4209155296650712,-1.3197022861855705,-0.30113167885276826,0.4730192215138974,-1.502884422371869,-0.38016427454730867,0.43510432479564826,-0.5257629233557577,-0.18147977934644022,0.6279598203369403,-0.6877620787829272,-0.2598205241159828,0.7510244442574597,-0.794762443252112,-0.32937402901680296,0.858615393194138,-0.9033952451113876,-0.38416395944334397
5,0.0,0.0,0.0,-0.4107500607289099,-0.4305325929408866,-0.15546631022505242,-0.6420051370589889,-0.9233630467703411,-0.23759833133094851,-0.7625323618940495,-1.2976084622293231,-0.32107251755318633,-0.927702362495644,-1.5880716681858311,-0.40911647267822726,-0.27367704422082656,-1.1424261979321828,-0.06695326475796286,-0.3091484734863239,-1.5496889719977667,-0.15375218338047975,-0.3098432293395701,-1.7772724923299743,-0.23078230100650354,-0.30115014787010125,-1.9641714306661566,-0.29376467095136205,4.265164072667938e-17,-0.9962625379976345,-0.08637682202137067,0.10621211264699464,-1.3550439068680076,-0.15375936216174077,0.17998034302709728,-1.568366804705528,-0.251227989164623,0.251608110669029,-1.7368789890022924,-0.33434302867311233,0.22279832940844835,-0.7865940976968533,-0.13299482635740628,0.3517508784949335,-1.109924093825507,-0.2146964617280732,0.41634515523551463,-1.3081948968885164,-0.32117969497755017,0.4675367028080239,-1.4855781138473136,-0.4023730162726049,0.42351755229047383,-0.5252130666489083,-0.2024956335126167,0.6161619060488621,-0.6825731536250578,-0.2835647500261017,0.7393021211662612,-0.7871467994463105,-0.3551010383126641,0.8470995820868502,-0.8965597515254075,-0.4121158683479903
5,0.0,0.0,0.0,-0.38971375646733386,-0.44475640035273173,-0.15479608481008988,-0.6030519271388878,-0.9373586274569748,-0.23800311578307015,-0.7286257507982462,-1.3179184162379274,-0.32244726443451466,-0.8780969442684872,-1.613676500818585,-0.4129426615615181,-0.25540922235108493,-1.1482366836546765,-0.07180458577194279,-0.2988269467323842,-1.5681306327346052,-0.15664290453702304,-0.30467432521262794,-1.80647518427285,-0.2321912009732565,-0.2998739196090598,-2.0062252582986493,-0.2948040614963527,3.727809296123012e-17,-0.9957953226873,-0.091606087756743,0.08671002072329571,-1.369429896072387,-0.15711222859812857,0.15113617468412657,-1.5959855345160503,-0.25391275933042046,0.21606818012304027,-1.7740987492873062,-0.3373611271205303,0.20561997892088055,-0.7867458089392518,-0.13796978488108275,0.31273398040727196,-1.1193223397489604,-0.21880940569881172,0.3677917636090425,-1.3194441962944798,-0.32765640237635923,0.4156965191457486,-1.4996950097844943,-0.41099565564892415,0.39169490332201495,-0.5309058607008954,-0.206442092134696,0.5600012661424878,-0.6979621854258024,-0.28906031106650026,0.6665620860008352,-0.8047210880436992,-0.3637977461306136,0.7622068911456693,-0.9181821516274229,-0.42372868742290715
5,0.0,0.0,0.0,-0.3701856922596698,-0.4265635397216699,-0.17814915171415208,-0.5865483546055431,-0.914504000104685,-0.2720244589153368,-0.7112527326478947,-1.2940662227436401,-0.3637830492743426,-0.8601896740533439,-1.5896274554620518,-0.4603338375818323,-0.24623473714995447,-1.1379572934096926,-0.0849855778073156,-0.2823091442791179,-1.5560297440996593,-0.169724871336415,-0.2915729005713972,-1.7998094209281557,-0.24464796381832427,-0.2920415861145894,-2.000912007869687,-0.30702695056457757,5.996804629561255e-18,-0.9955804645083937,-0.09391239901765445,0.08383170337630981,-1.3680561080978733,-0.1557533127549945,0.1430318118557408,-1.6025933116566071,-0.24992462105206184,0.20693433953978796,-1.7879397271691022,-0.33206420103725726,0.20206939125487483,-0.7891577787818093,-0.13180745071475752,0.31331082852966746,-1.11402643432185,-0.2089569968206502,0.36719173869273314,-1.325383477883247,-0.3167836445368312,0.4115712943390896,-1.5159219635168686,-0.4003577895386751,0.3888850076852294,-0.530682338716928,-0.19464161639758484,0.5626428240801672,-0.6906893308946253,-0.27337720528871123,0.6773399462402266,-0.7961165105605685,-0.34632631187396384,0.7770745727491876,-0.9075461166685562,-0.40483335249228036
5,0.0,0.0,0.0,-0.20891151675520958,-0.17186377211625228,-0.0789596985640864,-0.3367137443599207,-0.47838526499502276,-0.1080460701059684,-0.4115862474529378,-0.7411035510713391,-0.14295133707246702,-0.5006858500497007,-0.8887739823301416,-0.17848167944260251,-0.14116346620128845,-0.9426107999821061,0.03699426270147965,-0.1896261413163657,-1.2943530667292629,0.0120617756665985,-0.20563002906216735,-1.5066808054037344,-0.022447964267220104,-0.21411771582638017,-1.6986831880066742,-0.05239811002497375,1.5858344337508794e-16,-0.9996030700238521,0.028172724378196175,0.028859257514947816,-1.4044672224954071,0.021098470732549692,0.058894944330061,-1.6570024119947961,-0.027189505522140438,0.08554701829194888,-1.867651579417416,-0.07044745782096928,0.12115018760064872,-0.9619413537466351,0.0003225309157986168,0.16576315981661582,-1.3245205467505197,-0.018351061573898403,0.1907927826359177,-1.5509691902478175,-0.07420684749039619,0.20796640108782738,-1.7472630442498418,-0.1182447994460562,0.2366665681167362,-0.8565149419165787,-0.04297871543075919,0.31613033150064923,-1.1224118119983009,-0.06394821283924283,0.36641416425822254,-1.285195109870251,-0.09447226118681509,0.4105367360120871,-1.4305264392556651,-0.12010971637087642
5,0.0,0.0,0.0,-0.21884281837243902,-0.1725551178372046,-0.06898801880236993,-0.3469574625037499,-0.48002252534220363,-0.08956739565890995,-0.4154709666146209,-0.7502982587638954,-0.1181307475450256,-0.5024989612105012,-0.9066980426128751,-0.14637333877529285,-0.14417776176030006,-0.9459430655456116,0.06949843767073484,-0.1875523329364576,-1.3054165134066047,0.061441532263982884,-0.20297856257039185,-1.5173216564389957,0.03839173905968467,-0.210382542245769,-1.706846884081171,0.015315603017780592,2.4984654463008824e-17,-0.9982237203726736,0.05957687542443005,0.03115033055419474,-1.3982257733748464,0.07099100379414115,0.06162875162062651,-1.6463221938195562,0.036253026334703314,0.09024132938470963,-1.8455396368093826,0.0024215915704046648,0.12078054132280408,-0.9575122588551014,0.029956271793896674,0.16761024301972485,-1.313760862507955,0.028034898669381112,0.19289401825758581,-1.528350635522408,-0.013608445811650289,0.21082494003375776,-1.7120032840185506,-0.04871671182935815,0.23488652695416085,-0.8549163272371224,-0.015599040555559643,0.3167195380464578,-1.1134896434467143,-0.023494859052085725,0.3687462564544876,-1.2736155306003047,-0.04386411772848592,0.41470280094101153,-1.4170478276541323,-0.06199420963074815
5,0.0,0.0,0.0,-0.2188429282458152,-0.17507304256783468,-0.06531040262096806,-0.3460991300316727,-0.48633139283755217,-0.08357716026033918,-0.41488366381787506,-0.7563611254280284,-0.11027406176544885,-0.5029673238540482,-0.9096184536944625,-0.13682044406619503,-0.14424524105251602,-0.9449315142152463,0.07218496732177379,-0.18783106015544804,-1.3020053469050599,0.0641408227330969,-0.20292140379277235,-1.5135865663634054,0.04069011018805568,-0.21025816758929572,-1.7038470472824307,0.017421912862519023,-2.792420814429804e-17,-0.998134119379192,0.06105964077133835,0.032027059313017775,-1.3989080248368828,0.07179260880064363,0.06306535697552804,-1.6468835435226372,0.035956033337062834,0.09172314500126955,-1.845827681632607,0.0014953781416815394,0.1220186698336919,-0.9585878548486717,0.030682563951125966,0.16923274476799186,-1.3154485371067677,0.02817354728179757,0.19379310796890137,-1.5304306386934283,-0.014458447800739273,0.2110205636060371,-1.7136133178935247,-0.050019219900225814,0.2378455311970549,-0.8569430489130884,-0.015177307348983652,0.31973115768818344,-1.1171691679017801,-0.02321512581465489,0.37107240664957586,-1.277301167936583,-0.04401076848738297,0.4166569254227569,-1.420388552894379,-0.06246126468874161
5,0.0,0.0,0.0,-0.218195792322376,-0.1767419328087088,-0.07110824915295665,-0.34614797447655593,-0.48714990742182007,-0.0927893708627193,-0.41413499919771435,-0.7601522169509878,-0.12192871103003869,-0.5011456171568321,-0.9167788321845833,-0.15103032915567433,-0.1456455227222442,-0.9441664833698867,0.06355022406361413,-0.19063173456521865,-1.304108105533629,0.053093696460127154,-0.20561940497854297,-1.5174621642781863,0.027632092020879143,-0.21238858039026395,-1.7101442183042093,0.002912633075717241,3.632464494530453e-17,-0.998512620362079,0.054521069116943786,0.030076051406003498,-1.401220039234765,0.06260807566836954,0.060980042737263054,-1.6516362960966977,0.02385464390413635,0.08987584946064678,-1.8530628213156106,-0.01284133976307069,0.12305719754131664,-0.9602474490480972,0.026241884773522257,0.16818025456327393,-1.3172279694871827,0.02150386137084454,0.19167098606549815,-1.5349707408494064,-0.02456769591070172,0.20846467567164037,-1.7194548948242994,-0.06262634749971097,0.23995292666620854,-0.8600084407269022,-0.017732790564038276,0.3207397849608137,-1.119910243218765,-0.027176080959963253,0.3725112200193224,-1.2793098966377838,-0.050008006480931795,0.418678823208401,-1.4198693970307463,-0.07019559151978957
5,0.0,0.0,0.0,-0.217230181829277,-0.17901102671973923,-0.07076860527118871,-0.3477891327077161,-0.49148568631404865,-0.0933361091025943,-0.4163508975680563,-0.7646848517213567,-0.12314773997111982,-0.504011070836435,-0.9119664299722146,-0.15386535172053997,-0.14740318874067895,-0.9466797628598114,0.048022709646796224,-0.19230451024222847,-1.3121115721102827,0.030327218750864776,-0.206973452949556,-1.52994284436988,0.00037491564309698845,-0.21343072526467205,-1.7282292196470461,-0.027232082014705818,8.605061150982428e-17,-0.9993326959129841,0.036526194426567224,0.03414534275141799,-1.4089435849753347,0.035388852361327904,0.0680689404987504,-1.6610727036799415,-0.008525320280510857,0.09933632324252535,-1.8646223905919244,-0.04858834276467193,0.12531435551481382,-0.9589027985185783,0.0069930455929802715,0.17576989585448724,-1.3194931031667583,-0.005999143178579789,0.20208938128404197,-1.5421263009469672,-0.05716043091110833,0.22101864929306012,-1.7299863900464514,-0.09797721446054859,0.24314567632081774,-0.8552023627717869,-0.03773197312230498,0.3272159905566064,-1.1190151228423162,-0.05325949035070971,0.3796526778132024,-1.2789370161477958,-0.07992862863291122,0.42619520347630807,-1.4194777740479805,-0.10269718229499772
5,0.0,0.0,0.0,-0.21454916368860225,-0.18344132948612452,-0.06208558537581168,-0.34293309971001107,-0.4993170490329575,-0.0831620856820542,-0.41135152242620715,-0.7707497473514762,-0.11283347092202672,-0.5001501975641215,-0.9189223925280481,-0.14342825253811722,-0.14505441316578452,-0.9464958916395918,0.05045985321320811,-0.19010863204026218,-1.3085689677157064,0.03126132948589333,-0.20427966605383,-1.5275218174013638,-0.00013749025050591385,-0.20994190475031466,-1.7267954621214827,-0.02884192600912558,1.0750643036093549e-16,-0.9994034757974525,0.03453538133524608,0.030716831442696404,-1.4062148665983527,0.0317767180698671,0.06238585720587812,-1.6587469470130423,-0.01294257659076824,0.09137178668983315,-1.8643808141929177,-0.05400475953316789,0.1251571973077729,-0.9581518475047439,0.0016177216511075075,0.1727095481621517,-1.317955783626058,-0.010984595568692466,0.19692310819597397,-1.5405661339332162,-0.060622828603120016,0.21326158717917376,-1.7298544664368591,-0.10136818283204195,0.24496788724225418,-0.8527975871360821,-0.045663422037191204,0.32707738061780417,-1.1136611376898897,-0.06081097447179177,0.37760469597833113,-1.2755847850388526,-0.08654795283922126,0.4220013570451034,-1.4183982065498522,-0.1093107931288513
5,0.0,0.0,0.0,-0.21312647162391424,-0.18673472335434121,-0.06955540903184397,-0.3422625273709189,-0.5012038774810935,-0.09447250359300946,-0.4119895677298724,-0.77138602296878,-0.12760209589326885,-0.502023694135155,-0.9211939816752595,-0.16170387317199317,-0.14527357735153731,-0.9468939407827028,0.04788062273749467,-0.18640869043678965,-1.3080646942322876,0.025976683668114224,-0.2003453162577761,-1.522913630969143,-0.007940720692695715,-0.20657770772161022,-1.7185843914750694,-0.0381826285827816,3.605253371790865e-18,-0.9994161463407532,0.03416674455371044,0.03281964155731758,-1.398995628520937,0.029553549816414806,0.06339509376113363,-1.6454010536318726,-0.018048070465467404,0.08980225864848622,-1.847381536278572,-0.060878081997374565,0.1257051464805194,-0.9570902913086293,0.002353067703326952,0.172538525956419,-1.3115545273979359,-0.011646759134454768,0.19726869166329855,-1.5308721578288007,-0.06369403692195423,0.21260838019325365,-1.719974054983718,-0.10626676595382226,0.24534686666577066,-0.849568344778426,-0.044726070739977135,0.32404429443693983,-1.1049621343461618,-0.06126185368048688,0.37253845536888464,-1.2661923468042455,-0.08893086469157463,0.41406797927969846,-1.4126099859781631,-0.11309701877189036
5,0.0,0.0,0.0,-0.21482638284130182,-0.18225301830225904,-0.06235753784554134,-0.3421223477019556,-0.4962485773409934,-0.08022114352216168,-0.4115576082067448,-0.7673512625435978,-0.10645982640894497,-0.5004374497688151,-0.9232695126543661,-0.13252244015656622,-0.1455181031846229,-0.945334904655319,0.06689646678977036,-0.18373157371895601,-1.3058271493392695,0.055451111089170294,-0.1953714752270359,-1.520684683179978,0.029566649885503452,-0.19936099336524568,-1.7142734662475254,0.004471748459838739,5.613090264269173e-17,-0.9985163526789113,0.05445267149372939,0.0325000107365367,-1.4009399714685862,0.059985731643455206,0.06373538146525366,-1.650161123677723,0.0201024213780288,0.09163321408471486,-1.8514463236540466,-0.017100932640998417,0.12441628658238363,-0.9569512850708656,0.023994270828872833,0.17108160044111265,-1.3128934312555205,0.01776465150825507,0.195578568943826,-1.5260780548673603,-0.027177524616021822,0.21086006588902803,-1.7103703072979746,-0.0643390744319953,0.2432036551671455,-0.85052111180323,-0.021242137995365333,0.3233959614699078,-1.103874252052959,-0.032895011101705444,0.37206143413041143,-1.2630511810828955,-0.056109989883580076,0.41330024906260837,-1.4065915172647472,-0.07616750654340218
10,0.0,0.0,0.0,0.15141215473747924,-0.47443177324730723,0.13720227161136486,0.22738283148683353,-0.9549838332319166,0.13592713161881986,0.2989227897942969,-1.317271490606304,0.10749748187864006,0.42756811292139335,-1.5420411947851307,0.0908695682598154,0.1382058643927517,-1.1981068971769033,-0.025868121001979293,-0.17424390172179333,-1.2572193639242222,0.010934048019473234,-0.2166408823058998,-1.0647370297592582,0.08459887971171867,-0.1600629246341717,-0.9658819447787997,0.1201445885157609,2.0126988231218263e-16,-0.9910517335417666,-0.13347831825378756,-0.34477532253121107,-1.0062064397350747,-0.12090470310941046,-0.34154808863725145,-0.8213132668735116,-0.04405086054582238,-0.24752051188168273,-0.7508449601463969,0.0022389791873557324,-0.16068142157816745,-0.7228179096627575,-0.21672185939072824,-0.45464288355590105,-0.7336536898741794,-0.18683220065803402,-0.4247313664579821,-0.5820046976010536,-0.09491553766583488,-0.325859550672667,-0.5313446143945325,-0.04624340203325502,-0.31777357458693384,-0.436503382661376,-0.28971250756290806,-0.5334160431056689,-0.46358677975939333,-0.24940227337461446,-0.49088149482654647,-0.3601376059239387,-0.17583529973418355,-0.40613086477653887,-0.3239056125692413,-0.1329027109118355
10,0.0,0.0,0.0,0.12289694776119359,-0.47230412093082347,0.11523622732683243,0.17258733961501388,-0.9734757596471312,0.09165103138800156,0.22949510428025152,-1.3659236560889085,0.04752035073019602,0.3463599564838112,-1.631167025481346,0.017943200973676292,0.12123855351713338,-1.2066021172689114,-0.0975030292910327,-0.2228710372636454,-1.288712375675823,-0.0822244092374547,-0.2436425406480563,-1.1036866137680652,-0.005141070586893536,-0.16795314619399657,-1.0100232186661142,0.03686741242864727,6.510062134489278e-17,-0.9797054989269173,-0.20044234924875523,-0.3733374879144024,-1.024917484391135,-0.21174862618722462,-0.3454364225145335,-0.8440302731548391,-0.11688383768858396,-0.23539415099650673,-0.7916164323941923,-0.05252120564551118,-0.14549432959746458,-0.700567138911475,-0.27899288688260426,-0.46203692918496636,-0.7526950954684966,-0.2726000425851181,-0.4169775584023817,-0.6082996235719008,-0.1567012963663583,-0.31061133411018244,-0.5627896642446278,-0.08513239952469229,-0.28576221999166235,-0.41523091808958335,-0.3479043816424361,-0.5159449922919351,-0.4922341739739807,-0.32314239727964605,-0.4672789807535486,-0.3938683932002787,-0.23599380812137064,-0.37959116521556535,-0.3521642424998583,-0.17849638268111864
10,0.0,0.0,0.0,0.11968729209322777,-0.4693339961866679,0.10667853953799758,0.16176976695960876,-0.9760417699205137,0.08074270542181469,0.21216772698478895,-1.3694720288337698,0.03666184314727094,0.3215308936922881,-1.6363406185870721,0.007547316050289284,0.11803801305209959,-1.211335769727625,-0.10609103146642945,-0.23599993128048072,-1.2827749360322958,-0.09235984561977398,-0.24502480217547376,-1.0934771201642892,-0.01613852782077178,-0.16086171204137423,-1.007238398470679,0.025316641945872367,8.884309233803562e-17,-0.9788925526622833,-0.20437556199878515,-0.3741493857474534,-1.0212892328695455,-0.21709389812780247,-0.3372169932851581,-0.8430801800282742,-0.1219154419855708,-0.22611143178381213,-0.7965939319827281,-0.05754998499436468,-0.142992597514434,-0.6959285292114784,-0.2789890071879982,-0.459625004181706,-0.7555653297997018,-0.27586286941944926,-0.40690771511017754,-0.6135223444889586,-0.15994332142375323,-0.30008316055136725,-0.5679466498223773,-0.08774104825472435,-0.2801898303544883,-0.40998050776978345,-0.3441954485169714,-0.5107649670122786,-0.492920106353739,-0.32201998372890867,-0.4587525492963421,-0.3933616308988999,-0.23518731620131716,-0.3721894888169063,-0.34819663418801633,-0.17771882099007527
10,0.0,0.0,0.0,0.10538576820506444,-0.4744763614506329,0.10562611893323731,0.14507707029769099,-1.0039539163467597,0.07269091279383778,0.19632092152341535,-1.4161601007449682,0.02266501400818224,0.30398937251571023,-1.68639627302293,-0.010699243821794742,0.11254748215533368,-1.217217551812458,-0.13140737275479777,-0.24952117200714607,-1.3167760634786652,-0.120775978229784,-0.2499847218053085,-1.127531909354974,-0.040109925662205614,-0.15496107041509508,-1.049086439557867,0.004300097917381108,1.7334817442848586e-16,-0.972853616719781,-0.23142134827029545,-0.3804656161124565,-1.0485427660208682,-0.24526687402479502,-0.3390809462225093,-0.8672336543450396,-0.1414496121007556,-0.2245591414337827,-0.8282274054661545,-0.07210191786083113,-0.13736754609920934,-0.6859696441289176,-0.3063489450316838,-0.46268001970679923,-0.7781214367080405,-0.3022169279553337,-0.4071707261835824,-0.6293359948257652,-0.17522971816176422,-0.2971337977843269,-0.5865687562094284,-0.09698875769244865,-0.27014127142245253,-0.40432746102329487,-0.37176254773955003,-0.509355175874273,-0.5116772796537432,-0.3461098343606826,-0.4561655527525902,-0.40424119745749915,-0.25136567688002454,-0.36763374066363586,-0.3562038167363098,-0.1895848381679425
10,0.0,0.0,0.0,0.10108576197187055,-0.4664749154683886,0.09828139465743206,0.13618694689274746,-0.9976125899394995,0.06327697738458642,0.17971072935909993,-1.4094594858585021,0.012487409394218475,0.28020612438760206,-1.6825597124708935,-0.0210950968454223,0.11091894980745157,-1.2149311071158402,-0.13261114078099306,-0.2531830897646641,-1.3085060135138407,-0.12338482057985538,-0.24879113377698905,-1.114558340786973,-0.044400799143136965,-0.15052422663933546,-1.0407389038076058,-0.0013074873294950076,1.2816551798497493e-16,-0.9733560596330614,-0.22929889048052504,-0.3804289868739024,-1.0434253656956745,-0.24371124788025803,-0.3367867703346053,-0.8583454070105396,-0.1414151560091025,-0.22357040739616305,-0.8242919123371967,-0.07349774275893728,-0.13675694755917778,-0.6870170113065721,-0.30208425189809734,-0.46288821665614843,-0.7670705309000346,-0.2992143770500342,-0.4058887037547312,-0.6143170895847072,-0.17388836774208774,-0.2965399720290262,-0.5773658433141556,-0.09677553359766403,-0.27017870190323146,-0.4055868267981162,-0.36593844722306695,-0.5117747304749531,-0.4978148227942327,-0.3410194202218597,-0.45785618875659656,-0.38669191821565935,-0.24792643916129212,-0.3692091595802625,-0.34466742337433026,-0.1875012434962274
10,0.0,0.0,0.0,0.0925983928421062,-0.4576043068328539,0.09288167794996081,0.12196551243324995,-0.9879933652817111,0.05590732255335786,0.16177074907997852,-1.399049101969459,0.004307686001479198,0.2560294205568863,-1.6743587918450313,-0.02949412731861954,0.10441179947795447,-1.2123944996328693,-0.1348922572404869,-0.2614247545004686,-1.2935211353477192,-0.1268862810280291,-0.2526823044442458,-1.0921737152200108,-0.04913890735287587,-0.15112141496812778,-1.0233589031092267,-0.007177623636958737,9.446069146997911e-17,-0.9733159708097993,-0.22946899783321092,-0.3829889623763793,-1.0309343129932198,-0.2449085613210925,-0.33582701162663764,-0.8454979761884494,-0.14212553773346037,-0.22256337371185328,-0.8196463640614611,-0.07430558497467832,-0.13221638921909346,-0.6871708716499143,-0.30109889256332073,-0.4612642447258143,-0.7574491970122477,-0.3003760842135676,-0.4019129486246094,-0.6043296437421393,-0.17473920216993793,-0.2927495166749537,-0.5736620407755783,-0.0973365057280455,-0.26280106651370194,-0.4057301507963458,-0.36410177485873013,-0.5071423818590715,-0.4897080105064057,-0.3421001005934946,-0.4512326859221025,-0.3795562755142133,-0.2500157973633431,-0.3619553603723482,-0.3431721934028601,-0.19006058844269147
10,0.0,0.0,0.0,0.08619654073113543,-0.4802738341559412,0.09016916949007135,0.10046983765612358,-1.016166898468936,0.04075356511821445,0.1239146241397505,-1.4260340286723485,-0.018505901558838342,0.211537057880875,-1.6999765589117641,-0.06045086431128807,0.10442651062002863,-1.2102856360182814,-0.21138598893776073,-0.26141849503934556,-1.3309370787923458,-0.21419759318184103,-0.25094079491671173,-1.137520043735042,-0.12778335889690723,-0.14462107204455002,-1.0673897246083555,-0.0772586507936472,2.492743191974543e-17,-0.9521728152845848,-0.30556002656274933,-0.37875626012572494,-1.0703354891067012,-0.3309298788738134,-0.3282048196227857,-0.8844306937106011,-0.20652134739979222,-0.2138782667469928,-0.8461522279479344,-0.12251397104990627,-0.12662961476803775,-0.6593318620120533,-0.37218714897099225,-0.44566567353327247,-0.7896231175806488,-0.37579464059935885,-0.38599553717256035,-0.6440915026506981,-0.22918755412431438,-0.27798769433380816,-0.604018079417294,-0.1377552623779754,-0.24873729513415496,-0.3766915939177817,-0.42907957627660165,-0.4809414357931486,-0.5065122870630159,-0.41013872309516863,-0.42698878433771337,-0.40249003133497807,-0.3074296187017394,-0.34095737390379116,-0.3593664310668377,-0.23918516473219067
10,0.0,0.0,0.0,0.08894538809545786,-0.4747697026269132,0.08947663787520306,0.10411809046636099,-1.0200036218711022,0.045231851196569826,0.127896988410001,-1.4364394012959625,-0.009703965171984675,0.2242083176701903,-1.7179485637696164,-0.046887838890598055,0.10547336983610263,-1.2158453895831272,-0.18683046719682,-0.26251458387362236,-1.334381139151358,-0.18559265213362663,-0.2531951520783596,-1.134637270286324,-0.10051965422830782,-0.1454292110956173,-1.062563783605877,-0.05171807526273658,9.493283730362184e-17,-0.960103880687634,-0.27964359153848983,-0.37693069462890777,-1.0761193778533986,-0.3029517615611115,-0.32668540170575316,-0.8869143643691734,-0.18268855119456665,-0.21239545667213974,-0.8479205231572786,-0.1014350820723646,-0.12806061808032282,-0.6693755488696269,-0.34687920879775985,-0.44460621463838257,-0.7881115199718619,-0.35223769103515906,-0.3820909402596494,-0.6376930232323121,-0.21119622444509797,-0.2733381079629384,-0.601268851473808,-0.12213134615138828,-0.2524066522503363,-0.3895440578006573,-0.40454391948395396,-0.4821564298163824,-0.5004125563426741,-0.3874833582156273,-0.42502025000359833,-0.39047139363699945,-0.28839499219927717,-0.33900930670340684,-0.3485060467847753,-0.2221797342189242
10,0.0,0.0,0.0,0.048769136738594045,-0.4850251440575402,0.08169722370125558,0.03095005177786708,-1.0386409657693934,0.019090628555493466,0.03336944855040858,-1.4456893744325885,-0.05006999660515706,0.12735822244233325,-1.7083656466290276,-0.10046520763605889,0.0789224540337354,-1.2011685612840088,-0.2694963720332427,-0.294878803354714,-1.3507767046970192,-0.28990429777518284,-0.2695076336344038,-1.1372945008933635,-0.20361021466549376,-0.15532503086016403,-1.0552912659333482,-0.15189052726692467,-2.288375828177879e-17,-0.930099114708227,-0.36730863972818883,-0.3947187513487602,-1.0769064175087781,-0.4039442771646433,-0.32868746204995364,-0.8707420012273134,-0.26004530374560497,-0.21635218388460445,-0.8215753719884867,-0.16453481566293668,-0.10140430765275066,-0.632493873932317,-0.43796344590066916,-0.4406927268068288,-0.7845423009924043,-0.4552867982238986,-0.36767366934001067,-0.6315348639906142,-0.29097546258593066,-0.2623160862494696,-0.5879732753889244,-0.1883509332616111,-0.20534515338098663,-0.3536035845936323,-0.49853293676370053,-0.4542783397914306,-0.49228948788672794,-0.49483366689974245,-0.3895984741793638,-0.38522316330291445,-0.38548503634306136,-0.3013205033179263,-0.33635813131864767,-0.3115259571477355
10,0.0,0.0,0.0,-0.025260583966703474,-0.511674517791264,0.07097120037955665,-0.0709025436150001,-1.0825908042777515,-0.0052007287979513135,-0.08142876354139225,-1.4941395930612995,-0.08535772671560612,-0.007175810804446713,-1.7995851515641819,-0.1473340225894708,0.032405734206838614,-1.213327372321706,-0.2992416206507188,-0.348615929121522,-1.4026247306180823,-0.3400353500330544,-0.3209460972468568,-1.1799610006176262,-0.2731862144083635,-0.21256176171878294,-1.083323303890698,-0.23459598890164762,7.136803541001139e-18,-0.9178085422398561,-0.39702327361446976,-0.42021413352646797,-1.1203122128190213,-0.4524327434196667,-0.35323041925479237,-0.901543803781432,-0.3172541316998541,-0.23921148925862745,-0.8252121992315884,-0.23168817445781975,-0.06289184239660597,-0.6051966514379122,-0.4680949341251942,-0.44145230855769113,-0.8089611778571552,-0.5024407183228864,-0.3640339767115577,-0.6424777124546434,-0.33980569891258194,-0.2507804571412725,-0.574837236234501,-0.24037491367230635,-0.13896764075377285,-0.31859278711356903,-0.5288688215863061,-0.42019973756828166,-0.484568265944362,-0.5450696535550729,-0.3514623167459821,-0.3721809973107574,-0.44007262711132833,-0.24891349324499742,-0.30931391628897514,-0.36943949144412636
10,0.0,0.0,0.0,-0.1245235101587306,-0.5241786407188619,0.05966501137837008,-0.21305800688218834,-1.1155487108373197,-0.02057841245039832,-0.2568173861881614,-1.5344954789409693,-0.10197985100862156,-0.2228302346369741,-1.8461615401840714,-0.16672061421221349,-0.02497202246821797,-1.2182789646648777,-0.32598536585725674,-0.44378887101627734,-1.385221936051213,-0.3699914922809674,-0.3929016251768783,-1.1806886699703039,-0.3062136379061625,-0.2603183387777146,-1.0975562018915537,-0.269295712386477,-2.3319303311494608e-17,-0.9082128428819607,-0.4185085805861892,-0.47836197025287597,-1.0915238578813728,-0.4732419834218955,-0.3968693810541572,-0.8872617748480234,-0.34388311051554865,-0.26305981077388685,-0.8113416537182908,-0.26615448024999555,-0.012151380580617082,-0.5881944219543798,-0.4829097990048208,-0.45434506784494244,-0.7713427797388136,-0.5137034666789881,-0.3704778603964663,-0.6143605168354558,-0.35567570497839435,-0.23656995202783873,-0.5515896139815234,-0.2643798239698931,-0.050002456367817666,-0.2859947191493994,-0.5377822596583068,-0.39673209504451984,-0.4293659017690765,-0.5560264405530589,-0.3321242708271384,-0.32955600446577077,-0.4556035129864449,-0.20819458786905112,-0.27391758389704085,-0.39075251727855254
10,0.0,0.0,0.0,-0.17260516044617025,-0.5592106996287012,0.041642530127087074,-0.27193050635719246,-1.1442821342769527,-0.05386665055794892,-0.3059088188935783,-1.540957276709557,-0.14443592526784585,-0.2859984122451667,-1.864115190654514,-0.21518094549435687,-0.037639391151140685,-1.2172728438893385,-0.3575571133999565,-0.5145288207476906,-1.4378045810566362,-0.43474152782981346,-0.4776064227902263,-1.2232713913356343,-0.3984114764052814,-0.3437123369438643,-1.116892624243113,-0.3795976258197062,1.2438675269350534e-16,-0.8943590028305083,-0.4473499458544944,-0.5233134495686913,-1.0992202271965617,-0.5375804730537912,-0.4467114488672267,-0.8589737660699773,-0.41040704066551126,-0.312641225632772,-0.7774810637985873,-0.33467402311936256,-0.006963124504822652,-0.551798250940743,-0.5125756637422212,-0.48099118865808016,-0.7233990098216609,-0.5719140318714196,-0.39866725288356586,-0.5479128805081084,-0.4083042785156427,-0.2694234178993158,-0.4937826056582297,-0.3122137908353635,-0.03843361468943272,-0.23374572799386817,-0.5700695358788009,-0.39338153194392095,-0.37873104246827444,-0.6109389491106807,-0.3177305062015977,-0.2556010621016227,-0.5139363750054965,-0.18442258554172813,-0.18758000910919745,-0.45054439379948963
10,0.0,0.0,0.0,-0.26743760284355333,-0.5416970311019842,-0.004474729908924024,-0.40000028349327565,-1.111412099321878,-0.10446643189714659,-0.46829766886505325,-1.5123583563052008,-0.19841836142600242,-0.5151583531376385,-1.8555197293915944,-0.2725659193877395,-0.1148831514528675,-1.235954799757462,-0.30113048364674233,-0.6132960516390269,-1.413561561231065,-0.39495274302975913,-0.5645969361030285,-1.1576390600016702,-0.39573711147019813,-0.41209866946401763,-1.0486160388550467,-0.4026192155399113,3.18114958782608e-17,-0.9270587630525678,-0.37491605706803594,-0.56329805040582,-1.0835353516915718,-0.4954772082465777,-0.4761186737994796,-0.8076145353950342,-0.41319451947297,-0.3198951077854646,-0.7227667275814288,-0.3631540833649533,0.05163667776329595,-0.591272331587001,-0.4350583943813735,-0.4660603409999596,-0.7122141224574032,-0.5257300949190008,-0.3826096717070844,-0.5070630134028482,-0.39662265100429156,-0.2380431510163274,-0.4488178373924726,-0.3155066794145717,0.06492694395069173,-0.2761039784295933,-0.4936657907252036,-0.33556110698995617,-0.39342179150029727,-0.5504248540137009,-0.2725320752553799,-0.2530329219689049,-0.4750875283233975,-0.1335167830056054,-0.18874084226472018,-0.4239839508342256
10,0.0,0.0,0.0,-0.3918462407484888,-0.5061378157063734,-0.02227610917597957,-0.5901562731156422,-1.0588603864567534,-0.12677127190026805,-0.6899982728494033,-1.4530922614744608,-0.22680629901833183,-0.7817839144837558,-1.7958091479587455,-0.30996584895197926,-0.18878820910863614,-1.1887268298971643,-0.3042053579712015,-0.6892799149470984,-1.327089640473686,-0.4072600508045256,-0.6401875531340948,-1.0509801878390603,-0.40837938924609113,-0.4895382002246907,-0.9058771579899085,-0.413962854794855,6.954514361908536e-17,-0.9239846358347267,-0.3824295918745928,-0.593289303407648,-1.0433479284714897,-0.5105493223265419,-0.5248122647212888,-0.7509456874264361,-0.44608686526226254,-0.3763418596622739,-0.6287337328789575,-0.40721146660587254,0.11820826760583111,-0.6211561653690446,-0.45205437939201615,-0.43469803540509605,-0.7370678285271638,-0.5560843005972356,-0.3749377370502322,-0.510014679211958,-0.44998202990783254,-0.24554423088176655,-0.4227726983846198,-0.38416167907070087,0.20143351670577078,-0.3159803032558174,-0.5214879854942771,-0.23989073228233193,-0.441822125125032,-0.5915391382568196,-0.1973848594257625,-0.29897334041524887,-0.5323635842973906,-0.06844899363576287,-0.22674658774385872,-0.4915832873895411
10,0.0,0.0,0.0,-0.4664369703066064,-0.4832941628241323,-0.09677688098967685,-0.696615688179479,-0.9871747198779383,-0.19819522078948248,-0.8164053174576211,-1.3483697289637362,-0.28578056137189667,-0.9993623855655086,-1.6954210527829328,-0.35257334346637814,-0.26311258256462167,-1.1962402886646426,-0.23908517498445087,-0.748703567082752,-1.2551647015322493,-0.35745008767236247,-0.728299711393933,-0.9512815077158527,-0.3851275745751596,-0.5813450275313281,-0.7932103404539415,-0.4070051525874092,1.132681707714462e-16,-0.9582487803270253,-0.2859357882493345,-0.5793868211608935,-0.9914373275175965,-0.4288666909308544,-0.5353711333354043,-0.6828601948412589,-0.4019172194088333,-0.37312518301077024,-0.5771376804777865,-0.3858366781701276,0.1889133507800187,-0.6659978041973373,-0.3429247977910776,-0.34583129411948665,-0.7007939165944446,-0.47921923227174756,-0.319693764134192,-0.4661613696609981,-0.4151509624600385,-0.18096849459022063,-0.391028135814068,-0.3690102260523931,0.3410001313272742,-0.3640387410857052,-0.4100692153796241,-0.0932741481044302,-0.41825048940812765,-0.5096493561107441,-0.11406852539957267,-0.2904740857145489,-0.48553727106973493,-0.0017768733355427908,-0.24838940781908847,-0.46277229727622016
10,0.0,0.0,0.0,-0.4786295157763944,-0.4775346969938934,-0.0878742504143097,-0.7017713159021784,-0.9471862751470268,-0.17646879510972147,-0.7922366178985957,-1.2678760795817852,-0.26001360120120715,-0.9608456477255717,-1.5731955593124782,-0.32367879311431175,-0.26220222792035786,-1.1626288552068105,-0.17717399348080184,-0.6802837812508581,-1.2365408132782914,-0.29168978710565246,-0.6725409664846176,-0.9462960753632665,-0.33009744620327625,-0.5371516374485595,-0.8075100589866681,-0.3610475985676986,1.0855121721467403e-16,-0.9729556128732814,-0.2309921543654186,-0.4781978901790504,-0.9927605755509368,-0.3793496122058151,-0.4644105424046959,-0.7060988976717558,-0.38039304248194616,-0.3230883081513198,-0.6344453967148461,-0.3805842579240971,0.20345659053234036,-0.7119589772872237,-0.2970300477944729,-0.23814168670758068,-0.7302125609795673,-0.4343071454534389,-0.2523829123619743,-0.5050870640927233,-0.38734496722695533,-0.13301902287897868,-0.449138012811343,-0.350524563482085,0.3790109575175721,-0.42615925158133644,-0.3750039434883927,0.031202169113535128,-0.4615903101004409,-0.46141890381549605,-0.023539918455951686,-0.34048377435019295,-0.44128732410858884,0.06933353527729678,-0.31411552135673165,-0.4230967378734832
10,0.0,0.0,0.0,-0.5021765835828763,-0.47479695873140343,-0.0772390081454827,-0.7298220737491122,-0.9338540371590733,-0.14944310801255759,-0.8124316011572946,-1.2447079342451597,-0.2241097914659629,-0.9726005091331676,-1.5205669514462983,-0.2776310294147377,-0.2615948603418321,-1.143770257067515,-0.10940136460132725,-0.6461664048997134,-1.241067553276111,-0.20506489921063026,-0.6327951944992039,-0.960045311709644,-0.233427663588545,-0.49963254734469514,-0.8355279133666084,-0.25904309962065586,-1.2476574196218376e-17,-0.9855192629427398,-0.16956350541551957,-0.43546380152032194,-1.021104311512097,-0.3032615777863098,-0.42820713286098283,-0.7377588807525046,-0.3064971874717288,-0.28731287762833835,-0.6725571734609225,-0.303938185301561,0.2101719694871791,-0.7506685161805521,-0.24566508692002642,-0.18854655408804205,-0.7678439907152617,-0.3738043267696797,-0.21295826570364026,-0.5365405009233498,-0.33279199748560434,-0.08847276601076465,-0.4808826510664327,-0.29640398214085756,0.39655419264217473,-0.4804120727097929,-0.33464759457683135,0.08094911914440989,-0.5042059591518446,-0.4100095282265447,0.02428951069008269,-0.3764535448751037,-0.391168817716119,0.12752334870792065,-0.35095469836864696,-0.37243141614922354
10,0.0,0.0,0.0,-0.5438223898737943,-0.4684691708774801,-0.07081390067892782,-0.7946577918232819,-0.917934784859708,-0.138937848395021,-0.9025740077718195,-1.2256294728710904,-0.21474545032064793,-1.1025232367475044,-1.4937516261559254,-0.2684677517087929,-0.2889207990593412,-1.1245567536937777,-0.08194645823642581,-0.6994378222142573,-1.2529271547201568,-0.17657969838906215,-0.672577728750587,-0.9605934406966035,-0.20097908699682226,-0.5265824650641562,-0.8263100676043372,-0.22171900304452033,8.694199521215492e-17,-0.9891629349708446,-0.1468219604822944,-0.44706095406904467,-1.0504594109767413,-0.28645065470692005,-0.426491774854912,-0.7493139803569949,-0.2936806200846923,-0.26791188069786387,-0.6797824473929187,-0.28723365486877006,0.24842954108759296,-0.7687352422250276,-0.22981594389007615,-0.14861481318425027,-0.8077411742069585,-0.36169026388448905,-0.17091043731905853,-0.5622387557595554,-0.3226029838139905,-0.026820674483408448,-0.4995179568251155,-0.2829360735236768,0.4774490236016832,-0.5071129979472435,-0.32532874070679346,0.16884301341309774,-0.5468565935283496,-0.3928045923358654,0.0968419611000143,-0.41777942948272806,-0.37071203320849216,0.20945800041129767,-0.39202245060373636,-0.34884199893496187
10,0.0,0.0,0.0,-0.5574953520464405,-0.4388497792904693,-0.08627675294242496,-0.8349817355781209,-0.8899174341296925,-0.15012991310560783,-0.9764366599479487,-1.2000673165039548,-0.2203522291468116,-1.213951550683775,-1.4352499002962011,-0.26658448975882776,-0.3055737849111619,-1.1090832009293798,-0.06374911081002457,-0.7452857838757744,-1.260666551216752,-0.15543079481227454,-0.7082469022635608,-0.97506167029523,-0.17995095871026842,-0.5389982350553406,-0.845733793514359,-0.20021791809964096,9.831438806113261e-17,-0.9926575212128025,-0.12095885903750395,-0.47634748235752267,-1.0767131086805548,-0.2549266141427761,-0.4429568787790443,-0.766955060269538,-0.26604413072953,-0.2591260871517665,-0.6996527297433687,-0.26017853222606097,0.26980136358368156,-0.7948767866905808,-0.20061429565880068,-0.14402160917912663,-0.8504455873743473,-0.3292441475061481,-0.1588911555955841,-0.594191318007975,-0.29659368784071677,0.009712318659762471,-0.5269754083754228,-0.2593868822286746,0.5230289736593501,-0.5596133116907664,-0.2957006148058601,0.2018750391613109,-0.6086303382837708,-0.3572003917501951,0.12718711447200873,-0.4684505524860339,-0.3372161516150386,0.25660344343344993,-0.4346350568545984,-0.3164689720732673
10,0.0,0.0,0.0,-0.5862572660438556,-0.45439262640841505,-0.08378410652781837,-0.8833613118856689,-0.9144815434868219,-0.1399978887346461,-1.0291888490619787,-1.2277775202902932,-0.2058904191493898,-1.2671473584505755,-1.4720839814087459,-0.24689852427896694,-0.32151935873195353,-1.1131649602393365,-0.021830076794005972,-0.7561514900722598,-1.278260310002901,-0.10389359175532034,-0.7168248706790746,-0.9910747102686063,-0.12019960756501662,-0.5475218514914585,-0.8760368430658573,-0.13371700291108804,2.230285671800647e-19,-0.9968020613919124,-0.07991026470256696,-0.4813435565748004,-1.1100070047502826,-0.20545036962125868,-0.45488244273529554,-0.7956824911072866,-0.20897230416462517,-0.26276846414875416,-0.7324247930664687,-0.19227202641907298,0.27460593426819513,-0.8012515652509821,-0.16481920903530095,-0.1394853708722114,-0.8814861566336538,-0.28763219794515943,-0.16158969862034905,-0.621182801009145,-0.24770747611304264,0.022691450845720003,-0.5564551978630685,-0.20045968041955822,0.5171135921117246,-0.5757266499172241,-0.2660215628853422,0.19670453195426627,-0.6399911185838958,-0.31915627655679535,0.1158799373460428,-0.4970786430365498,-0.2929449159887757,0.2674954762827128,-0.4605386585189855,-0.2654182706369255
10,0.0,0.0,0.0,-0.5794379855136671,-0.4660732707799033,-0.1041967871761267,-0.8902034743324736,-0.9396779233402247,-0.16410341572742343,-1.039824333300741,-1.2629707830022447,-0.23433539921953872,-1.2801675322131503,-1.5117220409040648,-0.27967694855429653,-0.3448790077400553,-1.1258849553700274,-0.016478930292318027,-0.70220072656355,-1.3049942378085635,-0.10430125344526509,-0.6737764061074395,-1.0275488895457627,-0.12114325381187137,-0.5172686076687252,-0.9144434189307473,-0.13248658849340234,-5.204804595243907e-17,-0.9977028249138424,-0.06774269819647365,-0.4111749662136062,-1.1405181501424195,-0.20688128010757026,-0.40448601894737507,-0.823067521279349,-0.21916677707114463,-0.21506051138197133,-0.7574889797865989,-0.19933129965813653,0.30601060320965456,-0.7966599062819485,-0.1492579257898341,-0.03890200904728232,-0.9190410652465896,-0.28199496096892,-0.08964823338078957,-0.666252754669184,-0.24879221230379328,0.0838898306162227,-0.5983342600894392,-0.1995907571906093,0.5879715095060956,-0.5614776035493514,-0.24990738223500186,0.31819085740839637,-0.6597901771289455,-0.30542249576289043,0.20065488818419422,-0.5304983340253615,-0.28094013334394696,0.3275651460162867,-0.48964206176360725,-0.2512228780743964
10,0.0,0.0,0.0,-0.5953888926259738,-0.45130791914912777,-0.11098314457200635,-0.9361467444285934,-0.9405975404799005,-0.16848333645604335,-1.1005311496616383,-1.2799819874703247,-0.2354643973369765,-1.3576104635693755,-1.5211639774529464,-0.27388513280767907,-0.3646771244791425,-1.1220952076037065,-0.0033354175293119834,-0.7459661341553776,-1.3236871607417955,-0.07719375083140448,-0.6967442273251827,-1.0196495804936887,-0.08168635609836851,-0.5195718966241789,-0.901105761570107,-0.08746309743006331,7.852118269674742e-17,-0.9986734028656766,-0.05149208102893076,-0.41706285618823086,-1.1628111206283203,-0.18442088390794623,-0.39621886531329087,-0.8287969649552156,-0.19451745064601936,-0.2018443912582914,-0.7640659117122138,-0.17161525455529975,0.3198195733464664,-0.8065363454243052,-0.13015255597794395,-0.029696145372473004,-0.9317048619955174,-0.25468502897669903,-0.06788643345119035,-0.6616090360591128,-0.2225841281767258,0.11664124907472906,-0.5961817261464533,-0.17303614132174105,0.6144243940287067,-0.5863671446500589,-0.22901097056630507,0.3395659404770976,-0.6864329820577576,-0.27285295884040045,0.2370160761447969,-0.5422641929403748,-0.2476399694111334,0.3793834940828837,-0.5041303820508357,-0.21855973442651824
10,0.0,0.0,0.0,-0.5967689945115441,-0.4667566006553937,-0.1142488267704743,-0.9451639835496733,-0.9693788173180033,-0.1626925421833541,-1.1343367011600831,-1.3204497730636926,-0.2214196240797257,-1.4064069422633743,-1.5565482925492584,-0.24932625189343094,-0.36951490283232774,-1.1266192401140602,0.031187269251198357,-0.7152508497570448,-1.3548120239554957,-0.03638693940498396,-0.6696524993298985,-1.0564862223418388,-0.0347215198850852,-0.5010100628270954,-0.9520797927161097,-0.03600959911165672,-5.5470402754713886e-17,-0.9998948292646899,-0.014502772484480666,-0.3900281208564091,-1.2003222911130669,-0.14609924888127848,-0.3795046726671043,-0.8620973094964548,-0.1546109950424806,-0.18864039028131868,-0.8080454271830839,-0.12393117322679922,0.32326354131415824,-0.8129700116182511,-0.0945401730355405,-0.0004521837971470941,-0.9643989586498338,-0.22014191630909163,-0.04599280829105893,-0.6946012460334607,-0.18965903526804959,0.14549772180099346,-0.6369939770370044,-0.13506730526921054,0.6119358988770836,-0.6063623045088347,-0.19630968163149065,0.3570605509475958,-0.7166974261560524,-0.23653016880210098,0.24780189520468807,-0.5728043730593665,-0.21213839992108294,0.3970390931326301,-0.5382680689773258,-0.18088597769980438
10,0.0,0.0,0.0,-0.593574836442342,-0.47249674519712737,-0.12187584263484681,-0.9413501854743536,-0.9781857182755194,-0.17664345558772124,-1.1269109856367072,-1.336842465698687,-0.24035712135690707,-1.390539350906028,-1.5789970069770836,-0.2716022372975657,-0.3760148509972172,-1.1362284073693119,0.01607241020408196,-0.709256626992198,-1.3878361092367353,-0.05447154382143957,-0.6631516365983744,-1.0812532780520392,-0.048117060877518915,-0.4966244446690305,-0.9764401835725287,-0.04578202860808149,-4.143830667996874e-18,-0.9995812854978738,-0.028935336224384493,-0.3745015366193042,-1.223784908164963,-0.16833864508960777,-0.358623118487898,-0.8725257054610908,-0.17174726658288608,-0.17157599126617126,-0.8192431796638564,-0.13370241756492143,0.33251935340169086,-0.8056597747357032,-0.10847706896517072,0.029995171080994802,-0.9741392512009834,-0.2408678786950331,-0.013380132901771685,-0.6963266672433618,-0.20533704459742438,0.17495337738164676,-0.6421406186925611,-0.14417127723080217,0.6343922333797773,-0.5928028173657032,-0.21002927415047967,0.40305589366807515,-0.7201663739536039,-0.2543183814918906,0.29469902616125704,-0.5721933000872652,-0.22698923537375565,0.4390886457010613,-0.5364633730369996,-0.19149278836193925
10,0.0,0.0,0.0,-0.5909654830223259,-0.4851305625826763,-0.11131324348220131,-0.9346664849086193,-0.9914784261607807,-0.1605574416255036,-1.1247934933026429,-1.3503678975656177,-0.22151906584200245,-1.376729787596195,-1.5931597311616605,-0.2509556598367669,-0.371131283278262,-1.1406733588596147,0.03641196355755602,-0.6914266068876284,-1.405704458074033,-0.021664010674891,-0.6512312498657092,-1.1053859542080733,-0.008841353152261802,-0.4911776669907175,-1.0081471403835909,-0.00346973383037305,6.627167212699095e-17,-0.9999384889772628,-0.011091359784452633,-0.35904090575585856,-1.2401599419309621,-0.13679270701791638,-0.3495226975852337,-0.8937413350875697,-0.13696908424394047,-0.16984039487329217,-0.8393804372021328,-0.09795172218366721,0.3347823248681566,-0.8021558016230289,-0.09212299905921482,0.04148241781932842,-0.9889345946369263,-0.21433962678179613,-0.007701321893574481,-0.7160356820048687,-0.17931464302165015,0.17588044637087752,-0.6588143545030805,-0.11982271510022532,0.6360647881910754,-0.5870696875063198,-0.19415320199852962,0.4109766468940058,-0.7278303916357024,-0.23114194334584554,0.2959304394005369,-0.5841178065608558,-0.20240348400985045,0.43583366774419563,-0.5437706060973779,-0.16713582053984777
10,0.0,0.0,0.0,-0.5930106934544438,-0.48500845706793,-0.09072612658765868,-0.9364433683948772,-0.9903663377084782,-0.13688135022079245,-1.1313327253648695,-1.3426523119821818,-0.19735394827644373,-1.3941896132619018,-1.5850957222890245,-0.22568407988945452,-0.37276720215304177,-1.1389224664952458,0.03715127214611268,-0.707429153510477,-1.41246511058028,-0.017952887929760398,-0.6766428102678107,-1.1047595506686165,0.0005362341633667837,-0.5188800902868732,-1.0022708997365513,0.009742296660375242,5.4857201990831384e-17,-0.9998236043432196,-0.018781911461110357,-0.3767224305326194,-1.2516919243189235,-0.1412930178969465,-0.37263403928893596,-0.9024893410555422,-0.13350088232630836,-0.1919545662094067,-0.8440409610999724,-0.09014252763671822,0.3362094516326071,-0.8055760141819331,-0.1048530970142921,0.021601176373143016,-1.0027049699400694,-0.22077841826164132,-0.029060777020938424,-0.7228760508902133,-0.17399705318567457,0.15725710068109242,-0.660978658843173,-0.10813563565808237,0.6393110376558686,-0.5988744557224686,-0.2100503536812672,0.38439605025903056,-0.7448462990504041,-0.2384633699186132,0.27647972063933945,-0.5915071830197851,-0.1999050794860116,0.4289824237202908,-0.5465476721132604,-0.15900332670830078
10,0.0,0.0,0.0,-0.5909585077782398,-0.48021421294775984,-0.08332550522054169,-0.9302011549943227,-0.9825629810147655,-0.13004197264162118,-1.1184207226284906,-1.3298375267810807,-0.1918030933313649,-1.385317089592352,-1.5666035295917995,-0.22252929497138324,-0.3703277040890682,-1.1322943621738266,0.030997820940699163,-0.7042645040016291,-1.3952855063287426,-0.024263337443009635,-0.6786559131228309,-1.0824445678709935,-0.008832577739125887,-0.5303194055480224,-0.9710177397898361,-0.0024685415394513836,9.376004241278636e-17,-0.9996265799006054,-0.027325825810368506,-0.37652801169209216,-1.2377209670968599,-0.14618479524945474,-0.37793163774740063,-0.8937024569575687,-0.1425317921212136,-0.20137111482840214,-0.8290874061726045,-0.10682664751976499,0.33155724599247327,-0.808548927174237,-0.11310349309144234,0.00877314642217761,-0.996530994736477,-0.22188756428315198,-0.043623771259527426,-0.7201005283833066,-0.1772676377038536,0.13677561898585197,-0.653346651667899,-0.11775532638217044,0.6303695255982769,-0.6017614170170563,-0.2173982407384879,0.3603828886060329,-0.7452424891858036,-0.24016560586481311,0.25235738544075476,-0.592556189297244,-0.2019056405788606,0.4007193047522009,-0.5455568008690092,-0.1646242982117509
10,0.0,0.0,0.0,-0.5722480001590907,-0.4543598649015924,-0.09764728344715737,-0.8970270459295087,-0.9388894530688358,-0.15252745158368516,-1.0667047391660047,-1.2684825366430523,-0.21734594861575027,-1.3259512598466856,-1.5023577991691839,-0.2518412154098551,-0.3618974037158707,-1.1249687905987609,-0.0016846212876172881,-0.7160103465687032,-1.3501324941411377,-0.07689019855134593,-0.6964681703989828,-1.055264236141968,-0.07586140416617985,-0.552102523830795,-0.9541457570081399,-0.07681219367304488,-6.331611465903185e-17,-0.9985364355149866,-0.054083148475519705,-0.40706144405337896,-1.1924211455374727,-0.18822583550406127,-0.4023892847577368,-0.8536056798078062,-0.18640190253737868,-0.21718090556415648,-0.7972555107265447,-0.1524213760288976,0.3179668464710796,-0.8110866643364844,-0.13558558018639727,-0.028133936272607036,-0.9636795571056403,-0.2645781636813717,-0.07477081376641816,-0.6867413375043564,-0.2204971165507333,0.10888778283645192,-0.6289234220715896,-0.15925189891356914,0.6113496402769417,-0.6037552141327821,-0.23588128259035737,0.3208079924161761,-0.7146530058514582,-0.27848485147729113,0.2253947502122504,-0.5550378316355496,-0.24354241798836906,0.37999370183250036,-0.5150908815253735,-0.20537611861154484
10,0.0,0.0,0.0,0.26648979416989294,-0.41763817236318984,0.1730156114452616,0.3643696162342443,-0.8197236183929885,0.25330179293465144,0.41345235140043707,-1.1364783308004256,0.3084047429871887,0.547862412653109,-1.3917844075772678,0.37305776607132746,0.19147100373835257,-1.1108751905844252,0.1852736279282913,-0.08982286682476268,-1.0346943868210137,0.3172744435061283,-0.17681605942434195,-0.8447844325819682,0.42130866202982487,-0.14925441363930197,-0.7485101157261558,0.47354571466310785,1.6143123735201558e-17,-0.9933301327715874,0.11530501865912161,-0.254691586811887,-0.8641589988611714,0.24923810293568627,-0.2983085549178239,-0.6780873349803498,0.3309564052294798,-0.24590499611692565,-0.5860895351383344,0.36826270459793364,-0.20246204687865973,-0.7821066096997921,0.06601929291534152,-0.4196640413061186,-0.6487918674982851,0.1932006341645071,-0.42316697290576843,-0.48662054389973836,0.24466456820246704,-0.348383953114669,-0.41848409914881973,0.2545606849198557,-0.4032144608256713,-0.5320289619787337,0.03034017917076023,-0.5630119548128539,-0.3847090661525279,0.125387207075489,-0.538023073218749,-0.2672629226879791,0.1680791851549573,-0.4628201330326431,-0.23568089437808507,0.18663337946734687
10,0.0,0.0,0.0,0.1764818655338861,-0.44101440081394333,0.14895322648676457,0.2677551213856378,-0.9271523050693027,0.1679850303564787,0.33747861505652316,-1.29365938016058,0.16196765832017077,0.4565758969506207,-1.5358675391130057,0.1677668469268592,0.16302495688472238,-1.1790536154892741,0.019611662018345223,-0.18836770743097947,-1.1789392939932422,0.09299429211390936,-0.2265024522105644,-0.966515271279824,0.1835388964010648,-0.15456122563955033,-0.8708426451763176,0.22607485703246338,1.402579351146533e-16,-0.9970312090294752,-0.07699849492829866,-0.3536486619318287,-0.9508439766469786,-0.017804521426367053,-0.3591307962264216,-0.7541413084692006,0.06373209568365522,-0.2604785923614631,-0.6948087193118614,0.10421881304168626,-0.1790021506086829,-0.7419662734723087,-0.14769150548774837,-0.4859489279384868,-0.6978300847144238,-0.07344182033782272,-0.4617261885892376,-0.5366930858909202,0.0063123526308579295,-0.35185927181458637,-0.49455973876016157,0.03570779521768699,-0.3530408125359534,-0.4650978877854889,-0.20674791221975167,-0.5658384490498677,-0.4224488186012135,-0.13639348886460517,-0.525174902895614,-0.3063411081224319,-0.07190874198056427,-0.42769066830743346,-0.2803623555178766,-0.04254675396831809
10,0.0,0.0,0.0,0.14160038164811212,-0.4531588888990592,0.14177184622027866,0.21579232487511063,-0.9276005637804033,0.15275864345802165,0.2746656288942243,-1.2858843597666008,0.13837230159551603,0.3755105279808525,-1.5317622614442763,0.13683656448452772,0.13952654503544615,-1.1792445066094301,0.010404819090436977,-0.214513970186089,-1.173773271614477,0.07088162296343263,-0.25938315809608153,-0.9559285085362702,0.15517733034983702,-0.19861361770122776,-0.8613349204347966,0.19615548553806383,1.972924092806085e-17,-0.9961426220291264,-0.08774894060293366,-0.36558431511808454,-0.9522787054251713,-0.04630834888692795,-0.38164203006417724,-0.7526294384111802,0.0335009350985591,-0.2970853449626515,-0.6852797411854439,0.07698683272877281,-0.15963872253502115,-0.7476932542989164,-0.16158020528383013,-0.476064593705692,-0.7048911003658709,-0.10468495784635122,-0.45695835316700756,-0.5466555196853217,-0.020785784430969668,-0.35623477794370506,-0.5031669489391019,0.016867543642446487,-0.3145170683179222,-0.4837695651937076,-0.22455545826800055,-0.5384414504741729,-0.4352116197925538,-0.1619986938881793,-0.5005561766426548,-0.32267680256834147,-0.09344458181523321,-0.40952315912035003,-0.29915187789792685,-0.05850848571490807
10,0.0,0.0,0.0,0.11588729684659686,-0.4499439909020031,0.14408546029472594,0.1847225745244423,-0.9481233779318433,0.14439787712212943,0.2582240647972358,-1.3216100064191274,0.11939873681399163,0.35685508730955384,-1.5598217084321588,0.10814580393189897,0.12102206315029464,-1.1866938071587143,-0.02129880261237662,-0.22749684062689254,-1.210875437476536,0.030252870967127983,-0.24280236072228742,-1.0057106569514043,0.11412166505778948,-0.15544037245877976,-0.9361763981850768,0.1548151370220041,2.950753372946244e-17,-0.992060751104537,-0.12575955676568648,-0.36289316875399713,-0.9822807824288692,-0.08841169278537439,-0.35364047757299516,-0.792422473041545,-6.559719903459939e-05,-0.25309785666976997,-0.7489990202270252,0.04769889920170579,-0.14721862386518988,-0.7358944846089028,-0.20436496413690608,-0.4674227615654201,-0.7456753931329243,-0.1482685285559142,-0.4360486588818196,-0.5847563342246227,-0.04767828891448608,-0.3292494212005146,-0.5455901675729469,-0.001078978174622196,-0.29396618590165763,-0.46798446429401885,-0.2718929908380081,-0.5320385634232951,-0.48013707668431393,-0.20953673496128508,-0.4934828327652691,-0.3602239455237696,-0.12794158280395784,-0.4031732139370446,-0.32492708390815334,-0.08511282716891744
10,0.0,0.0,0.0,0.09796421846922089,-0.4505940937419228,0.1143220206066572,0.14043674139044948,-0.9459613562558947,0.09959340660985455,0.19826900391454924,-1.3304317552287495,0.06505067180193419,0.30288509172519024,-1.5814841458794264,0.04855817910674536,0.10274770467290445,-1.2042365093958824,-0.05101158429014354,-0.25913110157829844,-1.227786283195217,-0.0209094342725029,-0.23809143185704743,-1.0362229738771698,0.05738673080396682,-0.13696223010562297,-0.9801977583065576,0.09739965420137009,-1.3550883449808711e-17,-0.9889159365883713,-0.14847649767402363,-0.3807389835368118,-0.979250393603775,-0.1361354723800356,-0.3237493805029767,-0.804265563638706,-0.039405792906186614,-0.21160415980523126,-0.7914578566869642,0.020563670218431824,-0.12818169636503532,-0.7219267084545387,-0.22573366853998306,-0.4569831650396094,-0.7304985434811267,-0.20361223729007372,-0.3900794580768531,-0.588697814218649,-0.09261045155961246,-0.2814086588361393,-0.5759104776815999,-0.02861876225845456,-0.2553549577353069,-0.45718527399819403,-0.2937490956788478,-0.49473242961428515,-0.4834117618872747,-0.2572575486568836,-0.4298212017880023,-0.3740381737583291,-0.17219418738725137,-0.3347024835344735,-0.35050211982543933,-0.11992690726945703
10,0.0,0.0,0.0,0.08407242293880711,-0.4437544547866338,0.11607830070495793,0.11013720954289721,-0.9327300102285485,0.09548970766937662,0.1580408269081165,-1.300199620568312,0.055733879649472955,0.2681754543326902,-1.5386150894686268,0.032398935149209225,0.09526357633993392,-1.1986832142699024,-0.08857416952453925,-0.2650804004008357,-1.225973301854789,-0.06710038075135688,-0.2501501784469695,-1.0254667536780633,0.0076262419689175145,-0.146240518683294,-0.9781682542967125,0.04521963000893146,2.2235684160850595e-17,-0.9817717004136125,-0.19006401097252376,-0.3770380009334551,-0.9853515009756572,-0.18654032774660637,-0.3317991025213242,-0.8057353965465806,-0.08888368358522397,-0.22078284418513064,-0.7896487755042473,-0.029911522205411264,-0.12292123175716042,-0.7088268457440186,-0.26823989805823895,-0.4507889964102239,-0.7368591038480634,-0.24665356776500816,-0.39406741260197414,-0.5937614845172824,-0.1296895251633511,-0.2865143482858162,-0.577210339985088,-0.06484038073622539,-0.24600821918760937,-0.43471928485046474,-0.3369038869724316,-0.4857363194306584,-0.47238789324858843,-0.3006699507787372,-0.43068947527286733,-0.36910167295066443,-0.21356652372528506,-0.34011963174329934,-0.34761789194309517,-0.16201695239450864
10,0.0,0.0,0.0,0.047953348935279555,-0.44849908947974315,0.09516251527512178,0.04836745500318851,-0.9501419441366383,0.05138737838312511,0.06932118192366447,-1.3366270631101185,-0.00567924717239499,0.15338460423688458,-1.6119152807445327,-0.045136653587106154,0.07323836367207179,-1.1843805562742808,-0.16671989517576793,-0.28662055219459875,-1.2954368618895775,-0.17155365249724422,-0.32217239293813427,-1.0823217085051977,-0.09896185924677695,-0.2601479783418052,-0.9796591757464912,-0.05867038018059382,-2.9003744244950604e-17,-0.9646237123737164,-0.2636306005120609,-0.39048461022292585,-1.0297079079213585,-0.29560932352881353,-0.37218003766195085,-0.8364262024968003,-0.1934502147713888,-0.27915561694370117,-0.7863905185687157,-0.12498885921305655,-0.10406126170982756,-0.6935514677391359,-0.33513912402226403,-0.4504530670033312,-0.7473002896838559,-0.3453353169788868,-0.4061882540941961,-0.6034592787411522,-0.21975688763429382,-0.3064062759180299,-0.5691257068797592,-0.14219985704856233,-0.21286471618078517,-0.4226337326221196,-0.3969314459973757,-0.46295151334058904,-0.4737838256419548,-0.38139664367820375,-0.41572687198827785,-0.36521397279026474,-0.29161641768741325,-0.3308188341471183,-0.3281355204329694,-0.23325647624200568
10,0.0,0.0,0.0,0.05794915325466852,-0.4418210065896579,0.08782863051831943,0.05212354685833614,-0.9601513319084203,0.04017348929030497,0.06760392900227076,-1.3568671844969322,-0.019182905178633032,0.16221592084623934,-1.6193541522105992,-0.0595533852888118,0.07901164721965366,-1.1992138369783163,-0.1814361838860276,-0.29092865977165044,-1.3065464666761761,-0.19210967436415394,-0.2892389549143989,-1.083650680584122,-0.11909463326620305,-0.19864512116358776,-0.996871377725924,-0.07864179412317776,-4.182606521059699e-18,-0.9602897884896705,-0.27900451989611885,-0.3946469750305562,-1.0337915347697486,-0.3169904682147505,-0.34379393012753573,-0.8303725074474392,-0.20691616859803494,-0.2340890388222333,-0.7960657241251384,-0.13233434305129657,-0.10772728223418927,-0.6781053835096644,-0.3529274731800851,-0.45609568022920877,-0.7460999552901482,-0.37251627267194454,-0.3951760813785885,-0.589303342711749,-0.23892950745040825,-0.2906159342600472,-0.561281338421639,-0.15365426750386962,-0.21962067441697397,-0.4067455405402288,-0.4176188638588891,-0.46837228626234517,-0.4782127744285461,-0.41214566250056217,-0.4113934597295494,-0.3641029251794048,-0.32026228547477176,-0.32589610216235704,-0.32956300057915805,-0.2583801131659082
10,0.0,0.0,0.0,0.006742646017213281,-0.45795547653694874,0.07491322407654902,-0.02594207143810638,-1.007343965703167,0.016186079153514287,-0.024782293873327536,-1.4042549640092026,-0.04838309900161867,0.05553225649995341,-1.6599046723620587,-0.09338228677330142,0.04346419335001985,-1.1952030946561862,-0.23264337379476424,-0.34412457844788313,-1.3235098272011023,-0.25294110682332277,-0.30972370224755597,-1.115871970743417,-0.18006912994408297,-0.1967540089601688,-1.0390458868044772,-0.13858779917291003,-1.1744513573684566e-17,-0.9454020104145447,-0.32590648766806923,-0.4211169231295991,-1.0567666874339585,-0.3593062580454189,-0.34830249644253397,-0.8589009021115985,-0.2287680574431152,-0.23629841534663618,-0.821638275571179,-0.14580477909949893,-0.07294131087253486,-0.6588154421858472,-0.3959969117617795,-0.4415231975573412,-0.7669879019270501,-0.41316707569813255,-0.3605229794980272,-0.6176282359213225,-0.2621944147170136,-0.2527992744926636,-0.5878315720507293,-0.17085820642425306,-0.1545517942414087,-0.3830048607465429,-0.45735703861509736,-0.4253044900993118,-0.4807319964316162,-0.4585182084334779,-0.3532607855362991,-0.3773828501152354,-0.36005768770050633,-0.2550198127279061,-0.3393513956506305,-0.295156642843959
10,0.0,0.0,0.0,-0.04638546430260582,-0.47588422080419057,0.06583963171870097,-0.09119893299262843,-1.0349456790772515,0.00025811078575291356,-0.09544378154016792,-1.4354739090019506,-0.06851307654875576,-0.026399038250165062,-1.7184532502380754,-0.11792650002588166,0.012450058431485491,-1.2096929960046874,-0.25048526352142864,-0.38250045364440266,-1.3443238931274322,-0.28176164555278344,-0.3375511819689415,-1.136867185998203,-0.22016383814187038,-0.22030738549413342,-1.0601819778697286,-0.185966031689679,4.5082088017117106e-17,-0.9404829456644113,-0.33984088764360293,-0.43508184022706664,-1.0590407719610062,-0.38309972829005595,-0.35418692851838557,-0.862873396524297,-0.2578745844699795,-0.23505773374907846,-0.8258573471153893,-0.18072724304359905,-0.043324995039473096,-0.6436808147144601,-0.40610636985639215,-0.4286663069882297,-0.7459658930774044,-0.4294919038394464,-0.34678566565574176,-0.6025690266314622,-0.2801475931098742,-0.23622324431813624,-0.5780876808460569,-0.19155691688671983,-0.10160101247834717,-0.3641275476491852,-0.4641447149680539,-0.3874636784268974,-0.4521885008756752,-0.472640598288938,-0.3142394177308794,-0.35182087876346746,-0.3767055109132359,-0.2080375560370096,-0.31310758536395833,-0.313947830670684
10,0.0,0.0,0.0,-0.12376190067381695,-0.47929969431674907,0.06182941624548346,-0.1795739878259865,-1.0234987663877078,0.00044958749174751157,-0.17703042375864875,-1.4043733348504739,-0.06535882847105061,-0.11407458024310252,-1.6782290689863855,-0.11317948254664245,-0.02176090066782907,-1.2006425454798026,-0.22270147582340505,-0.4083739254260916,-1.3069545576296646,-0.25739511549020455,-0.35383688951030934,-1.095810270079235,-0.2147062374952746,-0.2298157735052636,-1.040222134995996,-0.1963862108913669,1.0173533878842034e-16,-0.9504423982711628,-0.310900703711909,-0.43197875022788584,-1.019918186725457,-0.3618772140861377,-0.353158838130089,-0.8255277624938342,-0.2631037517428675,-0.23544765158364162,-0.8032036264035716,-0.2075154458498875,-0.013565173106451734,-0.6609284244506071,-0.377965929915786,-0.40292171799280146,-0.7091903650771004,-0.4038427671399851,-0.3242601334909276,-0.5657722446253818,-0.2783595402424988,-0.21089734451599043,-0.554605029994822,-0.21031410055692992,-0.04840494905961581,-0.382344719713435,-0.4379781207726566,-0.33730985999738233,-0.4141830576281028,-0.45018235948696894,-0.2678577145162105,-0.30728851988788847,-0.3716336419114473,-0.1542143066438601,-0.2784712815974884,-0.32515529490049955
10,0.0,0.0,0.0,-0.11995506269239772,-0.508999605002153,0.057889869925648374,-0.18814839785190987,-1.0672286064064682,-0.0025889416795229644,-0.20658119939886305,-1.4476361649289047,-0.06690148915101642,-0.16369227370659242,-1.7400712394440212,-0.11248008492080772,-0.018489834220317518,-1.2196522827377396,-0.20685549991287114,-0.4244892573186841,-1.361791204514377,-0.24791572932422087,-0.3827471136176496,-1.157134880036023,-0.21702346341120324,-0.2641900838493174,-1.0928268085716688,-0.2068035168061753,1.4385261589220174e-17,-0.9563709617242009,-0.29215506767935245,-0.43749940730507914,-1.0622594076598175,-0.3567411667703109,-0.3683227279879932,-0.865796408989368,-0.26984304781811225,-0.2591192419268363,-0.8381277981088295,-0.2210724933478278,-0.017047577979554553,-0.6654012024166526,-0.3576786714542439,-0.4099112054488409,-0.7409473323943451,-0.3961720583354355,-0.33681105733850947,-0.5912299806761843,-0.27658257564163463,-0.23082041468813233,-0.5772306897731596,-0.20938989774939748,-0.052117533966874165,-0.39100604806229866,-0.41634500821252046,-0.34087973803599764,-0.4579945549418239,-0.4346310787118742,-0.2687518510490264,-0.33806269114738935,-0.35839931294206634,-0.15586918950628922,-0.2910031779293221,-0.31260556853314503
10,0.0,0.0,0.0,-0.20997950656399847,-0.5225609906136737,0.04210484527920481,-0.30667661414669195,-1.0677562152755686,-0.03434096779966085,-0.331742862903139,-1.4333565959521333,-0.11253344724545443,-0.31316068846793593,-1.7271153327374504,-0.17245869489363444,-0.07009094437692703,-1.1971028689361947,-0.24541717685468317,-0.5046117720301871,-1.3493116439955115,-0.3089773847229143,-0.44934486344683156,-1.1196967648879754,-0.29183336057210113,-0.3132859388666623,-1.0220944874376994,-0.28990246226595123,-3.7726340133339e-17,-0.9439786850212772,-0.33000642755179793,-0.47413831170885495,-1.058524415115236,-0.41664874902452165,-0.39725370192604975,-0.8428732327549066,-0.3366635875941914,-0.27430441002425,-0.7944205301544663,-0.2925814054814097,0.01986969454901155,-0.6602032289992711,-0.39627135725895773,-0.4080402322393456,-0.7463086180290027,-0.45316111873190235,-0.3334883578055632,-0.5805946478802674,-0.33580915502243214,-0.22156246320678408,-0.5587441695728753,-0.27013678503358257,0.011988812821755098,-0.38397486395157054,-0.45639051593507435,-0.30853484642511275,-0.4677696485608385,-0.4907806716017908,-0.24228055346124774,-0.33898806422431865,-0.41963023760228524,-0.12746827100776964,-0.2870556838786075,-0.3767843060801145
10,0.0,0.0,0.0,-0.25837107444956536,-0.5127249136583113,0.004376414210276558,-0.3711910786942954,-1.0355078039334351,-0.08225612002700193,-0.4137517845366826,-1.413585255055357,-0.16567859255618517,-0.4269239831739012,-1.7284522690241952,-0.23126868589504426,-0.11564896881913347,-1.2025886964260224,-0.2594212613233039,-0.534541999528155,-1.2992908777536987,-0.34203705180524785,-0.47638972860959794,-1.045820041775119,-0.34309454114490884,-0.3384027463276116,-0.9415291844404136,-0.3519154116955813,6.23009570379672e-17,-0.9426803939500542,-0.33369698060091924,-0.46896750124598047,-0.9925112689019271,-0.44310064681836925,-0.3800103352618527,-0.7420285139957393,-0.37837703355974794,-0.24715071925231719,-0.689821533041248,-0.3414510578061343,0.06145109876229445,-0.64595333725343,-0.394911756337384,-0.368074403251796,-0.6841442467855745,-0.47974069265768,-0.29576593902321086,-0.49092292608806776,-0.371332911384065,-0.18422224592745398,-0.4551163550681006,-0.3055065952767638,0.09014911691444646,-0.3552964575430075,-0.45372431696026094,-0.2363461752609343,-0.42897796754677886,-0.5098788221059074,-0.1840678870281334,-0.289677222977748,-0.4471177997891183,-0.07565963549678481,-0.23055263083385313,-0.4051669878497405
10,0.0,0.0,0.0,-0.3456647949931284,-0.4864543323240039,-0.07470512305744507,-0.5001882328016944,-1.0173516252289123,-0.1637338751894282,-0.5656848669127771,-1.4053345273265194,-0.23555278253943965,-0.6402686902315566,-1.7474275081972186,-0.2877683046187478,-0.18250928929874563,-1.222166030883162,-0.23953783069060938,-0.6262659905852221,-1.2476813380343317,-0.32309706004383487,-0.5813944541597978,-0.9370113367312117,-0.3300578959596675,-0.4338781762771329,-0.7939423532754358,-0.3413005091701392,-5.188949824491539e-17,-0.9611704707047337,-0.275955297548789,-0.523060924349082,-0.9782009628551139,-0.3894617069248984,-0.4588262564258064,-0.6855910230513587,-0.3402375975682932,-0.3078609532438144,-0.5920131510221331,-0.31020568219603806,0.11838271907773436,-0.6559385172394583,-0.31377109453777585,-0.35915026825340035,-0.6880469466630442,-0.42065156845811336,-0.3136635005025527,-0.47043069945230737,-0.3394859210391315,-0.1845506223180903,-0.4052393124312446,-0.2834828593962929,0.20450877272395018,-0.34632666467946055,-0.3566896629694549,-0.1692426800338933,-0.41073311200854434,-0.4353114263047704,-0.15164545711115135,-0.2784762245525556,-0.3970207466387987,-0.03808392126380739,-0.22742493075085352,-0.3657920921063118
10,0.0,0.0,0.0,-0.41148684365300475,-0.5256061688076042,-0.08005812905842473,-0.5876073198157507,-1.052006070657373,-0.16631161870118455,-0.6522946273639615,-1.421058156204455,-0.2393232268306407,-0.7344835803259382,-1.748519731993941,-0.292934659359082,-0.20630598667788103,-1.2159552793355768,-0.20580837645661487,-0.6423958389415145,-1.2618073401046903,-0.293086449491205,-0.6053905067330508,-0.9605444286723871,-0.30924838083376455,-0.4606380929974845,-0.8283919759047764,-0.32788097900075547,3.768884404751688e-18,-0.9691322049455487,-0.24654161786071538,-0.5117928900971499,-0.9870470369157351,-0.36097757464400715,-0.4617385006007576,-0.7123041915475795,-0.3287661064924438,-0.307608924654076,-0.6297961685917266,-0.3123562786539989,0.13728988286501806,-0.6754216719899471,-0.2933511476553009,-0.3287445028435987,-0.7021789674212321,-0.4046122053448827,-0.3022734906833112,-0.4978619219930541,-0.3404063145527361,-0.16980263405322094,-0.43982928651315467,-0.296470712159574,0.2383484466919075,-0.37763002935495366,-0.34761055356643294,-0.12997881731917238,-0.43020684366066775,-0.42961620971268927,-0.12951093138144062,-0.3038158145025625,-0.40211886243034795,-0.01169774976889846,-0.25335408705322504,-0.37928597045031753
10,0.0,0.0,0.0,-0.45544450009289955,-0.5136068527730686,-0.08631102081096985,-0.6626138675551456,-1.023280841184136,-0.17255593142345102,-0.7364166867525079,-1.3733877299567714,-0.24903438234296724,-0.8480694963794462,-1.6881130332120673,-0.30460850588478466,-0.23734785191662253,-1.1976341824662642,-0.18115136856792574,-0.6673385701987556,-1.2431263053005073,-0.2716982853491666,-0.6361533294565628,-0.9372927274776475,-0.2918217095539596,-0.4925261313554957,-0.7994822782441573,-0.3134580635805275,5.557771888683253e-17,-0.974072674210747,-0.22623533180280234,-0.4972356393595242,-0.9882506965715334,-0.34459172420698997,-0.4621413236832942,-0.7076636093742292,-0.32345457929996935,-0.3134341197024115,-0.6286707519005809,-0.313864004498727,0.1679598324550082,-0.6919888593506809,-0.28109505663496354,-0.2903390608627907,-0.719340901333295,-0.39513860449080473,-0.28030196499802656,-0.5025536041859637,-0.338109604976493,-0.15053906551124294,-0.43935331002405786,-0.2989506225823611,0.29986498209611795,-0.39518137472833714,-0.3459431164939283,-0.0669799425061111,-0.4481669888160349,-0.426587429415633,-0.0912674169614226,-0.3272028269829743,-0.40322004913208126,0.01826075377286509,-0.28703479706784235,-0.38380527223628264
10,0.0,0.0,0.0,-0.47681671344146265,-0.4835848035707729,-0.07536998162891588,-0.6992255551881271,-0.9674870768755915,-0.1531861421034373,-0.7733497057648466,-1.2963403915480145,-0.2277236692023016,-0.9126315450349637,-1.5984429850247857,-0.2824921568467654,-0.25718785778205955,-1.1711868397205627,-0.13444947042591926,-0.6770728611577371,-1.2206953085829442,-0.2204391856675168,-0.6557027014141532,-0.9266643022843676,-0.24577722020742201,-0.5240477443068339,-0.7802083720852043,-0.2713991274164578,5.1378842294362606e-17,-0.9826988300865207,-0.1852107160684381,-0.4734930913022803,-0.9759431303672323,-0.3042673690139699,-0.4500333201279331,-0.6931498016900939,-0.30270310639563364,-0.3161516362756359,-0.6081169450008597,-0.30452888784391474,0.19758167692667683,-0.7258952072888506,-0.24580541556873453,-0.2427648213366454,-0.7203332348469329,-0.3582196252002436,-0.24551431503840573,-0.4913341295078774,-0.31716066277424293,-0.13912352548765655,-0.42866769844633634,-0.2879335241636364,0.3664121439837241,-0.437709815889138,-0.31699638314475576,0.006016440080334221,-0.46918979010000283,-0.38662017788564107,-0.032352388430514425,-0.33506724979473246,-0.36663057352176603,0.05485755289714432,-0.29562435568989215,-0.35089313331861177
10,0.0,0.0,0.0,-0.496697033281408,-0.4623187494150781,-0.09246763513900678,-0.7335690134529744,-0.9292959426015204,-0.17516668626193882,-0.810756260690097,-1.2487027910086987,-0.2532499951703118,-0.9530472995959746,-1.5393656039604187,-0.31055220164725134,-0.2696588251398597,-1.153322329956824,-0.1489685554639957,-0.6899364669870452,-1.207389729980788,-0.2491339959407667,-0.647628644082749,-0.9106901429455064,-0.28200561491285914,-0.49775999935736487,-0.7805306729148549,-0.3114932835115525,1.2130947264421155e-16,-0.9801486597426999,-0.19826397757683836,-0.4590766865823929,-0.9595298169495758,-0.333745522586587,-0.41737631441258044,-0.662386528043592,-0.3348201961802379,-0.2695956566334232,-0.5963518522938378,-0.3345519346870135,0.21124634667599534,-0.7309437236316965,-0.26133525410643577,-0.20804411035206452,-0.7069017568122548,-0.3893518116525353,-0.20809640057544523,-0.47229194676467257,-0.34728324763198254,-0.09131579396717822,-0.4259624819804001,-0.3136875276661232,0.39565185518639984,-0.446168896173102,-0.3369597353671571,0.0644033560077,-0.453897734065729,-0.4167419632728454,0.023651449877046978,-0.32632728326470334,-0.399806590474206,0.11737181046497852,-0.30980167897107064,-0.3838261026093718
10,0.0,0.0,0.0,-0.5071364730596217,-0.452296285555999,-0.09386062388977716,-0.7485125409450756,-0.9223380947432909,-0.16763801895672226,-0.8119270861885548,-1.2381294053508334,-0.23931386266329174,-0.9533420627169721,-1.512048407880794,-0.289369254824355,-0.27578233043923733,-1.142736805546488,-0.1195428777710786,-0.6542453889758924,-1.2129898000698116,-0.2131703381372506,-0.6258591994568254,-0.9219791395262176,-0.24455936624702834,-0.483618375608416,-0.7879601878865637,-0.27337257565892226,1.7379428131836666e-17,-0.9858604309128574,-0.16756852556585655,-0.4144751731468558,-0.9803060266880069,-0.30060758781866775,-0.3955222891135585,-0.6901364618253631,-0.31330468496226344,-0.25258605777925425,-0.6219882648758744,-0.3190770290517131,0.2251251466884803,-0.7517544547951713,-0.23110040062775286,-0.14849654199709617,-0.7329476614625213,-0.3588088037716903,-0.17064086878027307,-0.49645806881164883,-0.32862412875061897,-0.05607367326352369,-0.4431528682462136,-0.30067812606260264,0.43493880310855565,-0.4765310305064716,-0.308066516673543,0.14031975491849535,-0.48500768974002173,-0.3823949757785802,0.0853181723225816,-0.35326826027530883,-0.36985298600692595,0.17479437721168534,-0.33133647901975677,-0.35672575057534534
10,0.0,0.0,0.0,-0.5418515509118048,-0.4430130646584701,-0.08908612885968772,-0.8010677477880459,-0.8977702206793761,-0.15707294956510456,-0.8718822956267398,-1.2037519091188265,-0.2280097293240716,-1.0190081987389736,-1.459108626889915,-0.27665195424795125,-0.2880811178497496,-1.1263042333410964,-0.08031239025291224,-0.6811460625217927,-1.215005374656408,-0.16823571549465563,-0.6418463143412169,-0.9243005847971401,-0.19943055805771567,-0.48287029622417776,-0.7982290756800946,-0.22837905468108216,6.655611431551276e-17,-0.9910940278266537,-0.13316391405459713,-0.4190699971735817,-1.0000418368161852,-0.26325641064535327,-0.39895804609032004,-0.7078911818128216,-0.28201704275605793,-0.24128189048402365,-0.6465119540576243,-0.28923764950051545,0.24299289472500504,-0.7750788261481886,-0.2046778128275806,-0.12496693118393758,-0.7707180703293071,-0.33126729769234037,-0.15256684482948524,-0.5303568254445474,-0.3054804382873371,-0.01760963962787963,-0.4760988687265445,-0.27864412352665235,0.470722019943741,-0.5171503988419747,-0.2903618458676032,0.1823125858494588,-0.5314203884253809,-0.35707174192305435,0.11115191502044446,-0.3973597610978764,-0.34348454792960664,0.2104996539298812,-0.37430064493398385,-0.3303064487300397
10,0.0,0.0,0.0,-0.5684655743857144,-0.4152889568583325,-0.10367553972633754,-0.8642884991117814,-0.868317859832553,-0.17302917617210448,-0.9724108688952258,-1.180607675385983,-0.243410969082569,-1.1820796779430431,-1.4397953604036078,-0.2897691118759525,-0.3186591795772917,-1.1031499200969646,-0.08706966007526491,-0.7255773971969568,-1.2071228721794447,-0.18678975215711244,-0.6916231430789372,-0.9125272427151363,-0.21662193903638463,-0.5325127200555233,-0.7803860696745797,-0.2400072704966738,1.5043118901884687e-16,-0.9910491698389254,-0.13349735188975415,-0.4430533850136502,-1.0131245336773635,-0.2807968806167716,-0.41900867560911514,-0.7071118269767313,-0.299566197087106,-0.24694719160154424,-0.6446343736951301,-0.2981377465913396,0.2728306920865225,-0.7978674655745355,-0.20207199970987288,-0.11527388998745995,-0.7907886158192963,-0.3420710469863847,-0.1364896322772749,-0.5330383208151961,-0.3142609632551569,0.015266464308133658,-0.4791841175286624,-0.27812558340833365,0.5290766400280644,-0.5650930782210228,-0.28681610212496766,0.21912470000600714,-0.5727203280983295,-0.3559100330012146,0.15752248046436618,-0.4227011219635287,-0.3411963105622177,0.2808921891413442,-0.398182895162446,-0.3225665346023356
10,0.0,0.0,0.0,-0.5919416455207092,-0.4025498525318332,-0.10470092754632736,-0.9038840743463729,-0.8480936369821066,-0.1708650630635634,-1.008979072810768,-1.1542163500009046,-0.23955523220755268,-1.224636017517244,-1.4008308003024164,-0.28481220414107006,-0.33758736692010166,-1.097587235192559,-0.07437229003115586,-0.7456482830773195,-1.1977879982899993,-0.17181263345564074,-0.7148820727177602,-0.9057050129206475,-0.2026496786294297,-0.5569842075742771,-0.7722923905949152,-0.22688219184541614,1.3888315842818506e-16,-0.9925428310375555,-0.12189638450731365,-0.44243409733477296,-1.0095708992763346,-0.26668244159064686,-0.425517681853961,-0.7030594296831678,-0.2896919134494397,-0.25348674715283626,-0.6386874403709396,-0.2908637784979932,0.28852547685346314,-0.8076593540107156,-0.19275016486778823,-0.09717433507104625,-0.8025600624883588,-0.3300616203271326,-0.12524447628838128,-0.5453194994686941,-0.30566469114975575,0.026868365288586597,-0.4866480748010339,-0.27220173405817655,0.5588097112544173,-0.5827583385943507,-0.2806914008662039,0.2529370175445993,-0.5948040383872447,-0.34733845244681033,0.18020600752127774,-0.4467367790786531,-0.3339153894858777,0.298032639593196,-0.4203604056512009,-0.316322398821738
10,0.0,0.0,0.0,-0.6013369693567148,-0.4062969538435329,-0.10962809482159366,-0.9262105419880966,-0.8546248291010075,-0.17838311373615678,-1.0514261901316717,-1.1582746670173236,-0.25080337445901035,-1.2881722308266077,-1.3870968740536325,-0.2988154678041756,-0.34956105468211174,-1.0948582622816392,-0.0718815244594181,-0.7671379260627494,-1.200950600285407,-0.16863269722671115,-0.7203669967174323,-0.9078888606858365,-0.19794620907205973,-0.5487435373043295,-0.7838090196453583,-0.2204234937200718,7.880933541322217e-17,-0.9929038992628214,-0.11891949726047941,-0.45656749484354825,-1.0232049315629341,-0.25931565317014554,-0.42434492270473634,-0.7130899496113198,-0.2771942368261594,-0.2421619069538094,-0.6542060006836709,-0.27462700192902784,0.3050472683927843,-0.8101375484228892,-0.19127093778609738,-0.08336918051408199,-0.8134070433618314,-0.3225666332007263,-0.10005071162922154,-0.5556475648152072,-0.29529904231982196,0.06064151149844356,-0.5022445529292604,-0.260605402987623,0.5898899538051893,-0.5892214365102244,-0.2821510431325236,0.28183562292304226,-0.6055098402253029,-0.3410093197063848,0.2055735212338685,-0.4570670786989355,-0.32454015466689673,0.3263842855364859,-0.4318811740567217,-0.3061145386738822
10,0.0,0.0,0.0,-0.612381115005187,-0.40993328339707386,-0.11411057024833048,-0.9505196332387139,-0.8553783701697139,-0.1848396597037856,-1.0892479851891532,-1.1599760219984592,-0.26091572309122035,-1.327506726554785,-1.3840289512534414,-0.31156107900433916,-0.3537701271202082,-1.0957649313401545,-0.06046377329261917,-0.780488987741288,-1.207315590547459,-0.15703740558604404,-0.7318255385622141,-0.9118001019939964,-0.18660173575789313,-0.5510707672795468,-0.792885885041264,-0.20932725641069433,5.852786575268977e-17,-0.9940497881771948,-0.10892666627081865,-0.4650112035844134,-1.0378623523165882,-0.2535364069961481,-0.43321986093411347,-0.7262329193931369,-0.2746008808613884,-0.23706716309920334,-0.6712179410760275,-0.271566643770087,0.31233996318129215,-0.8155065586374528,-0.1844506585646624,-0.06996942230536583,-0.8334330542253963,-0.31692188676609084,-0.0946418309715516,-0.5768616746865765,-0.2896522415050599,0.07562535160937918,-0.5250925046145875,-0.2534746099067122,0.6038019114994051,-0.6019389113330917,-0.2799247898630993,0.3052910831312891,-0.6309467053708853,-0.3370184284603663,0.2125606193570639,-0.48565150835963267,-0.3192655862563516,0.3343921280095239,-0.4597933214924615,-0.2998134779445253
10,0.0,0.0,0.0,-0.6012511093777532,-0.40345702503346786,-0.1180487827966155,-0.9454064798977772,-0.8519702967211419,-0.18985130808638542,-1.0805758988018084,-1.1596099235750144,-0.2680829521841486,-1.325612441641197,-1.383247287877364,-0.32115343228174914,-0.36113901271121457,-1.0929326162218251,-0.05894329353263824,-0.7418929118823815,-1.2139597080258868,-0.15832046097456506,-0.7095826230899913,-0.9235724860257064,-0.18914372901184104,-0.5499672057748032,-0.7929969358450641,-0.2119889766374161,9.306387945993228e-17,-0.9943593455606252,-0.10606362192686629,-0.41000613511002826,-1.038326381062029,-0.25555870534451974,-0.3948295671929146,-0.7280849744191337,-0.2840742024828332,-0.21679089212842392,-0.6631748630899013,-0.28474864786459286,0.32430462918847297,-0.8170970894565098,-0.18012549194922098,-0.012308171094524919,-0.8285366433622559,-0.31489631438808496,-0.05045505669909862,-0.5749343648034344,-0.2954274452363042,0.09872391925305919,-0.5197343022341683,-0.2638175344594646,0.6349572305461153,-0.5985678167978888,-0.27509271202557356,0.3649178411604984,-0.618098009700605,-0.33171753610151333,0.25723114026029237,-0.4770702823266866,-0.3178941910025896,0.3513605583749495,-0.45371776632860056,-0.3011049468499218
10,0.0,0.0,0.0,-0.6082671825346845,-0.40831386998320474,-0.10957318894911647,-0.9628087075295884,-0.8618361065610823,-0.17483148554118044,-1.1180810358186466,-1.1770636415447266,-0.24974076495490832,-1.3680900744299098,-1.3932004992868796,-0.2990989262351123,-0.3674258266416359,-1.0963522954074618,-0.03288903724227964,-0.7397954207449903,-1.2363942010271538,-0.11959056537878918,-0.7088462742792492,-0.9424325098720329,-0.1390244387149467,-0.5527720438353417,-0.8174498168190562,-0.1542880918231262,1.0600239452684383e-16,-0.996539169697742,-0.08312450455873337,-0.4057113806386426,-1.0757043242174782,-0.22284749319870967,-0.39155151421080375,-0.7574402467816825,-0.24457624434564848,-0.212281337873711,-0.6878407028811547,-0.23702643269031753,0.3358490927376453,-0.8207033189643353,-0.16019851821787545,-0.0019365676373080559,-0.8712367766374824,-0.2868532116131265,-0.04260441206776715,-0.6075245051214105,-0.2621112081564201,0.11170312528256374,-0.544720308373071,-0.22433720688838144,0.6567757570416894,-0.6052436153656876,-0.25786713978191406,0.3842568460189786,-0.656067263606374,-0.30615042296699874,0.27561697319765294,-0.5075169397334083,-0.28597204697375844,0.37771150711274315,-0.47533278249370475,-0.263536813862775
10,0.0,0.0,0.0,-0.6124349353316529,-0.42639849894267107,-0.10884073447657515,-0.9734162601924262,-0.8829614858061587,-0.1693378417785938,-1.149101181438008,-1.2058915933770333,-0.23961907020213472,-1.3935778900817126,-1.4276299909325931,-0.2831851437615323,-0.37305175842245986,-1.1061429804186085,-0.018976894474335333,-0.7546704608643419,-1.2807373355797278,-0.1013578306586636,-0.7155011565502892,-0.9830708079370676,-0.11197699573378324,-0.5506802359396015,-0.8724450626422894,-0.12044882382897215,-4.420432525808657e-17,-0.9975874640069217,-0.06942083013216487,-0.42229632445018267,-1.1260095155660215,-0.20800266302807252,-0.4011208841402371,-0.7924190920998452,-0.21706487965970522,-0.21047374559594748,-0.7310240144285982,-0.1948290327163919,0.34248042174345944,-0.8178905224279552,-0.14950197000193438,0.0031891864997746775,-0.9093595394673186,-0.27948430655815704,-0.037954234541725806,-0.6405054505603199,-0.24559839589286575,0.1331679556532021,-0.581799031989685,-0.19579575382071343,0.6644673776633861,-0.6045853210152927,-0.24979025402341462,0.39951369065756315,-0.680432191541364,-0.2999021425613193,0.2823204910912841,-0.5364055558964933,-0.2761530176198119,0.3975689567420108,-0.50833143284722,-0.24738020052257179
10,0.0,0.0,0.0,-0.6201656869901119,-0.4028007467566502,-0.11304283348614419,-0.9925462281719895,-0.8545407560995477,-0.1762032274140203,-1.1644820066419372,-1.1745235181017055,-0.2502066574360736,-1.4040289332907419,-1.3897186668066734,-0.29672775121914147,-0.38272695753746877,-1.0967722989176794,-0.018128543977121114,-0.7259726771738422,-1.273149315558691,-0.1030652545336036,-0.7048623636948249,-0.9796741102145913,-0.1126005097426314,-0.5557179237794982,-0.8674103827425782,-0.11991940279657809,1.1194241140241265e-16,-0.9975952882150578,-0.06930830347884478,-0.3969004159363793,-1.1247197948857703,-0.21463288317412002,-0.390991729795895,-0.7912216776981867,-0.22767794281316667,-0.207430347963009,-0.7305830165655112,-0.204968356658023,0.35322089775059323,-0.8295253580553112,-0.15050686398875818,0.02713023366817407,-0.9196209965918449,-0.2862706157875083,-0.01990478284987921,-0.6460022061652635,-0.2558203749506568,0.14768774687746855,-0.5890105893487823,-0.20561415726538007,0.6915284738630118,-0.625451729488649,-0.25250877689835205,0.4252411582540761,-0.703933090398402,-0.3046918456333921,0.30831118217611664,-0.5505194317850731,-0.2816085603520879,0.4222162302485159,-0.5198179183137673,-0.2518926065308281
10,0.0,0.0,0.0,-0.6090440429818091,-0.40428695458500963,-0.0992749581291771,-0.974689046760144,-0.8494436644378667,-0.16097105383708604,-1.1611984466856677,-1.164833355675346,-0.23558810534398775,-1.4099173496607602,-1.3760869696791496,-0.2832073038825454,-0.3860046012957899,-1.0962776524346378,-0.023021588721096,-0.7330688817198121,-1.2907315884069304,-0.1037147931708344,-0.7322324302217661,-1.000970131636973,-0.10429221505344348,-0.5949245794915126,-0.8919971984443827,-0.10518607353152853,9.273250916926189e-17,-0.9967941091161532,-0.08000939964363474,-0.3915763202383603,-1.148894159275525,-0.2217173725347573,-0.4031367784551396,-0.8168353595655048,-0.22332659516309586,-0.22353598783310075,-0.7525080997899278,-0.19145156341840303,0.3622661355859517,-0.8291499697340041,-0.16429767253009983,0.03290084643573894,-0.9493620126468095,-0.295932819220289,-0.025538383285140652,-0.6742955175461869,-0.2530284725573166,0.1466735572558865,-0.6113297086542642,-0.19361423119003376,0.7071194631564709,-0.626807071503436,-0.2680243099654612,0.432892759259922,-0.7231457667522174,-0.31489412601066397,0.3026797970026819,-0.5687421947376824,-0.2820019554483671,0.4205098911338546,-0.5331292466278997,-0.24473499778148328
10,0.0,0.0,0.0,-0.21890374855320305,-0.013004387730175189,-0.2785398285327435,-0.45114254800915976,-0.20156093464959554,-0.4632135302753272,-0.6420274938510997,-0.3293919759794907,-0.5944865321772357,-0.8168529222600691,-0.4514328000903675,-0.7134869272092702,-0.2195413268421061,-0.8480265842942463,-0.5019669798750784,-0.14299198718925854,-0.2138530742826352,-0.6587229066367436,-0.17871609002941044,-0.14514853849438053,-0.7407846087159807,-0.20418217683979664,-0.3753933670415622,-0.7997098104650052,1.2079910396089452e-16,-0.8915429138561394,-0.4529362347537503,0.027699347430244978,-0.07995502598453096,-0.5685527285688173,-0.03866124401452775,-0.06711672044789464,-0.5345592829715287,-0.051432915100772136,-0.2809007038777631,-0.5515280818991357,0.19573038214573152,-0.7668592041739569,-0.4145511704949132,0.2004854425126348,-0.018385943887930217,-0.5108535551857111,0.13841044323462945,-0.032301458389354304,-0.45758998383848654,0.12437847850017104,-0.2523433727319084,-0.4465719191465054,0.3646504117535733,-0.5712157660722288,-0.4074182929442129,0.3540554717199998,-0.08706533910173118,-0.49573340173446234,0.2957815552920823,-0.10521032854280167,-0.5012732093326877,0.2847254181781486,-0.2740189891696436,-0.5134136038835894
10,0.0,0.0,0.0,-0.21286748723192525,-0.12446485275623152,-0.21137427560710284,-0.4167442608615633,-0.4171644528018894,-0.35289780712495317,-0.5735841922080567,-0.6086199372827925,-0.4542330529108563,-0.7376384533621921,-0.7593863132339513,-0.5441115217358914,-0.2006890461618011,-0.965218121826836,-0.38590399324997,-0.21070101566289984,-0.46738398298425793,-0.5207229492647082,-0.20987404881301655,-0.2960959155863542,-0.5958056587350155,-0.20028027669285123,-0.4322526486043658,-0.6513415881713358,4.787970756484576e-18,-0.9337317298379227,-0.35797354189085073,-0.05413845379931005,-0.3087280624582383,-0.48213386960965177,-0.09058584611071928,-0.1814160024539328,-0.47775643572701104,-0.0857854457853512,-0.3222478413636753,-0.5008654228897166,0.1711272775431124,-0.7779404456654356,-0.3366540101404092,0.10962050441984447,-0.20399263835820008,-0.4378420330073859,0.06752824443353346,-0.11822889955490537,-0.4030627207727326,0.06967927197501178,-0.2670757410116431,-0.39490722769225095,0.32044089878697174,-0.5730264834406887,-0.3389191464900572,0.27306863634323963,-0.17524837667574897,-0.411091035369259,0.228687950802059,-0.10741507082988289,-0.41051962497520206,0.22553444076520499,-0.21722144358453943,-0.41650795752180003
10,0.0,0.0,0.0,-0.2038116104628431,-0.18271352619119133,-0.1824767606708822,-0.4026866443082066,-0.5087964346895663,-0.3166503165981385,-0.5473047639458687,-0.7163898392445351,-0.4192396606585323,-0.7031622893324391,-0.8739094957321231,-0.5108955303328419,-0.2023472203149257,-1.008380970957979,-0.35210586608873723,-0.2238697742176113,-0.5793623419109867,-0.4944664223461953,-0.21056751866204348,-0.3728394471527558,-0.5733117705767374,-0.19952855875505843,-0.4709805430980986,-0.6289050058745259,9.960434750307382e-17,-0.9392237761063711,-0.3433055467021902,-0.057484117150083294,-0.4248531808725347,-0.48314292181669083,-0.08656311794047833,-0.24106470907418,-0.4882316490585341,-0.08557637714782833,-0.3420926096842478,-0.5099638849436755,0.17148968221551533,-0.7650432956351066,-0.34144995615194024,0.1101190320828096,-0.2979589346921551,-0.4562111959782815,0.06091808390283381,-0.1558158415643555,-0.4196383187302304,0.05178874737445301,-0.26008909841445954,-0.4046521951221567,0.3220096852317634,-0.5564301004674691,-0.36054446657602557,0.27734143369113273,-0.21950089442623985,-0.43473525985562245,0.21827590920591602,-0.11101830917302392,-0.42568576547279063,0.19981046613482184,-0.1877301202803801,-0.4237705187071099
10,0.0,0.0,0.0,-0.22394943135234474,-0.24885424729164657,-0.1740040778757423,-0.4206995730763549,-0.6530952969684597,-0.3082441385742332,-0.5528094148908105,-0.9292826437301975,-0.4117371958575965,-0.7101309496550756,-1.1454344330086474,-0.5038185144120781,-0.20840875387828406,-1.0435134952164113,-0.37552565246266273,-0.2962857576971875,-0.6601300358075519,-0.5413114193737352,-0.2781520051763027,-0.43899772094654727,-0.6271605538545255,-0.2363293583538811,-0.5068184910753352,-0.6850898142722146,1.1461045728617981e-16,-0.9254469570383131,-0.3788771960787911,-0.12682786997280449,-0.4677519579086848,-0.5483225416153366,-0.1419077758815978,-0.2763666036482996,-0.5569013682090974,-0.10707281311095047,-0.367798383228978,-0.5775991163206883,0.16947371705268685,-0.7090052164563602,-0.3882950692055853,0.05137215957071235,-0.2931493445889461,-0.5317917095362013,0.007902550670979962,-0.1445421601708076,-0.48745036043764883,0.028205305719110188,-0.22998301427311196,-0.4628076682869393,0.3199500893428567,-0.4604880449989832,-0.41738189803747416,0.23627845049718615,-0.16265029533188938,-0.5130857908354672,0.1809422635830185,-0.04779177637218964,-0.4994155087937543,0.186010362100104,-0.10514254749620085,-0.4909601025377761
10,0.0,0.0,0.0,-0.23405140950577744,-0.26802593609496483,-0.17025090622269576,-0.4391603067524136,-0.6911742719549917,-0.3055446360546221,-0.5686342371483533,-0.9810988028356805,-0.4105302935622718,-0.7244461892524867,-1.2025836898649822,-0.5051086152079607,-0.20228052980809216,-1.0384858617861772,-0.3846132165537516,-0.3222858247659073,-0.6649211320096851,-0.5538236486990025,-0.2936646021882868,-0.43690589206853336,-0.6422790179981888,-0.2351023260083077,-0.49928843303187526,-0.7026154940288566,-4.0752186855544315e-17,-0.9202099144395661,-0.3914252334317837,-0.15394502837972088,-0.4726024073224049,-0.5628228782343092,-0.15578901911479043,-0.27623579484877114,-0.572129195957964,-0.11080740191517024,-0.3567294161412585,-0.5955252676043932,0.16602825197278165,-0.6937346246675208,-0.40355590442344735,0.0243983731154824,-0.2951455339802554,-0.549221286172826,-0.0031932558241917048,-0.14280074861845984,-0.5070061484914337,0.02892674388426147,-0.217445129019629,-0.4863449383554561,0.31884633847820226,-0.42542844339293984,-0.4346453795017486,0.21851648244040456,-0.14204764607742093,-0.5365971179169928,0.1700399206088174,-0.029525049358480594,-0.52675621482659,0.1821872286650273,-0.079795284325284,-0.5223078639298914
10,0.0,0.0,0.0,-0.25484701371647334,-0.35673175292211895,-0.11600005740559641,-0.43859726107451136,-0.8085735979743521,-0.22290324640496423,-0.5460147870668399,-1.1110528937322073,-0.3077794305370773,-0.6873702804473815,-1.331972542525478,-0.38091971396135205,-0.20265934921350381,-1.1069705391274676,-0.31899260142656216,-0.3879197780786861,-0.8460720832480485,-0.4646543304502676,-0.35750500567181814,-0.6009965862925034,-0.535250276573897,-0.27369291627603226,-0.6117097893971427,-0.58443547648545,6.582928997128197e-17,-0.9388921142979005,-0.3442115595229448,-0.22796581498953186,-0.6167418295060059,-0.4967230201956876,-0.22493341487489357,-0.40708863788458427,-0.49426227514136556,-0.15607069727403025,-0.45279293031548595,-0.506913292395752,0.15570429391723917,-0.6826446802053977,-0.3713818087917859,-0.0528522058585838,-0.3937332354905882,-0.5017567992068303,-0.08346402901308632,-0.2394350201152053,-0.4490825257206597,-0.031847551893709324,-0.28444012081963793,-0.4198414204034888,0.29031824814082907,-0.4044698478690301,-0.41222841742832766,0.1277865836622089,-0.17418601794912877,-0.4985278959785968,0.0732364503037234,-0.06133918001772319,-0.47712529451283314,0.1045738695321566,-0.09096915437757241,-0.4642852648456818
10,0.0,0.0,0.0,-0.249708821760804,-0.373525422596538,-0.08992199000618516,-0.4172400420265528,-0.8220350170127999,-0.18378854191691582,-0.5282379157428883,-1.1281444168917425,-0.2609086446897967,-0.6692791302777176,-1.3842912201252604,-0.32407221902985267,-0.19750277331450472,-1.146255911995345,-0.26394882216248566,-0.4262191991758918,-0.9256596411971322,-0.38380885605711623,-0.3723240460780668,-0.6653662492054587,-0.4397693007413306,-0.261580468746463,-0.6511431341263937,-0.48223882681430935,-1.1063182757689847e-17,-0.9556013670909315,-0.29466256500265336,-0.2631629744223633,-0.6803230887674258,-0.43279207151603954,-0.2410768962859966,-0.46443810559733645,-0.42380486229637443,-0.1574328032699352,-0.49888150648515284,-0.4290983243867927,0.1528671985888048,-0.6865426312490469,-0.3268696093747471,-0.09002425871673335,-0.435495261949412,-0.4434765572283726,-0.1040376260900544,-0.27868061907809794,-0.38693757974390214,-0.04136105589441222,-0.32055447564930956,-0.35381968871175634,0.2796736921856903,-0.40880617239071515,-0.36993899451240464,0.08539510606537522,-0.20964092457892228,-0.444004320990463,0.03722314528699096,-0.09762059818934976,-0.4190220866145434,0.0784976805867012,-0.12785764933213534,-0.4037504385423246
10,0.0,0.0,0.0,-0.27939528397584884,-0.49772941385127045,-0.05371816047631009,-0.454071190236596,-1.012726355579689,-0.15925229047458897,-0.5762864906380987,-1.3758532190586323,-0.25321064958496436,-0.6963914485513513,-1.692899560900641,-0.32842998713401333,-0.1707033294899165,-1.2101122971451586,-0.2992760977938359,-0.5967846829413328,-1.2219230434577322,-0.42442900496749875,-0.5309156374117232,-0.9716496897586762,-0.45313306467594755,-0.40353990933121203,-0.9332440749436735,-0.4716853171013855,1.0571319096005172e-17,-0.933671243866819,-0.3581312725470747,-0.5029915578779269,-0.9143632503217078,-0.4920661452655576,-0.4003953207626858,-0.6541969835621143,-0.4213589694080916,-0.2588664956156744,-0.6461467065726286,-0.376691061884688,0.11847966047456492,-0.6009246056358952,-0.4181623010036125,-0.3320780290794952,-0.5751903841030704,-0.5294307212884573,-0.2470170152801191,-0.38857921455884137,-0.4153586968796682,-0.11439162369295512,-0.386668164497329,-0.33950120229845965,0.20804557717754849,-0.28061930295156884,-0.48432665869971914,-0.13965346380842397,-0.2739407665232411,-0.5642977172627839,-0.10810700699824057,-0.1775985133048887,-0.5089444081551482,0.006240588668125749,-0.1809000497305025,-0.466055657123557
10,0.0,0.0,0.0,-0.27735607129071066,-0.5287579265445284,-0.042625236076580364,-0.4198099289239536,-1.062158768233431,-0.14048078448691514,-0.5049137155565467,-1.4366533473054526,-0.22606004912598102,-0.5993166669024284,-1.773908800123553,-0.2907460854848803,-0.14290280134587857,-1.227480015790759,-0.2816821880438282,-0.59492693097131,-1.3013558123218598,-0.3899956458374202,-0.5365110816949125,-1.0487143844626339,-0.40524173181959533,-0.39545682226019135,-0.9789819089431935,-0.416368584805306,1.939333245677841e-17,-0.9411264683456001,-0.33805468578225356,-0.5256780288273859,-1.0031442385571203,-0.4558916471776146,-0.42588606139537094,-0.7421724328722149,-0.3751236928179699,-0.27474165786077526,-0.707254921728497,-0.32389888632788594,0.08351926840040448,-0.6104218456940413,-0.3936008573998293,-0.3874437308368955,-0.6554495169136232,-0.49379797202767933,-0.2961842690507564,-0.465654414990542,-0.3725970411801298,-0.15629979488051948,-0.4405722858961327,-0.29124751759556794,0.13925440608489034,-0.29390911104188616,-0.45313190134188586,-0.2313175702808589,-0.35266477022112364,-0.527493327974201,-0.17761388586343038,-0.2430092181888733,-0.4657666932557607,-0.04902141808779865,-0.21908972971479257,-0.4172355546300232
10,0.0,0.0,0.0,-0.27730839418542613,-0.5728824588987341,0.022600037959694792,-0.41008220026764286,-1.0975001871766976,-0.09246779099105472,-0.4818058492164099,-1.4491980218269704,-0.196097370109744,-0.5156101287137935,-1.762546814591497,-0.2782059282582697,-0.11974514853610684,-1.1958824773685883,-0.4068712924543461,-0.6487865313600469,-1.3771350431051448,-0.5193490457340608,-0.5867275107957827,-1.1275607973400148,-0.5033383926203676,-0.4230995735778519,-1.0079914789721973,-0.4929334459614015,6.152521473392052e-17,-0.8707587547769291,-0.49171047475046914,-0.6008610086951042,-1.0611616690152679,-0.6057011483878232,-0.4893137339902283,-0.8006405139757706,-0.4638319090504568,-0.32619042753097666,-0.7380875557126455,-0.3770500812424322,0.04639946107639472,-0.5334206883458192,-0.556749800307393,-0.48998543213899437,-0.6891813140112479,-0.6386262476571655,-0.38231142817424624,-0.5009702109000745,-0.45413238367099984,-0.23365588704975696,-0.4633021634242396,-0.3401732457043159,0.0583954035998569,-0.22857959121961252,-0.6157051857837398,-0.3680119318803401,-0.38129192397354594,-0.678880085308852,-0.29178326698092444,-0.26304531574110757,-0.5793466231563961,-0.15160948173238767,-0.2185365587780885,-0.5082147161942904
10,0.0,0.0,0.0,-0.2587312241423946,-0.5659165508708746,0.06848079580957193,-0.39894702488233436,-1.0924054425461356,-0.05287212694027033,-0.48393659597961575,-1.437950613792957,-0.16935555466076094,-0.5150063723812902,-1.7547848822253338,-0.26410507550835854,-0.08458918283438012,-1.1264877284306474,-0.4600523312183295,-0.7272361259601006,-1.4074437990988726,-0.5742166825191938,-0.6465526973788635,-1.1687583721302135,-0.5359398073546305,-0.43436349278740316,-1.0134005305529674,-0.5112098198547198,5.646307572107123e-17,-0.8180102359809185,-0.5752036629146601,-0.6950277151789435,-1.1105103759102324,-0.7000396922435472,-0.5532554898880726,-0.8278867729210488,-0.5323183822024905,-0.36310480447160953,-0.728552802887104,-0.42617895994042104,0.02060286039531479,-0.5051121237579093,-0.661078122726246,-0.6031149031729204,-0.7721298965315198,-0.7480159215529747,-0.4618502373179374,-0.5517238289183435,-0.5340277658045824,-0.27958324202543544,-0.46928090791328736,-0.4031185482313964,0.0037411533933758125,-0.22828690156509523,-0.7349379699043253,-0.4831916428555231,-0.46111944383072595,-0.7986665843748778,-0.37382119074219256,-0.31136888062852874,-0.6780905336787892,-0.19626419568818643,-0.224173782958499,-0.5945665803632225
10,0.0,0.0,0.0,-0.2589277867733104,-0.5949168405808976,0.05228465715836979,-0.38013341900585595,-1.1045612882340747,-0.06448826426885862,-0.45619075055194036,-1.450271137172497,-0.17226682583635916,-0.4705410601274344,-1.7740351729810038,-0.2579487101491928,-0.08965548811659463,-1.1561342120580318,-0.43261687637357443,-0.6919532816706808,-1.4324454459420044,-0.5470302217010337,-0.6222339821896837,-1.1861890275960814,-0.5199729909420664,-0.43207329392010946,-1.0311631999097146,-0.5020378169303197,9.82744993700765e-17,-0.8468558089140623,-0.5318225633691269,-0.6785598214926275,-1.146992343396177,-0.6495620525547563,-0.5506673857107721,-0.8664373314866006,-0.4907909723862409,-0.3693943125597522,-0.7720432646671712,-0.3924743509063732,0.017225990538360523,-0.5352938558066457,-0.6057346412475759,-0.5955252526268601,-0.7922184651082949,-0.6887192942205822,-0.46456260692731083,-0.5781403198748684,-0.4867986799966106,-0.295713891077177,-0.502104271621842,-0.3631541901285951,-0.002164366911559502,-0.26228150545784895,-0.6692844838969227,-0.4847293642590647,-0.483103009146843,-0.7325504130867518,-0.38754115046876264,-0.34558564934950514,-0.6228083068888169,-0.22812102381331675,-0.27260435648509507,-0.5453960437773402
10,0.0,0.0,0.0,-0.21330153595282872,-0.5575140782145998,0.09600299745872157,-0.32413626093780884,-1.069067683102298,-0.018099169674795797,-0.37820535074372924,-1.4028943506690987,-0.1287758032594433,-0.3579809650461113,-1.6972830184172778,-0.2168459398267104,-0.03299953884386462,-1.0770569230405294,-0.466710655161824,-0.7277283241949701,-1.4732736988088673,-0.5658438238317587,-0.6648817464096437,-1.2479199005684105,-0.5048801510323263,-0.4535168993009892,-1.0696811672610487,-0.4656029573176164,5.198682003454337e-17,-0.8071773758025498,-0.5903089733288065,-0.7494679451917727,-1.2286885584624745,-0.6941946697422432,-0.6183975748376235,-0.9581404306447814,-0.49772038892542336,-0.42340384795866304,-0.8360997311662512,-0.3738810220532443,-0.03402862119910883,-0.5409503593728912,-0.679382905325748,-0.7084042647866048,-0.9269796549302339,-0.7473927759335092,-0.5655781637472894,-0.6986317906765122,-0.5097140309650747,-0.37573070401643005,-0.5851279086352069,-0.36501863487122965,-0.10066093704592316,-0.3078978393868011,-0.7532506232113008,-0.6077107060729988,-0.6225101788450206,-0.8035364189579496,-0.48863436164121893,-0.4588950514911911,-0.6670952272349377,-0.3050139961725892,-0.3414249096491278,-0.5721070680250948
10,0.0,0.0,0.0,-0.08366494180907974,-0.4688536481722451,0.06913224592861025,-0.2156114421476258,-1.0558710508835727,-0.04540249831163639,-0.28096554133382956,-1.4612336734498779,-0.15658981942538236,-0.19908464170421503,-1.6958712297764449,-0.24091127882082305,0.043207421344786195,-1.077953155256567,-0.44444557355597214,-0.7851700743355554,-1.629909577520002,-0.5225175237383796,-0.7313630132093094,-1.4034164457781897,-0.446260467142322,-0.5138789520823026,-1.209429225512008,-0.40033898473842994,4.8125306553970065e-18,-0.8275072618966585,-0.5614550128980017,-0.8920944127714434,-1.3986192124315266,-0.6596219450504989,-0.7612275904084645,-1.1369535113527065,-0.4776690088161682,-0.5385643472725298,-0.9894967769912729,-0.36020679971007646,-0.11275668667644755,-0.5866775549194211,-0.6450886601599137,-0.9030151924945596,-1.0867743530367653,-0.7068655735053245,-0.7571936796041625,-0.8622993325930342,-0.48201495531667743,-0.5456522600885568,-0.723817745821507,-0.3414291395322631,-0.25332385637176585,-0.3805987895434655,-0.7178668279063898,-0.8143617727826182,-0.7766843533665637,-0.7546918527344204,-0.6753366417499095,-0.6108352559041419,-0.6181022433965374,-0.47373176377020987,-0.4739478283359759,-0.523963043659937
10,0.0,0.0,0.0,-0.003959741407507879,-0.47684013401059155,0.07208900531830162,-0.07047034815715647,-1.0512139048153808,-0.049370790471465524,-0.06473591296186895,-1.4316585513683027,-0.16802438281445728,0.11523686339261884,-1.6060125594413202,-0.261310603109405,0.09514679023846247,-1.0364306529589127,-0.4799524005571224,-0.700107063650027,-1.6268434028278733,-0.5559233970685521,-0.6565822488900018,-1.4035018891162112,-0.46827218460123504,-0.44703972199527997,-1.198746364839261,-0.41386495028818027,1.1293418557350708e-17,-0.7993451440938448,-0.6008721499733453,-0.8624163086238422,-1.422980197458455,-0.683552563561353,-0.739536126947708,-1.1568870665439523,-0.4837077672018337,-0.5122251764065868,-0.9726628309207583,-0.3580636812370668,-0.15066133868956805,-0.5727666986701407,-0.6854069426404942,-0.9040005054001943,-1.1219166610818672,-0.7341267250745083,-0.7607358401659206,-0.9065183004469083,-0.49642587735673777,-0.5471812496193454,-0.7435454707673913,-0.3505687628989936,-0.311421965548195,-0.38205551906238405,-0.7580735267209313,-0.8367716395127986,-0.799846963993043,-0.7842427852324696,-0.7048088274471992,-0.6420889045523852,-0.6345243135426049,-0.5170392102522393,-0.4937287720841211,-0.5325120227654114
10,0.0,0.0,0.0,-0.025502241483202334,-0.5014603251143228,0.08863721911822152,-0.04890127836280761,-1.0253769791333858,-0.038882615065600964,0.001655215614867941,-1.3636168782335765,-0.165885226964491,0.22875069665690675,-1.529174392723108,-0.2693580109472214,0.1077811369952533,-0.9878544855063297,-0.513580548083368,-0.6394378935955278,-1.522940769413281,-0.5960207825292917,-0.6012023409577958,-1.3078825053234482,-0.5028920670548472,-0.3935191456625982,-1.1134317729702794,-0.44430640728277954,7.762865748434126e-17,-0.7623462426584448,-0.6471693799188524,-0.8320387540791883,-1.3492569742913325,-0.7244495747641689,-0.7245881396058736,-1.0947767651459828,-0.505553182783144,-0.5199795170918564,-0.9256827510316517,-0.37191154429687334,-0.15729935479419926,-0.5525263373852936,-0.7421331642271526,-0.8917552717083524,-1.0774477652527705,-0.7885328595115126,-0.7498732685105371,-0.8690480936705421,-0.5369653698794447,-0.5462265664086584,-0.716709266521078,-0.3867213581050372,-0.31959397072354856,-0.38248257674555003,-0.8229973464613267,-0.8382274431063804,-0.7744174545078674,-0.8539230334277417,-0.7104098283406127,-0.6185708315960892,-0.6999013470132002,-0.5387877438293932,-0.4810322215240159,-0.5954712916088253
10,0.0,0.0,0.0,0.05565144346079751,-0.4605290190709824,0.08769740045532214,0.10048224642899255,-0.9258903954293324,-0.0569730506459207,0.20593323299473962,-1.2242360796087561,-0.19791468663210046,0.4951216876650102,-1.360070161588675,-0.318871293266586,0.2054421106451029,-0.860197875259796,-0.6061039356342689,-0.5227043649775076,-1.3731426077385593,-0.6922060481033865,-0.4587005222999334,-1.154084188256657,-0.5804065481435579,-0.20756060635761586,-0.9424894144088857,-0.5081355223649838,4.622314151734627e-17,-0.6745282996519395,-0.7382489911734815,-0.7768947416549831,-1.2349373141122266,-0.8215870692303107,-0.6380336410305913,-0.9854458844619476,-0.5855133351826508,-0.4129976038425931,-0.8112983184876195,-0.4384367998916892,-0.23578178447156437,-0.5084033100442175,-0.8238456341934881,-0.8960616160235432,-1.0107101805955365,-0.866749743647088,-0.7306250964379722,-0.8055975050367774,-0.5991711235139332,-0.5070257237280673,-0.6424412634241685,-0.440738947045194,-0.45297673644307457,-0.3751569643064545,-0.8936829266607217,-0.9304253178861698,-0.7665415144593365,-0.9187957327228573,-0.7980564243273721,-0.617332181503743,-0.7547343553766802,-0.627515009045133,-0.48059128520302713,-0.6445207968209063
10,0.0,0.0,0.0,0.05034902117980287,-0.47304122647369123,0.0992410064194754,0.11855769004814212,-0.920425388101595,-0.04804781691377176,0.24635860202974083,-1.1994471652981862,-0.19240744758708428,0.5326131309971576,-1.3491909416871122,-0.31621810154360913,0.21201584848518235,-0.8440246283171507,-0.6144865396525845,-0.5187678750521071,-1.3471730600763339,-0.7107794016591392,-0.45418144185079196,-1.1370178683870487,-0.6048115273963031,-0.19937102562496947,-0.9282640794994923,-0.5351856699590639,-3.7538968247819674e-17,-0.65868928180157,-0.7524150650005166,-0.7726465230573467,-1.1958444382562279,-0.838877945216095,-0.6372922030268466,-0.9497985347750972,-0.5953729865984965,-0.4144696437694169,-0.7847525785980431,-0.4452026791662667,-0.24586129492904335,-0.4947707464305547,-0.8434128513106369,-0.9045304801901878,-0.9744653175253556,-0.8868106557718484,-0.7351880277489483,-0.7716726138844877,-0.6081002265870921,-0.5107337958650927,-0.616656052345462,-0.44454166380055604,-0.471151008703569,-0.3641879671878151,-0.9178071893130807,-0.9539119232517821,-0.7455082522920042,-0.9456881862816787,-0.8160016002028533,-0.5971575634461462,-0.7766596083613623,-0.6391956360087357,-0.4626089227203802,-0.6632609217340105
10,0.0,0.0,0.0,0.037316942598962816,-0.4671728268155157,0.09875049705758042,0.08546385642819922,-0.9046030948712336,-0.05146425673514735,0.19545732942139846,-1.1807094349071492,-0.19736761517828763,0.4686632061414077,-1.342769950391329,-0.32251815270304873,0.20802366875798123,-0.8324220374319662,-0.6320370779475422,-0.532984973940525,-1.2947572712298625,-0.7311531551659517,-0.4548780554765369,-1.0870705817635302,-0.6221322748046612,-0.18810193200033415,-0.888791426768047,-0.5487754025603051,5.084040038645334e-17,-0.6399404084986673,-0.7684245399325551,-0.7815903194303828,-1.1381179404710315,-0.8587366063553711,-0.6336278379459985,-0.8989057245747425,-0.608630433071124,-0.4076934491550482,-0.7454104582892551,-0.4515501052633355,-0.23920674178186482,-0.4670406898611757,-0.8571472429489387,-0.9048497571429411,-0.9130271180941731,-0.9021645512892335,-0.7256166027991148,-0.7177166831601894,-0.6158985477352313,-0.4982670995936625,-0.5731046424220304,-0.44575018441397285,-0.4578575358723466,-0.32973820580089,-0.9290273345570919,-0.9434997371430978,-0.6832708694608308,-0.9559920147729207,-0.7997217456925712,-0.5432055261056447,-0.7829116144783782,-0.6203674198294848,-0.41941047784904856,-0.6655908269865657
10,0.0,0.0,0.0,-0.016414756340685586,-0.48634755902116555,0.09866929793429302,0.005280863540310832,-0.9464387193027898,-0.05096383477650061,0.09926515071027014,-1.245046978075263,-0.1979394984996987,0.355896207044222,-1.4326575733563913,-0.323267934678269,0.16956902984147185,-0.8623060828733242,-0.6165369967555347,-0.6239614879794463,-1.3052251567546767,-0.7172833631802039,-0.5668425000123304,-1.1048582743768176,-0.6138134506681339,-0.3179215805316281,-0.9301366673389331,-0.5462423062708436,7.827520917422489e-18,-0.6509099541945644,-0.7591549456668448,-0.8583615305015531,-1.1328267985548788,-0.8459516021689112,-0.7283695558184143,-0.9049661176844123,-0.5969531017066023,-0.5054282042320308,-0.7633368947711131,-0.44548084097950286,-0.2212941808858537,-0.4588423512075422,-0.8560470330018511,-0.9649552683837271,-0.8953268266165709,-0.9019910849364285,-0.7921831687010563,-0.7110728702060343,-0.6157786111932884,-0.5635309563353406,-0.5781192367870295,-0.4481142632616935,-0.43499536233224423,-0.3027329716708624,-0.9365719488649485,-0.9835612863409482,-0.6505360590715153,-0.9692177326529523,-0.8473111397238132,-0.5188333005842765,-0.7966460574719445,-0.6660435279918481,-0.40156347646649876,-0.6806413866023191
10,0.0,0.0,0.0,-0.03328286592346674,-0.4891565253302932,0.11002047685450668,-0.004121741525121535,-0.90727629342987,-0.04325344525746284,0.10138562450432662,-1.1597747749414564,-0.19372862657204554,0.34759818590378055,-1.339152035673385,-0.3247581772211306,0.15261305807868464,-0.8276675349587843,-0.6409896015928384,-0.5680761862916541,-1.226960117538368,-0.755596292320574,-0.5182826791547701,-1.030941123751528,-0.660002053631742,-0.2916576878295405,-0.8626413181099277,-0.5945153071012211,1.5675018733222297e-17,-0.6178700810631576,-0.7862802063685738,-0.7874277292903404,-1.0486726753849354,-0.8681297284818132,-0.6509836103069632,-0.8194929162421842,-0.6061283066573396,-0.43330584555113466,-0.6857013279110505,-0.44937212613866995,-0.19602236061113518,-0.4241886094087653,-0.8859973902425149,-0.871529683702025,-0.8127996671031418,-0.9243173656550571,-0.6896768648581112,-0.6285102624475926,-0.625841338729054,-0.4705170005116864,-0.5065071139494894,-0.4547129769529308,-0.3823018846374661,-0.2725951408869313,-0.9684401869423473,-0.8665038456947147,-0.5813687507121846,-1.0022144829275235,-0.7285940418992283,-0.45254502903941835,-0.8277878022880406,-0.5621780594366028,-0.3454918578886283,-0.7108382884127961
10,0.0,0.0,0.0,-0.14283190749393387,-0.5071527551472325,0.09740884999603892,-0.2011565970557523,-0.9525085441805763,-0.056815595197964905,-0.17944408410838447,-1.2336806398297757,-0.2050254033658344,0.012166472572582087,-1.4453644515312432,-0.33013502762923835,0.06324502747746576,-0.886683363060649,-0.6301873598309407,-0.7759774686921055,-1.238478564608201,-0.7552428527817695,-0.7196454416179384,-1.052692903203079,-0.6788112750336974,-0.4689289070008582,-0.9120555654450778,-0.6267865519920232,3.469875030629424e-17,-0.6379961709940638,-0.7700395352168052,-0.9472179908195025,-1.0296939607185125,-0.8710206097029989,-0.8046174457217904,-0.8149296495614032,-0.6252377578137893,-0.5720754640986615,-0.7040572837623029,-0.4797838806989896,-0.12678087524214815,-0.4029850674947989,-0.8655768084965806,-0.9543031164687976,-0.743152550896551,-0.9209522043359953,-0.7672978960065614,-0.5765425392420138,-0.6329537739260872,-0.5372604520137381,-0.4839602860471588,-0.4671928723829166,-0.26593711291511213,-0.21413417974106086,-0.9447702113200118,-0.8593542606392629,-0.4674850716906886,-0.9890163928547854,-0.6890584633590725,-0.33898141112448416,-0.8194376562995211,-0.47238642514856977,-0.23915996503654458,-0.7066470453252103
10,0.0,0.0,0.0,-0.38113156779126006,-0.5182104243985902,0.09674068252027561,-0.5415403435595771,-0.9617346244275585,-0.038983386375859956,-0.6123382931245088,-1.254041588709772,-0.1715907466963205,-0.5536614804221929,-1.5017131485339776,-0.2788860362322383,-0.10243314574163839,-0.9987683111851541,-0.5335755070759574,-1.0001371583518794,-1.2248324068161784,-0.6634879947054747,-0.8993178416836346,-1.0247234645419172,-0.6118481894851134,-0.6062927349619399,-0.8973905469356274,-0.5769150006706294,5.1542619027435624e-17,-0.7386914128371853,-0.6740437646033104,-1.0087295352819323,-0.9708802357111725,-0.7942449976131161,-0.8184738697814706,-0.7490414088076566,-0.578099193623969,-0.5395344447476456,-0.6741733688922421,-0.4463084312411459,0.0014806633968754005,-0.47489689597133816,-0.7790949482819762,-0.905479746218367,-0.6840075906476728,-0.860071332261393,-0.7196031379568051,-0.520129294566703,-0.5959137982671129,-0.4609511609513452,-0.46625778829915043,-0.4372533424741174,-0.0476286085593947,-0.2416731451684359,-0.8696032597361385,-0.7280250277204682,-0.436209189790171,-0.9382947276672964,-0.5738263985389384,-0.32977366466923286,-0.7909230088553043,-0.3220022686964069,-0.26612978362310613,-0.6872828800171132
10,0.0,0.0,0.0,-0.5574055920737747,-0.4810861857383631,-0.009747666717779288,-0.7947638017391444,-0.9388198095634576,-0.15054604681588846,-0.8844341233330738,-1.2401212004763402,-0.27309257153011085,-0.9000069449056545,-1.471192923917264,-0.3706652933465254,-0.23474786613659485,-1.0626376512764306,-0.49308913685624217,-1.131735397305648,-1.1270148987129356,-0.6370874058168927,-0.9972932395883751,-0.9210430045250875,-0.6350912737435179,-0.6913591504892765,-0.8452650310210694,-0.6370031258871259,-7.312580145000247e-19,-0.8122514161957697,-0.5833074977127986,-1.0269069368070982,-0.8553368857490796,-0.7220644515547371,-0.8005116538246512,-0.6570704053280604,-0.5738324009961485,-0.4896081405244023,-0.6343871747960713,-0.49205633094937584,0.1164610100866517,-0.5289901024448928,-0.655275176960281,-0.8190844147042352,-0.5641243095367232,-0.7695920718108402,-0.6059750400208671,-0.4287313063540656,-0.5808763637277392,-0.32307322626312235,-0.42444499545575837,-0.46827115135724307,0.16738709677262192,-0.2627442810906663,-0.7232592094036724,-0.5552301228116784,-0.3313010488741488,-0.823691362592386,-0.4011313862689137,-0.2463612274266697,-0.7317259224581203,-0.13784740514924856,-0.22229892474418186,-0.6660846479340495
10,0.0,0.0,0.0,-0.6413975792646857,-0.3558474644206988,-0.12926483011469445,-0.9805166194999446,-0.8016853061783693,-0.2741009884443431,-1.1511494500388273,-1.1252996124073849,-0.3851162621918093,-1.3203192582012664,-1.3705050672081267,-0.46643743805289684,-0.3727607946945889,-1.0847900619054078,-0.424984674690502,-1.21407324599749,-0.9367812367859356,-0.5795515325985466,-1.0718994144525458,-0.7327605653937768,-0.6207158639859824,-0.7606162567833469,-0.7139779060571873,-0.6545079574993451,-2.6861155741562043e-17,-0.8846268726341261,-0.4662995777540077,-0.9874090405645255,-0.6905953392821967,-0.6182846226299771,-0.7922358006110546,-0.527771599319307,-0.5359957380448956,-0.4835436978343951,-0.5714983694051564,-0.49941700590122456,0.23716610596955423,-0.6128550685874632,-0.5125613317869012,-0.6819717175414175,-0.42838080566576325,-0.6549446354094389,-0.5143020859952588,-0.32034690651287107,-0.5335307734453285,-0.22458176748581776,-0.35804288227461384,-0.459746000689161,0.4049544019471943,-0.3344862055822194,-0.5699308646257794,-0.3199724884140699,-0.22510829099789909,-0.6953493717876086,-0.22932854436496522,-0.16110515360897568,-0.6492778874226118,0.03161401554604274,-0.18043742144980396,-0.6122993684319586
10,0.0,0.0,0.0,-0.6118467006940109,-0.34222580885183906,-0.1735574142199165,-0.9979172857306992,-0.7981105884975482,-0.30034890837313427,-1.1967373180226013,-1.128073107799227,-0.3924842191291704,-1.3888805613866508,-1.3699188472085138,-0.45942016363575067,-0.41746928805123473,-1.1009271766445434,-0.35342525589076956,-1.0014455226250896,-0.9546599341363838,-0.5042216529877638,-0.8965518923621408,-0.7326496098702846,-0.5704809371014318,-0.647834346584603,-0.7205328810423162,-0.625373678432938,8.629063137844904e-17,-0.927821739279945,-0.3730238867948506,-0.6771192489592531,-0.7040013843268664,-0.53926601489836,-0.6038844342420068,-0.5261914081036169,-0.5190446837004019,-0.39756116399003616,-0.5737180442863792,-0.5224992941048158,0.2999514619582836,-0.6750320736299215,-0.40506300538882317,-0.3354385717381185,-0.4574503214372768,-0.570440758043695,-0.32336712287627534,-0.3302183234607432,-0.5088726605497015,-0.1503969684743175,-0.3733670345703773,-0.46806778582581465,0.5353490018921457,-0.40121594569034136,-0.45484241714077034,0.02711249805065987,-0.26227490774377427,-0.5870694431211267,0.011990352426892129,-0.1802645840673879,-0.5755981719352007,0.18493853401500435,-0.202610761664431,-0.5614198085713705
10,0.0,0.0,0.0,-0.5512971847793157,-0.4089429486030708,-0.10381847990557176,-0.8662409737327291,-0.8715856666317535,-0.20186152203228364,-1.036319773606759,-1.1933425077303912,-0.28701245748582904,-1.2652934828067126,-1.465623080803583,-0.3506421374770451,-0.3529441793019191,-1.1478952786051682,-0.21909914287023854,-0.8657050823193445,-1.1049093650928572,-0.3427561793802454,-0.7683175953015396,-0.8103431483031326,-0.3945226005114759,-0.5625379510861179,-0.7208401475051635,-0.43773615077186767,2.1200907415308592e-16,-0.9638661422218904,-0.2663870490063105,-0.5961007775139568,-0.8690198344462461,-0.42028474750654654,-0.5271566280930142,-0.6001175523040114,-0.4122847408628584,-0.3568256913523179,-0.5790172870365271,-0.4134301485679122,0.26639468179778514,-0.7053506830079358,-0.32543804482209276,-0.28646533217759707,-0.6030136184584255,-0.4648166199453133,-0.2610917363043554,-0.3999390912826081,-0.4070596699730575,-0.11444964235790699,-0.3932303852667694,-0.3674434372374222,0.4815997007342639,-0.4279135443875693,-0.3986054447332032,0.045808977433106246,-0.36801580851071847,-0.48620691713785974,0.014261984817386386,-0.24514042754123833,-0.4638345836026402,0.14307380917267173,-0.2477116443992406,-0.4469205746793663
10,0.0,0.0,0.0,-0.4869748599614913,-0.41700544023198505,-0.10405807020929317,-0.7817005945620688,-0.8987052606277405,-0.19041571081073627,-0.9373053526809837,-1.225665662786485,-0.26437993343151217,-1.166941202605492,-1.5061436350049964,-0.3174630272621563,-0.32395011473092394,-1.1519369517123266,-0.18925259692036586,-0.7134538579959824,-1.12540936742673,-0.3014459353364215,-0.6477160848790678,-0.8340095490709319,-0.35294180387578417,-0.4859197246191936,-0.7464232720878685,-0.3959854636511062,5.896767735115013e-17,-0.9737984284213919,-0.2274128861872768,-0.44033976607439024,-0.8896670246148488,-0.36747578910479123,-0.4082503704232646,-0.6308782261854986,-0.3738021680522725,-0.26873876657813883,-0.6031734706562853,-0.3854823021117646,0.24856003972217489,-0.725720840392702,-0.27674326216491846,-0.1608088773059477,-0.6293377094063958,-0.39773261535248666,-0.17858621629642554,-0.43962378561631577,-0.35280483519582584,-0.07033212684743376,-0.4292121983263275,-0.32400221627995207,0.4537655115153601,-0.45688603274933554,-0.3418231076395688,0.11837089500152949,-0.3912969462171822,-0.4056680263240795,0.04971434681048431,-0.2758804315126723,-0.38536636246375083,0.12988500180330462,-0.2755736126844725,-0.37322464737468314
10,0.0,0.0,0.0,-0.423020042682103,-0.4151033944886945,-0.10579640937831003,-0.6940481181579646,-0.8967936737944933,-0.1973288050630102,-0.8452407514201588,-1.225728438289883,-0.2790543580115983,-1.0497883195661133,-1.5026712392708972,-0.3430056054543288,-0.2881831945968685,-1.1441852428143187,-0.20482093402566506,-0.597077183275981,-1.120690586694136,-0.32809787448155736,-0.5443961723197666,-0.8343908567825197,-0.385466254759057,-0.40577495554460424,-0.7478891903342434,-0.4299848301572154,-1.5181726587151852e-17,-0.9695865746927653,-0.24474859381730973,-0.3427055608914208,-0.8792846087042304,-0.3946438474663098,-0.3243461813628656,-0.6180037993989461,-0.4067733986747024,-0.20149329961989723,-0.5886408521247941,-0.419797976147331,0.23379298616169697,-0.7229613524675231,-0.29525752250447634,-0.07821847971394685,-0.625537242934495,-0.42419076353218527,-0.11580295766503938,-0.4366894218124354,-0.381854346293266,-0.02460425396230989,-0.4241940160617196,-0.35296042319635645,0.4375827142076033,-0.45016823770916425,-0.3618678038527064,0.18535048526660386,-0.38089048414840176,-0.43014983957168396,0.09592905160145697,-0.27325943213960796,-0.4101720664534167,0.14978985590123586,-0.2772695616008892,-0.3971735046369222
10,0.0,0.0,0.0,-0.385794165286005,-0.3955024933823046,-0.12255648402525719,-0.6479467808207515,-0.873695610397291,-0.21961184686082885,-0.7930069090221714,-1.198814238450787,-0.3027700313999839,-0.994182559649459,-1.464577675173454,-0.36945603308534203,-0.28749667206130464,-1.139725341107823,-0.23202321614238333,-0.5085366705344073,-1.0597180331691514,-0.3657309993156819,-0.46676299670873433,-0.7820914478230349,-0.4312248420337312,-0.3617095184320024,-0.7158545455094245,-0.47954379737660124,5.540891567517611e-17,-0.9648556424751553,-0.262780496201403,-0.26490735696835743,-0.8178074614689588,-0.4181457019974644,-0.2641056382616576,-0.5758760416913777,-0.43695086951725143,-0.17036775534489226,-0.5643916850738464,-0.45622381869287787,0.23137769427272786,-0.7162449595556968,-0.30447246935320516,-0.007002821626728201,-0.5605212770986975,-0.4372739679808199,-0.05799896342786228,-0.3896091427945983,-0.4024669016008742,0.006587898640415136,-0.39786438965324916,-0.37956477091702967,0.4372675088838179,-0.43901368067065216,-0.36359188221033395,0.2428835660606923,-0.3250076466146418,-0.43613739767014664,0.15926510436672675,-0.21615406642148027,-0.4212578750689669,0.196983608097792,-0.2289857582440652,-0.4121834368607444
10,0.0,0.0,0.0,-0.3342665372762605,-0.37844505252959465,-0.14111944930039416,-0.5706941588204351,-0.8605935427552711,-0.23919494854959175,-0.7091285497379324,-1.2001276097081213,-0.32114314048634157,-0.8921388466776426,-1.4747063843236652,-0.39083745109972323,-0.2691559508680303,-1.1402918232710861,-0.22462274851678865,-0.3592563750471825,-0.9873918143956423,-0.3499670822197673,-0.34777030309257234,-0.7490365935468811,-0.41842855866957923,-0.3053362039255143,-0.7216131271052123,-0.46819965704868904,7.117774362075127e-17,-0.9716874551977162,-0.23626995029285078,-0.14357139250562928,-0.7380138762399917,-0.3690050320357606,-0.17119233279426224,-0.5320912158621256,-0.396461222611906,-0.13473945745362592,-0.5470107345490386,-0.4267582813138015,0.22403191075247336,-0.7254958995932539,-0.25916762041657104,0.07551945664066691,-0.4935531835770355,-0.37622497369899244,0.007906663746530351,-0.35721953521711897,-0.36423412769502284,0.017914910998059697,-0.3992295775916369,-0.35954483445688507,0.4212372002629613,-0.4474184508327186,-0.30115083103244394,0.28761292668785077,-0.27955332467459737,-0.36315278735715556,0.1988743056318896,-0.17915435948505726,-0.35989264997911724,0.19056704866391047,-0.21121651170588293,-0.36100931088711075
10,0.0,0.0,0.0,-0.3039812709240701,-0.34549816562078867,-0.1684808261137689,-0.5357757348254785,-0.8171646135542334,-0.2837819248802215,-0.6919727454892055,-1.1534421946322877,-0.3760716177796995,-0.8816934706360351,-1.4351623576194077,-0.45675893157760317,-0.259629840468481,-1.123401825581491,-0.2750297727317715,-0.28330753308327156,-0.8827571279019144,-0.42003696031895676,-0.28643354627172724,-0.6681859741929093,-0.4982198407487302,-0.2764344718737248,-0.6768533750057885,-0.5510242451368282,8.205130648197198e-17,-0.9607721620890568,-0.2773388767459752,-0.08720825277163342,-0.6547850776194996,-0.42270891299129776,-0.12847582464303747,-0.4639823513980257,-0.4463435275742682,-0.11397450429821382,-0.49719237198922583,-0.4740793995837767,0.2128607382515718,-0.7209731485365345,-0.2933120730545535,0.11778066611502093,-0.4320786570699801,-0.42449115495463396,0.0419050413470591,-0.3061020125063625,-0.4092916315931193,0.031472476165003746,-0.3639713925189623,-0.4010690565999166,0.40019407552371794,-0.44896652545868754,-0.3302749768766125,0.3093796297564584,-0.2402143040957287,-0.40914093011992125,0.2156434577432518,-0.14624582311173276,-0.4083841013641072,0.18412859508133408,-0.19354770981018157,-0.4089684287309746
10,0.0,0.0,0.0,-0.2733270810495121,-0.3110483303304278,-0.18653768992879083,-0.48970600820160004,-0.7595586023756514,-0.3043477986721285,-0.642456266124864,-1.08627708541513,-0.39326095126395955,-0.8319211592006288,-1.3420551832148675,-0.46968740139036264,-0.24583212991256748,-1.1116365654400544,-0.29028077447012585,-0.2190435368721462,-0.803026382669318,-0.4367996593887709,-0.23613610860015086,-0.6128893056380311,-0.5146729114895552,-0.24429735624011298,-0.6567453267896993,-0.5659031842354384,-3.978977689783453e-18,-0.9599495329911739,-0.2801729717692754,-0.03630801338937463,-0.5948780329955103,-0.4323065897974956,-0.0960516044687024,-0.42056440168487147,-0.4530366171005862,-0.1022244174078777,-0.4919768024037952,-0.4746672804932293,0.20421616140289556,-0.7302673796705751,-0.2841921142092555,0.16160617838132044,-0.39065939436477043,-0.42171947091016626,0.07021585288914892,-0.27039278409086565,-0.402440993064833,0.04060800194425028,-0.36101827328489605,-0.3864729995328274,0.38482059063151075,-0.4687720979709861,-0.3103810545188963,0.33809265219740603,-0.22877580786555832,-0.3925223711610016,0.23484202637984072,-0.13444924374742664,-0.3895261959092433,0.18439806341453702,-0.2054845499891957,-0.38503471736645084
10,0.0,0.0,0.0,-0.24347855495135676,-0.24112775023645652,-0.24784151592484002,-0.4571103610513493,-0.653181049700216,-0.3919308353250936,-0.6230853736853743,-0.9675433952521962,-0.49077893328108235,-0.8135234585175606,-1.2190971389642682,-0.5737988139242439,-0.23990525460758694,-1.0715091617246697,-0.3672235715983198,-0.15217801151492147,-0.6955730357065512,-0.5271746970629577,-0.2015228658757535,-0.5095774516013684,-0.6043634470799992,-0.23582671603104052,-0.6038733193979078,-0.6550919706063256,6.196750499465592e-17,-0.9447589053282064,-0.32776609160047226,0.022523867084977146,-0.5073159139361348,-0.4978092363059508,-0.07213811683075341,-0.337229126479074,-0.5102136367834933,-0.10571588768045688,-0.4673769248640016,-0.5225642746992472,0.19389772767031496,-0.7411462578770989,-0.30603920637071214,0.22316609050260316,-0.3370411064866576,-0.466064910685403,0.10936662482299357,-0.20302440295293683,-0.4445145527199479,0.05809449456331217,-0.3454504014154462,-0.4203255631727112,0.36066615886612824,-0.5090262450115409,-0.30902536717002144,0.38145577313704254,-0.21859530590573523,-0.4113789023705878,0.26798240237167165,-0.10741439522687285,-0.41404169112640443,0.19484066348553683,-0.21463017634018,-0.4082228703793937
10,0.0,0.0,0.0,-0.2122708644387126,-0.20292970667312668,-0.25815701246608463,-0.40371923799734694,-0.5901772202702554,-0.39983281446800845,-0.5515362654452426,-0.8901641972702188,-0.4911196936436539,-0.7216594226633125,-1.1238347529402284,-0.5653552737023112,-0.21533186544779406,-1.0359836199846557,-0.3764096919114921,-0.08584309527687033,-0.6540842245244548,-0.5247362653012553,-0.15660101388984213,-0.47210578771795764,-0.5893028290633184,-0.20115876370504832,-0.5914037485048214,-0.6335537823980489,1.134223693125927e-16,-0.9450996635734774,-0.326782230106381,0.07108644936253694,-0.4936266525333683,-0.4916366390509914,-0.039869086095945055,-0.31997439894154006,-0.4969228868275343,-0.08279322835291174,-0.45847675015944983,-0.5026178156409271,0.17151499644308227,-0.7702017309287099,-0.29423255196547,0.24319786398870283,-0.3522446429558107,-0.45341296773144624,0.1248606266798744,-0.2054225114805033,-0.4349977507796303,0.07065373874893388,-0.3593153260579346,-0.4101671187135978,0.3207894174913841,-0.5619576993012406,-0.28550248919537474,0.3679441902308507,-0.24895808690970594,-0.3875523200458681,0.2557273927456219,-0.1224310333582991,-0.3956415440052453,0.1795231036351294,-0.24028190596665122,-0.39248692669785473
10,0.0,0.0,0.0,-0.1955663186539752,-0.17067671798848918,-0.2509513539754299,-0.36874146429480903,-0.5287045929750371,-0.39048237550739295,-0.5000170381240373,-0.8031016890632465,-0.48060853900755224,-0.6745810423294486,-1.0169610434972882,-0.5534591110427157,-0.2018074267758196,-1.0015119281866343,-0.3694018934959429,-0.05645283217577379,-0.637483765285865,-0.5072742269137511,-0.12384901250410858,-0.4563005503222354,-0.5660698037658345,-0.17451298260644724,-0.58849746367671,-0.608047453213052,-3.0779377141855145e-17,-0.9473856723608558,-0.3200943420389824,0.10011416447623507,-0.5000537443149831,-0.472093579360862,-0.002838527824230629,-0.3203525874363772,-0.47448691416184086,-0.05257358082534207,-0.46982319189968597,-0.48020112008902033,0.16140894568039826,-0.8001927894188625,-0.2857527332941698,0.25902386731948507,-0.38833681664599484,-0.4270796775266533,0.15353033473400068,-0.22855690369379159,-0.4060506854149543,0.09479803299498772,-0.3873346245477217,-0.38342375896202846,0.3016337499686082,-0.6188993704706477,-0.2749546238806959,0.37552790075567977,-0.31073026898819706,-0.3605328001547308,0.2765712974118813,-0.16844186381931767,-0.36486379252207196,0.19757638935598004,-0.28654277979648096,-0.36224161372219976
10,0.0,0.0,0.0,-0.16918773368188472,-0.12611821905940232,-0.2656219616714195,-0.3302675445717084,-0.4387813529369403,-0.4062004515088009,-0.4626346643689924,-0.6959100342868113,-0.4906975591903662,-0.631707795137452,-0.9092649110714263,-0.5566533330872792,-0.1860772875815378,-0.9640704376420124,-0.38233278026144546,-0.030831818005496236,-0.5979336568121034,-0.5116369200380311,-0.10374694850037482,-0.41439726297464274,-0.5635891269928817,-0.15837727572216379,-0.558598999795234,-0.6015990229446011,2.2005706497481818e-17,-0.9476178739193585,-0.31940626955110746,0.11995423192381563,-0.5006461571091196,-0.46131509590460534,0.019040717396572718,-0.31771623553880224,-0.45682916461554113,-0.03056373045873703,-0.46668208261903854,-0.45876582713162234,0.1501750941853872,-0.8286418566375584,-0.27168128479358383,0.2672871218122662,-0.4233766965694934,-0.4062189173388996,0.16516151387863015,-0.264510408499064,-0.3845708951105075,0.10581200049876335,-0.43063351236298064,-0.36192236702416947,0.28143906702666516,-0.6722203398946603,-0.24753339223110205,0.36519508250020316,-0.37043983840302563,-0.3327280302409872,0.2711774582013634,-0.22478886180256794,-0.3401222829029981,0.19443170735112744,-0.33961311706986635,-0.3390239409528417
10,0.0,0.0,0.0,-0.14237215061520314,-0.08987685962225317,-0.2872892597583671,-0.3027177300239879,-0.3583132006898607,-0.43880007769540624,-0.4444469730937686,-0.5872429746349911,-0.5299373902789132,-0.6095334294513118,-0.7917758745692206,-0.6026528013398834,-0.1719206012472788,-0.9254310973009616,-0.4039586462113999,0.0017293377981738775,-0.5467979643432809,-0.5380187643464664,-0.07212244854714754,-0.3608121023113882,-0.594771428806394,-0.13540282995197087,-0.49421532323534806,-0.6356804974983468,1.3702467925869389e-17,-0.9437073827728932,-0.3307814621467411,0.1448329802391917,-0.48184139772064494,-0.4752444782775594,0.04617253210351491,-0.2968601631462309,-0.47649697113698863,-0.007872473807112198,-0.43509231173823865,-0.48386380980933963,0.1420144081489501,-0.8536644452583152,-0.27386376985598054,0.28237861688030175,-0.4383647651779925,-0.4110868136144107,0.18168255121627633,-0.2720659936912967,-0.39671308359054286,0.1181940038008579,-0.42158498627474406,-0.3801454120446482,0.2683100694854605,-0.7209972952520582,-0.2420284829360064,0.3678532636559996,-0.41643688203041274,-0.3322579576483298,0.2784590274599501,-0.26279596708892483,-0.34588111596455146,0.20163688997852233,-0.35659381566937837,-0.34947199589838696
10,0.0,0.0,0.0,-0.13523924070935914,-0.08346903097019781,-0.27251177664852466,-0.2903145517079522,-0.3262515566933713,-0.4212714832136555,-0.43213249782556656,-0.5404027801646654,-0.5142236646879824,-0.5909770427694085,-0.7328047783442624,-0.5902367085573322,-0.16112236422691947,-0.9061071846013962,-0.3884397069803642,-0.0007802970984893496,-0.5346821208560879,-0.515843511023737,-0.0698357112188052,-0.34562312050942046,-0.5703608793119077,-0.1328110080226179,-0.4681996498924923,-0.6102143731109566,1.5632667512565189e-16,-0.9466627298495889,-0.3222261254363529,0.13483219553515527,-0.48861605249728823,-0.45810339225307783,0.0494112712675621,-0.29866108668728003,-0.4586074223764449,0.0005048884195543532,-0.42603902651493947,-0.4675415578431971,0.13601252780736725,-0.871518741897139,-0.2707788002118896,0.27184403381986594,-0.4636717424953285,-0.40000525588055835,0.1812240066012358,-0.2882581056475126,-0.3858551122843237,0.11992997018054073,-0.4203868448762312,-0.3722476880307386,0.25745652257178664,-0.7441818536938481,-0.24337376196990604,0.36027270768381536,-0.44825496195872794,-0.3276136960014298,0.2763974021959005,-0.28953942966836643,-0.33927818819637545,0.20096379814566068,-0.3676041954600984,-0.34344687756585535
10,0.0,0.0,0.0,-0.1360694059345804,-0.036725761309587567,-0.3008659832703204,-0.27918224748304193,-0.21040416652218,-0.47039942621584185,-0.4026379206493119,-0.38224634433001153,-0.5748975281592711,-0.557926676678672,-0.5579391792693921,-0.6614725540769111,-0.15437250594732568,-0.8680981737753937,-0.45130524553026663,0.0031692897730549183,-0.47693924482317906,-0.585590759300577,-0.05821529663066316,-0.2715778368385026,-0.6448437821400257,-0.11345724355246828,-0.39635019780137876,-0.6896019217136451,1.119675746226791e-16,-0.9292493013141802,-0.36945329340406213,0.13734192969117387,-0.4475986695321488,-0.5146455958275357,0.057955742456205626,-0.24277026535776342,-0.5167167752790875,0.009876422271782646,-0.37068966230441214,-0.5282555823292499,0.12875569991691674,-0.8764479936747784,-0.29945092066317797,0.2701263623899318,-0.44275914002076,-0.43252256945311335,0.1832634821216792,-0.2461320957444238,-0.4156121607809316,0.12386245410932488,-0.37182273484959405,-0.40267426799483813,0.24294215105020592,-0.7708021354436163,-0.25410931462896263,0.3525556648466033,-0.46936618610988484,-0.34238103988904145,0.27150234822414954,-0.29231131491690926,-0.35428225563451266,0.19754901907444267,-0.3567758220376477,-0.35962485479726386
10,0.0,0.0,0.0,-0.1296141078221742,-0.007562131210110064,-0.3247157649545231,-0.25872981118662786,-0.14933077041993495,-0.508855755429231,-0.37445345160896476,-0.29156000545756444,-0.6244179648858672,-0.5269631998953099,-0.4386896674311725,-0.7209021263817948,-0.14500618235789156,-0.8431142756143515,-0.4778477917859982,0.031063519951822157,-0.4561857411663332,-0.6211433525455669,-0.03455900032809762,-0.2460024524491952,-0.6883885116311037,-0.09823115368374737,-0.36164933796176224,-0.737775879662974,6.938542500895541e-17,-0.9226640250083293,-0.3856048456067802,0.16281947745087147,-0.43467712260903457,-0.5371993245948953,0.07608011807919819,-0.2194549049143746,-0.5447551181690687,0.016075871059562596,-0.3349243625340912,-0.5599284423773742,0.1257664243180445,-0.8835536323546631,-0.3066832906555361,0.2777790268966634,-0.44026120676351965,-0.4408646105945803,0.1943723933364887,-0.23808906702522625,-0.4261767784001406,0.13590361440860377,-0.34631127949468216,-0.41571227968027913,0.239080435262575,-0.7920155037843323,-0.2547418814643501,0.34838868806663653,-0.4933175399710006,-0.34166933830851604,0.2729806779483593,-0.3108982669640706,-0.35535449091004656,0.20557305260150624,-0.35985211019803537,-0.36321456638038735
10,0.0,0.0,0.0,-0.11912691000177575,0.007873676008927145,-0.3334774515900713,-0.24844650493255763,-0.12262022581107766,-0.5213160498517128,-0.37487124366487284,-0.2517977418045854,-0.6396961485706046,-0.5320418012396272,-0.3923261125190534,-0.7382665896817973,-0.139605783561605,-0.8352776978075259,-0.47072828339263195,0.04870050996807616,-0.4535487738614452,-0.6125477985628257,-0.013066434873504687,-0.23761324393223526,-0.683297446281009,-0.0772951329302444,-0.3489179051753561,-0.7356046672228846,8.322971996535471e-17,-0.9273426522221769,-0.3742133153290228,0.17842203054476316,-0.44006871371763245,-0.524597737879479,0.09062929651824204,-0.2163303544854954,-0.5385607446830849,0.02649718888050176,-0.32528742018735685,-0.5579363858345185,0.12272895877571563,-0.8954773391524061,-0.2926093742057322,0.2852518779812037,-0.45616523349332494,-0.4264532783905204,0.2025699462078148,-0.24317224134611992,-0.41783637028663667,0.14174517858109767,-0.34278443700938255,-0.41130576552046955,0.2356315901431372,-0.8086763843932033,-0.2385809157701388,0.34854824620714014,-0.5140825469033359,-0.3252242100051585,0.2738546715137449,-0.3208070877336778,-0.34129649616065033,0.20435353966315942,-0.3601036100553332,-0.35116297894478105
10,0.0,0.0,0.0,0.5135523577195851,-0.16696817979494688,-0.07922241222627396,0.7842830178356809,-0.4604947767664072,-0.24192603228241835,0.9191308429394119,-0.6745087646054291,-0.37869992739128144,1.1022904240796212,-0.9154493627945163,-0.5024953123827907,0.3526875885183923,-0.900262196210506,-0.5161600930671016,1.2413122915386714,-0.1873501846050093,-0.7331302881256911,1.1109684450559747,-0.08228691662631164,-0.8210169507083832,0.8613809901302396,-0.20098818628011877,-0.891882438058385,9.389027646459253e-17,-0.7912445221995825,-0.6114998823296325,1.0972318542860777,0.03382044947390654,-0.8738481128353264,0.8710880849142427,0.06234921165838034,-0.8465345391625444,0.5849864049135769,-0.1242740714563872,-0.8527765340338821,-0.20522625219792348,-0.5717121301324652,-0.6863854834604233,0.815228533769019,0.17869955112694513,-0.8969664231776863,0.6081168398622165,0.19308280362896033,-0.7594325506485209,0.3148286903657184,-0.007133560378649453,-0.6761482502328144,-0.325525127462957,-0.3115076962998298,-0.7673706714881051,0.42896427616549954,0.22466301497309837,-0.9261866189674572,0.32581432451641934,0.2282580112245459,-0.8691430309995417,0.07755065366289421,0.055966107366752865,-0.8225336875782595
10,0.0,0.0,0.0,0.35542856436641285,-0.28769919854251386,0.10350775318617879,0.6294530648644476,-0.6204110576452552,-0.03540808254872152,0.699419584862175,-0.8945133396016328,-0.18979640694566235,0.6464704471393374,-1.1296291882115945,-0.32948618440196004,0.21070991613637857,-0.9142245205394274,-0.4612659926439906,1.014378094188551,-0.5618472537769129,-0.6152234130739659,0.8745895662712564,-0.4439389575974241,-0.6187288813333769,0.617525510382056,-0.5230894565297596,-0.633010488045345,-1.9635393903650134e-17,-0.7744957116696232,-0.6325791591614162,0.9283449164831155,-0.31368733218428546,-0.7958713589938778,0.7694443146602156,-0.2637511082191442,-0.7073085269040267,0.5391245295217819,-0.3862269153432369,-0.6728941814515232,-0.07830118398296312,-0.5430434957165442,-0.7556139422130448,0.7900878242848626,-0.14117129333136438,-0.8366757634938677,0.6195014019883228,-0.12441328910029276,-0.6328053880059648,0.36650442044357456,-0.2624809450477398,-0.5253103322730939,-0.08168595286715051,-0.2910659877691997,-0.8735294478228347,0.6034040019688501,-0.0008490850083794837,-0.8984866784980329,0.44045453623099806,-0.028763016108223467,-0.7556561184021671,0.17644431398202648,-0.1798317437776954,-0.6712989363060065
10,0.0,0.0,0.0,0.3017654430062159,-0.3191532277626573,0.08965546648449381,0.5605756707041544,-0.6650092746793006,-0.028929441671304727,0.6239144607905419,-0.9513503998155621,-0.1582987135318423,0.513114204866932,-1.2120203648043,-0.2733125386651251,0.1673390505789778,-0.9774497237360236,-0.41022728205208403,0.9839144348586204,-0.5961626719227913,-0.5374714217450979,0.8205030586958112,-0.5086997800880537,-0.5318498287854174,0.5472517865772781,-0.6069409998896497,-0.54176800566219,6.485535586672032e-17,-0.8231679209283288,-0.5677980045355328,0.8986924934350728,-0.35572863568564633,-0.6962272752936881,0.7091125183321592,-0.32968858434089504,-0.6085315243298012,0.48259083435145045,-0.45251492444257196,-0.5810568034685897,-0.04683631948491896,-0.5825180226677064,-0.6809615331496324,0.8073327047609314,-0.16457027627320844,-0.7421098838006335,0.6048113388837474,-0.1779540807128811,-0.5562928280159125,0.35813550520656523,-0.32290486450892264,-0.46591621149921597,-0.027514356630537015,-0.32451892741760546,-0.7913309082087125,0.6315510784866643,-0.026240588200630664,-0.8119147228090902,0.43941112312633335,-0.07264547999617596,-0.6830192179290963,0.17614220549935639,-0.22593955916497224,-0.6105064202344009
10,0.0,0.0,0.0,0.308552854444188,-0.2978003311946119,0.14187944785338893,0.5362483418316158,-0.6267196346841046,0.01906237961978378,0.5744711683368889,-0.8893309175832457,-0.12412809742495548,0.4619922631971854,-1.1316690285899178,-0.25298087308031986,0.1662759097667992,-0.9319588947444175,-0.4401022777144641,0.9139185240035387,-0.5634630810043707,-0.57593368793443,0.7733646437858668,-0.4616902820361479,-0.5617920788336227,0.5235638432479709,-0.5494766792923172,-0.5626842754672919,-3.9483967150221765e-17,-0.7820018273791003,-0.6232761362155204,0.8408342201183823,-0.32698978953478497,-0.7451250413812142,0.6882050875969064,-0.28990003672069814,-0.6255062415355344,0.4802081883252434,-0.4070330222164777,-0.5777002026892561,-0.045198651785202486,-0.5423478892081322,-0.7563020546664878,0.7563493703719077,-0.15294273276883794,-0.8070055161516584,0.5978149653163956,-0.14021631993249806,-0.5805075705984566,0.3779810319858715,-0.2620213980916354,-0.46529578730002097,-0.017450073229984167,-0.2843807387482773,-0.881671628888739,0.6052364553607622,-0.01855939337612696,-0.8927682256547695,0.4614988569981972,-0.0352970937998417,-0.7349331120631363,0.23462696726185572,-0.15280309262483174,-0.6424388850896666
10,0.0,0.0,0.0,0.37629775456476794,-0.246818656147604,0.00924067347968315,0.5380651487956531,-0.6203302874287977,-0.13296595806092626,0.5259393314958059,-0.9293808700280674,-0.26830290760616093,0.5001258516303253,-1.2434043063988898,-0.38464451853624115,0.2042750053215371,-0.9866983359358821,-0.43159506263107755,0.9734416012001768,-0.3817291905967915,-0.6337902881089662,0.879106043121091,-0.2811443658211973,-0.6952197833448905,0.6659116406198213,-0.38681788508832604,-0.7438024219000983,1.0973245333865458e-16,-0.8264971042150165,-0.5629409709056465,0.9442774101449822,-0.08845311125789795,-0.8021568280136341,0.7505569543863757,-0.039629484371735677,-0.7583874090678899,0.506640009873249,-0.22811368881064295,-0.7393258478275262,-0.08874046222792581,-0.5722838450391101,-0.6678972129258252,0.7752149605015902,0.09017436765300213,-0.8313552737541289,0.5877475701445716,0.09693532129222394,-0.6634101727293292,0.3298165572478132,-0.1036561959062504,-0.5580136882846055,-0.11499822997903617,-0.29502173317368924,-0.7747496859915056,0.532956461921725,0.18014205424813548,-0.8692844181584021,0.3991013051924737,0.1506259745252815,-0.7709675126324951,0.15546194494984425,-0.0429738775007409,-0.6998784502345455
10,0.0,0.0,0.0,0.30285917553378944,-0.3170856744699431,0.029373076741366785,0.45021424908812946,-0.7098565696115772,-0.10927261193772143,0.43601078497529927,-1.0215497299057754,-0.24681166041410194,0.3779912864416365,-1.32525788543592,-0.36562483190541223,0.15674378944872308,-1.0055845653540514,-0.4196828908123768,0.9551060842343175,-0.5010896681265756,-0.6078664202669137,0.8693797343875438,-0.3800316973647431,-0.6597677095870758,0.6439907131843503,-0.4684972145886431,-0.7041995784439745,-4.1252711413565715e-17,-0.8285334190521101,-0.559939615953203,0.944784121978623,-0.19377958255225464,-0.7719756855764885,0.7813816845187288,-0.11808660109770713,-0.7241232763398906,0.5385675769328372,-0.2782449807574604,-0.7090265339036514,-0.044401470502811714,-0.5589930470448754,-0.6706247492116276,0.816245478046638,0.00891262759360789,-0.8068416626462848,0.6535583730371847,0.04313361278719295,-0.6413061263782652,0.39062359438472444,-0.12734613105376616,-0.546065084494974,-0.027486578311428287,-0.26697215618496606,-0.7820435614772123,0.6243234572423687,0.1364298276609865,-0.8558076342445202,0.49623834128871674,0.12289038991051864,-0.7544569557482108,0.24495429232572608,-0.046167661235681834,-0.6872151092763495
10,0.0,0.0,0.0,0.22655043127137334,-0.37512465616267565,0.041823020384310766,0.3854559759619778,-0.7872003338454253,-0.08789739776401174,0.3755665568241844,-1.1136677603215843,-0.2190873893047715,0.26042328534159415,-1.41308073018743,-0.33013980696597456,0.09347699078486467,-1.0393485707882086,-0.4002926168909091,0.9458037124435816,-0.6114926314165129,-0.5690501905275487,0.8508480913951367,-0.4721231140130274,-0.6045556907649282,0.6044721446715381,-0.5392895719723078,-0.6395200523239034,2.6538645667813308e-17,-0.8391090328940399,-0.5439632624687339,0.9685777698074878,-0.30150767806326356,-0.7326999572665301,0.7962862585044829,-0.23181412978840696,-0.6791556364207756,0.5411695466617553,-0.36919502284070144,-0.6632876462954441,0.0010009934163878334,-0.5563762783063911,-0.6555886997170273,0.8910871465148613,-0.07737073159808115,-0.767470815934859,0.7067430451281327,-0.04711845107354894,-0.6014280983136034,0.4317386367853681,-0.1912539759099203,-0.5107658228725213,0.05433112574817081,-0.25478335281313874,-0.7680558013223222,0.7381302607901107,0.08756783733423676,-0.8236585327014626,0.5843067778844854,0.07432888696532003,-0.7178103177563065,0.32457870126440164,-0.07010633090172015,-0.6505142380742547
10,0.0,0.0,0.0,0.17029887154487622,-0.4206425242347575,0.0916993061993144,0.3161757128767533,-0.8440488633168819,-0.015206847492544782,0.30620149700462773,-1.1672183603876476,-0.1328177833743477,0.16063023908951646,-1.4337639344193167,-0.23154725839306511,0.04762062177151145,-1.0700858376870939,-0.3476716281915457,0.9129618900849021,-0.7260483962740905,-0.49066740633658884,0.7830647069508935,-0.6077653617232712,-0.5117099264252657,0.5059350226611464,-0.667458538890719,-0.5387408133013797,9.182522254226866e-17,-0.8590611498091546,-0.51187297339142,0.9581854464159888,-0.4414638708404244,-0.6725925848022842,0.7747785644126667,-0.3837298202046024,-0.611600376999446,0.5115419763985137,-0.4971474061800451,-0.5943243315496267,0.042236227753191025,-0.5716096178672673,-0.6388762421461176,0.9353379619238062,-0.20562145597610906,-0.7238816629229708,0.7316790939438143,-0.1824685075289746,-0.5496870639495937,0.4432809367551199,-0.300388943360731,-0.4595536570368686,0.1322924412029037,-0.274188040197503,-0.7637845327489019,0.8285034628657815,-0.00788088611262853,-0.7970244993141108,0.6366147906126783,-0.028264622721681232,-0.6804317671137293,0.34894447932633915,-0.16083613270793046,-0.6103697761480934
10,0.0,0.0,0.0,0.1536995789802765,-0.42699035350236264,0.09388684573533647,0.29128272194336263,-0.861773074023803,-0.009656020748276501,0.28314162086795,-1.1942533195924092,-0.12439881160608944,0.11097510303076345,-1.472133171183401,-0.22026766695641128,0.034980211675401336,-1.0816082275479466,-0.3411723984825071,0.8713113416877962,-0.7566593416264871,-0.4722494588269051,0.760806675753593,-0.6274263444480093,-0.4830021734750273,0.496598003114759,-0.6745570900987174,-0.5030136318229653,8.594033618500078e-17,-0.8642712990798223,-0.5030259651219569,0.9194199747774041,-0.46752401168457913,-0.6461091316460897,0.7593527970714966,-0.4019629999285203,-0.5784999086466013,0.5102593186126104,-0.5011612335504401,-0.5580029668019931,0.05558746634457487,-0.5668918596162152,-0.6270662777439578,0.9184612666781681,-0.22484276123497782,-0.6965003484760633,0.734956410721781,-0.1964166340025308,-0.5197850764653549,0.4623907849767572,-0.3026697698840226,-0.43037050076232597,0.16071342256668814,-0.2606250186063471,-0.749197972303827,0.8368068736857928,-0.015084135977670861,-0.7705323371413304,0.6552127676875166,-0.034511242402526086,-0.6497219073007062,0.37954323100229814,-0.15854521330650598,-0.5784446490602102
10,0.0,0.0,0.0,0.11839162827627825,-0.44344564332946595,0.10307808157545512,0.2350156538370031,-0.8914329688292614,0.0036476557331808043,0.2243211913865195,-1.2310907667137239,-0.11040680816639173,0.04890109554339101,-1.515787581975714,-0.20599594471824223,0.016500167179799918,-1.0953113928582991,-0.32702348587951746,0.8313438924867815,-0.7716941466878167,-0.4514661388785077,0.7288776675937677,-0.6397572454385101,-0.4564046857199214,0.46996465238529717,-0.6836667418883482,-0.4724926503744852,2.4740273877885134e-17,-0.8702357339595687,-0.49263553195019405,0.8967143322405003,-0.4743782514195697,-0.6283028390091868,0.7476448518582959,-0.40963104857514077,-0.5592215507177426,0.5024658138275434,-0.5064979001061485,-0.5377851204704938,0.06543227759850014,-0.5670751717967005,-0.6199065134584879,0.9054384877397726,-0.2293666745741846,-0.683495278543537,0.7293891796947207,-0.1991829660725181,-0.5062608558531815,0.4620683697825398,-0.3021050002841316,-0.4170989340807926,0.17458962540965997,-0.25656669288567385,-0.7448830666239572,0.8308037381535504,-0.02108684921753863,-0.7622427614384739,0.6613260159805526,-0.035220088278988475,-0.6392597312264442,0.39702891414088715,-0.15022666404715412,-0.5668294399994535
10,0.0,0.0,0.0,0.09440769232880612,-0.44753715326736193,0.09992585950861811,0.17941959054654014,-0.9129018337423054,-0.003995279813022136,0.1461474185874537,-1.2692775426770284,-0.12375564496018696,-0.03929648704510203,-1.5820419636333976,-0.22475821865816273,-0.007776948482335451,-1.1065931941878966,-0.32312737143753506,0.8208165562839589,-0.8110914391245768,-0.44382747032415076,0.7249106555256727,-0.6733986953148866,-0.4448704229343758,0.4609904892674569,-0.7130416406063169,-0.45962564702582376,6.193398658576161e-17,-0.8720115723104227,-0.4894852579564622,0.9291282342624033,-0.5096896887302884,-0.626640815611236,0.7773555896871628,-0.4387535695200172,-0.5582194553773488,0.5194669782531911,-0.5307000968868262,-0.5355841763949855,0.09086386811516413,-0.5625351380586835,-0.6173566988289984,0.9583717756896273,-0.2519149522619215,-0.6822682485567274,0.7797619727425723,-0.2117999128943718,-0.5041413055727046,0.5001094704722128,-0.30634186376366646,-0.41290534686596425,0.22154689668090627,-0.24407196038634008,-0.7430241865328508,0.8919341084774325,-0.029052776560767827,-0.7616947148202209,0.7242354873837676,-0.03051342286689907,-0.6374158597561376,0.4573454748112834,-0.12954571173537854,-0.562759543019359
10,0.0,0.0,0.0,0.04538405437592823,-0.4612539565945255,0.08460718279022045,0.11068396592125129,-0.9482648985187981,-0.024028335623277098,0.06320809087722525,-1.3209395900257779,-0.14814284268465117,-0.14138048726000557,-1.6315610087522106,-0.25173316494750597,-0.03505914529891039,-1.123383451895558,-0.31564065141162145,0.7912410281085321,-0.8489554480347156,-0.4414661816096402,0.69015800421059,-0.7164931434819731,-0.4454166878287896,0.42344270969631953,-0.7588816549271801,-0.46050095784223116,1.094858936033178e-16,-0.8790476912158216,-0.47673384248250456,0.9339100247491089,-0.5399083441490283,-0.6215940661748015,0.7777132945377171,-0.46079948501674706,-0.5572740051141293,0.5135905918670576,-0.5486535235270343,-0.5324964453314736,0.10703765969905796,-0.5622788311835086,-0.6028258727859096,0.9794774670338107,-0.27195445705056703,-0.6756225980958788,0.7992948857761479,-0.2158844391170838,-0.4987582435390559,0.514010964196966,-0.3014604169585174,-0.4029236142104336,0.24919497416724068,-0.2360829622327491,-0.7292308607573132,0.9254930257965575,-0.028732407252795262,-0.7448237231792645,0.7623157729673836,-0.012867413709589423,-0.6171028650817931,0.4980284257665793,-0.09863617175235345,-0.5383891507042519
10,0.0,0.0,0.0,0.02083646912843702,-0.47078129810040875,0.07794922640622227,0.050199096922911454,-0.9871768686243041,-0.044768121078068754,-0.03432925523999248,-1.3847652382569555,-0.18125344756589848,-0.2792295320266146,-1.7211289580903628,-0.29537091071461924,-0.06450738015057321,-1.1267767414013095,-0.35597994123413357,0.779995955962563,-0.8905084093216108,-0.4859695110537267,0.6913739094671663,-0.7417029265310369,-0.4820763975901541,0.42830969742069885,-0.7684324074268631,-0.49077789838698316,1.0201678035586675e-16,-0.8559362492929283,-0.5170813641452898,0.9482064444245205,-0.5618714388788487,-0.662487607342048,0.7965260100630944,-0.4744218769735977,-0.5824102549532524,0.5273761309084929,-0.5488240690779553,-0.5460918759042231,0.13126205187758386,-0.521759538745413,-0.6414946624516714,1.0064188764699318,-0.28715302071613824,-0.7094951291135373,0.8335221362716753,-0.22039704460389553,-0.5124722792015659,0.5433727548364475,-0.2920021073118413,-0.40320939509449844,0.29563807550418997,-0.18554910212512155,-0.7668100975363579,0.9695882279879772,-0.032762269218648186,-0.7734902661248261,0.8156376438293594,-0.002862897348516802,-0.6294012070385185,0.5561177760691263,-0.0646221754761055,-0.5394909960188838
10,0.0,0.0,0.0,-0.0015082252268667357,-0.5004146001331441,0.08499313410335553,0.01707233712368278,-1.0484245954714961,-0.05200371815429891,-0.0970116336224192,-1.4647473028524676,-0.2053695224567882,-0.3766008065030451,-1.8190892539796493,-0.33586743236466843,-0.08163785522257444,-1.1289139495968377,-0.39642844344300865,0.768891148527137,-0.9301653422852534,-0.5414961303393998,0.6764089013930935,-0.780946946718797,-0.533757326130313,0.41331237885458166,-0.7956921255314968,-0.5363588525298962,1.0962086370896306e-16,-0.8249107351910856,-0.565263017511762,0.9626033063382867,-0.5737445664203963,-0.7246963498396631,0.7928564393654336,-0.4881762630340902,-0.6319244496172937,0.510048307044698,-0.5503372413769889,-0.5812414057742069,0.14555487265600545,-0.47088010126756413,-0.6947401815234653,1.0271906985860795,-0.2824351012873208,-0.7664923246842652,0.8424992725719833,-0.22038588122316533,-0.5485623819750157,0.5426180290810902,-0.2868148949210391,-0.4222930373352596,0.322978362402352,-0.12228503630321214,-0.8252168346111765,1.0035017906694923,-0.009029387261780665,-0.8263413093842195,0.8389350454406866,0.016619619516630525,-0.6646283207669001,0.5717198710627392,-0.037588288538329906,-0.5614036600807907
10,0.0,0.0,0.0,-0.04713172030601183,-0.5196905637991146,0.06629077210596758,-0.04995337614021228,-1.0908028139371955,-0.07711116247288075,-0.19274123366429644,-1.5277304299340115,-0.23142978688349433,-0.5162679361377472,-1.8982833162454382,-0.36140650087462095,-0.1136966064338518,-1.1462426335730156,-0.4200193626677641,0.7458885220896158,-0.9833198946238744,-0.5697471598362807,0.6467127460745664,-0.840186098463118,-0.556948542627017,0.3783626836337019,-0.8405699227364601,-0.5537626503985108,9.126586017223009e-18,-0.8144321177960936,-0.5802588435363738,0.9521544068682312,-0.6168830254596479,-0.7377329387491773,0.7604927489877049,-0.5364467216054577,-0.6342257852186626,0.469046579593205,-0.5884982732329669,-0.5736530481076978,0.1662177869598458,-0.44555364228187777,-0.7033650176862157,1.028177712321342,-0.3121161989662438,-0.7749167918378247,0.8291533815534107,-0.25462727810923563,-0.5497264291592566,0.5264332649965435,-0.3125555705914467,-0.4159847460751727,0.35814665798098866,-0.08851762509076849,-0.8293421275834637,1.0190182187973424,-0.02592415594920073,-0.8336712859857223,0.8474520157067399,-0.0017761346326480884,-0.6685505591158014,0.5851561724939103,-0.04079143118819366,-0.5596934690378721
10,0.0,0.0,0.0,-0.08367838324350094,-0.5166195715067998,0.07866003992708193,-0.12380300595440372,-1.102016977889261,-0.06419591823947685,-0.29320294741527153,-1.5591031060295502,-0.2205000263149921,-0.6337551640124428,-1.9330040377514044,-0.3540848822496235,-0.14628009857014954,-1.1399529907897459,-0.43506389885772184,0.7033145429984847,-1.0287936191119473,-0.5634206114873372,0.6110658339634649,-0.875211836222278,-0.5240591221998154,0.3341541551826433,-0.8758851066033995,-0.5041870897945835,8.672356105818201e-17,-0.8035835832209668,-0.5951919226415554,0.9199763442789926,-0.6669969434392437,-0.728394113320508,0.763402528070163,-0.5671076668841862,-0.599317116013361,0.47878805533466456,-0.6004539876257635,-0.5209562090309223,0.20201962161199657,-0.4286799358197326,-0.7132531048589459,1.0241477796709546,-0.34763456288196726,-0.7612368333509848,0.8547848547068432,-0.2665977540741223,-0.5224006368936639,0.548196352179478,-0.3137600587970148,-0.38145756195011155,0.4267766478084248,-0.06374668318759566,-0.8329720545205943,1.050846550289189,-0.040288965416760095,-0.8178567544880982,0.8831567268728171,0.002836673366772599,-0.6437088879214642,0.6088253617014606,-0.02602282311615996,-0.5299084852410406
10,0.0,0.0,0.0,-0.13274566403048269,-0.5318644577851548,0.09106967404134578,-0.21627235120800828,-1.1359202578958743,-0.0470268258008023,-0.42195191377602204,-1.598724099604349,-0.20110726940562937,-0.7859899966919419,-1.9517692943312177,-0.33306421538189873,-0.1863484798751511,-1.152307969249033,-0.42629566976276456,0.6303302140357262,-1.1116719099527832,-0.5474318790999042,0.543509178617105,-0.9538373398232284,-0.49731556981846237,0.2652411180778653,-0.9391366782537099,-0.468750049912701,3.616032359396138e-17,-0.8075608896462868,-0.5897842058869479,0.8793874150138974,-0.7478894800961436,-0.7151725480846362,0.7266493570992066,-0.6317439674402303,-0.5721658908800572,0.43698103932232096,-0.6449856892854647,-0.4802253232113061,0.23217978650402832,-0.42654532586878224,-0.7104530443415639,1.0060780974324255,-0.4232624603781709,-0.749139558165654,0.8464101177731549,-0.32417883782040424,-0.5001799490709594,0.540483672002975,-0.3488460750878852,-0.35017282978250946,0.4805278645267725,-0.05445617563831385,-0.8319084139072614,1.0756201621147636,-0.08017792425434296,-0.8053847765991353,0.9035743107632332,-0.03035119894641958,-0.6232672212131911,0.6263994126216026,-0.04845585813923951,-0.5028344689225327
10,0.0,0.0,0.0,-0.1928714079373311,-0.5496183596656382,0.07666416956335871,-0.33347611227224067,-1.1930697066837892,-0.07045772582997492,-0.5893106645692562,-1.6729532655716577,-0.23281331190631374,-0.9957076246114926,-2.0219212834427163,-0.3724455648284519,-0.24988612865592802,-1.1718308178047088,-0.43770500932049006,0.5423675197537998,-1.2051436788445706,-0.5601176808033812,0.4669503256790174,-1.052295870449655,-0.5067561860830472,0.19517082087498058,-1.0205796489953005,-0.47278881685096336,1.1079278542276704e-17,-0.8056896351927195,-0.5923379202305241,0.8464148115550143,-0.8322309496838796,-0.7138326707416163,0.684705663699921,-0.714234253484997,-0.5663753165325338,0.38724874416415334,-0.6964901963693797,-0.4681839055314314,0.28493735136950965,-0.41777983053899853,-0.7057844124599012,1.0139669000741858,-0.5025103350063912,-0.7350188187635757,0.8516997912274913,-0.39718696709049345,-0.4827357295637216,0.5473663385794857,-0.39065957702391774,-0.3295198329042559,0.5735984250749698,-0.04722866208537462,-0.8224517946472637,1.1337281901782785,-0.15328964562117817,-0.7826640037981161,0.9640587867193228,-0.09328164705892278,-0.5952549676136554,0.7000122959634555,-0.07532759850726335,-0.4717954368953616
10,0.0,0.0,0.0,-0.28124924222891734,-0.5695601400023741,0.04902021320787917,-0.49200326743926315,-1.2445921009500212,-0.1056667893968908,-0.8056002311817478,-1.7305113202430882,-0.271571731400901,-1.244165980936375,-2.057510753899203,-0.4147905166498908,-0.3342309880284238,-1.1922905721450205,-0.4529725826335539,0.42219284425752607,-1.2971716586204671,-0.5820199715978662,0.3331463039929799,-1.167635437882602,-0.5301755659756623,0.05922143334283605,-1.1379179292121007,-0.492781346968441,1.922234184918255e-18,-0.8077258150956711,-0.5895583157144282,0.7813859900385456,-0.9379586037068185,-0.7187876155498752,0.5984958034915949,-0.823849562509697,-0.5741140490411402,0.3072651839702061,-0.780396905498439,-0.4702937533704156,0.3454113851027435,-0.4236121529903051,-0.6880752617020045,0.9970123400140762,-0.5960538699084778,-0.7210188051226007,0.8166933285845906,-0.4930736437383477,-0.47230493530233014,0.5232241359137448,-0.4580639068311302,-0.31465267592770996,0.6744016393634701,-0.06733189956741495,-0.7928277000785644,1.1604833407095558,-0.24741577519881744,-0.7492754826171373,0.9896660618135531,-0.17665552163991094,-0.5621432830366981,0.7534014722694623,-0.12456821005691145,-0.43547860379353326
10,0.0,0.0,0.0,-0.3475641601796017,-0.5805058200140166,0.02783281660426876,-0.6107563556213137,-1.272810762824136,-0.1416689720647172,-0.954058826153565,-1.7690696945960105,-0.3205502015958904,-1.376066192517678,-2.0823489489950946,-0.47713723361960847,-0.3762990557937036,-1.1915042254045531,-0.49114312546189837,0.28654954216393713,-1.3527290622394903,-0.6307857110236457,0.20812973375145308,-1.2256087415342638,-0.5732767732542221,-0.05181864160386175,-1.1773965180783723,-0.5236038840447292,3.0065794631809046e-17,-0.7888749668391783,-0.6145537297051292,0.6850277299663275,-1.0016815479140044,-0.745090538863729,0.5269593444021037,-0.878841587457562,-0.5863195555311678,0.25308314505037843,-0.8046879509247215,-0.4661455800409518,0.3714905542323135,-0.40157218057239186,-0.7036621180323654,0.927442671059619,-0.6456205936252314,-0.7374387234204111,0.7731714835795092,-0.5356910370201313,-0.4819332658434629,0.5126357050850786,-0.46906738097935263,-0.3145334975405023,0.7165389149387885,-0.05117641530402833,-0.8009556997349947,1.1317862981267492,-0.2913770339389057,-0.755624498154263,0.985918447828062,-0.21030903185003286,-0.5644944121403696,0.7808396115905626,-0.12533974633892847,-0.4311709011127516
10,0.0,0.0,0.0,-0.4670941450428569,-0.5671930647215113,0.03139472017197486,-0.8272972018148417,-1.218954904825103,-0.1296524047422715,-1.2465282191209721,-1.6897499895649573,-0.30164768721087387,-1.6995184901360367,-1.9636575888934371,-0.45219961185172125,-0.4598508056210803,-1.1736962895902552,-0.46277662522426566,0.08252526012609009,-1.4726365208996464,-0.5710213630063341,-0.03916807605075165,-1.3204749195005578,-0.49251114468656815,-0.30253163584723464,-1.204848456645987,-0.430358371168394,3.047136640088379e-17,-0.8166675309547748,-0.5771084333851239,0.5117480441704645,-1.166132071730606,-0.6719653997989326,0.34384744485951096,-1.0345284380788802,-0.5101627920580184,0.11440516495328838,-0.9127482730004487,-0.39220559238670655,0.43625185615019374,-0.4743108527261301,-0.6566215670812109,0.8146442342058693,-0.8356750345323984,-0.6585007210842663,0.6600228780047852,-0.7222443042385541,-0.4156837264558187,0.4565021381001592,-0.6071684640856958,-0.2619132813657389,0.8211531711942349,-0.17119953010768002,-0.7436270511103569,1.075307997771761,-0.5050524981101118,-0.6739359710340977,0.943940582308714,-0.41173689793863383,-0.48847610889441745,0.8107252607991885,-0.2815046385558444,-0.3625688537070698
10,0.0,0.0,0.0,-0.5492356827822062,-0.599680859884066,0.04169742273789724,-0.9681027110952033,-1.227951255343486,-0.11819473093717996,-1.406988271931092,-1.6679916202168652,-0.2902011447767026,-1.8684400754107833,-1.8966749757744903,-0.44153633964794664,-0.5100478360551607,-1.1420193312775633,-0.4805697127446384,-0.028932475776981686,-1.5099603016068788,-0.5803630122154272,-0.18618034529316724,-1.3812601773209976,-0.486846702016742,-0.4375299295067894,-1.253203479448768,-0.41244995449798216,-6.217272458011505e-17,-0.8009391984728284,-0.5987456892117917,0.42236976533870635,-1.233332200790105,-0.675600846862913,0.23120088014017354,-1.125618164353424,-0.4974720408584383,0.03924234347633285,-0.9825911262765606,-0.37095773786674874,0.47580080730183777,-0.4782218469367796,-0.6796106328469227,0.757743289301282,-0.9210600733516111,-0.6638527414316782,0.5881852008290303,-0.8244974323843679,-0.4110934821562571,0.42745769423671837,-0.6870901832515456,-0.25338995212984133,0.8790310500261276,-0.20123250510479485,-0.7666410539225805,1.0651471559155061,-0.5979157883099876,-0.6845615644126627,0.9214325462675083,-0.5210928403151094,-0.4912905530314848,0.8253766556303862,-0.3767101603699687,-0.3611986935008135
10,0.0,0.0,0.0,-0.6083932177340426,-0.6362075699866567,0.059947248347431724,-1.0383174408110585,-1.2352499671508426,-0.07819583246915018,-1.465926107065273,-1.6781633929757216,-0.22522588643976618,-1.910168014171186,-1.9208742185130463,-0.35119993525337606,-0.5256638434528167,-1.1537505977003144,-0.4637612241014403,-0.1728090519446907,-1.5898417153344149,-0.5114810404357307,-0.30949551652681406,-1.4539287542836994,-0.37701045052797744,-0.48712722786720425,-1.2890907423813625,-0.27856997515502235,-1.5877752483237596e-17,-0.8242064951211175,-0.5662893724944549,0.2803369737894426,-1.303064422653228,-0.5859216183205422,0.1206550995113322,-1.20500000353887,-0.37827727432927616,0.003517510288795561,-1.0402870048047181,-0.23888523773315384,0.47797491975448053,-0.5109347503081859,-0.6266043889351246,0.6339298865002441,-0.9875323872573247,-0.5632628452980266,0.4843005135047787,-0.9016550491095645,-0.30846316292910636,0.3845394126912024,-0.7549529877110792,-0.1563114015230788,0.8628558322111007,-0.24997665673239045,-0.6886192287997734,0.9469315135858596,-0.6794424768388007,-0.5758698143063697,0.8101250076491472,-0.6118653704647804,-0.38471870248693735,0.7583179224562161,-0.4664392987021056,-0.2592636218416831
10,0.0,0.0,0.0,-0.7083481916937984,-0.6341116960442454,0.011597493307277117,-1.1834863149316965,-1.1949944846889997,-0.1277440635628435,-1.6448234847908563,-1.603321911710021,-0.2660392184387117,-2.1008827752837345,-1.7698922408200355,-0.3772276057094175,-0.5638634418448681,-1.1284182906717155,-0.4768021959754117,-0.4327553929721163,-1.7019324661201225,-0.5164635235661534,-0.5776422268644056,-1.543962541606157,-0.35808184291482925,-0.6471283954856789,-1.3056178424578853,-0.23747670433679857,4.04739244440131e-17,-0.8364863304418527,-0.5479877909077202,0.07770519245213946,-1.445818164871793,-0.5854788327020077,-0.09039222974603171,-1.3119830498960086,-0.3672696630068091,-0.12553797147253193,-1.0936141364920045,-0.20113268442580207,0.4984915693038319,-0.5599269245300297,-0.5834272578216747,0.4873092933369114,-1.1302350242836205,-0.5387485276663052,0.3173438258052166,-1.0300078329464555,-0.28769221045819515,0.28388192675454316,-0.8517699341902281,-0.12056071251379885,0.8807697974259314,-0.33531143858237633,-0.6237470682398815,0.8478951497250883,-0.82177033387152,-0.5156207181204773,0.6920570029007607,-0.7580854310004429,-0.3313677860562103,0.6878456735297308,-0.602588162474564,-0.2014415404729598
10,0.0,0.0,0.0,-0.7612872246541003,-0.5333570549505702,-0.02606316557525358,-1.280765835659252,-0.988980321260514,-0.1841830426455656,-1.7691665902595164,-1.3156341308381498,-0.3250657131609095,-2.232438960334356,-1.4089573107100437,-0.4379608465381779,-0.5945906336878284,-0.9812209974973939,-0.5987850267226702,-0.6673791037555585,-1.6434581445648544,-0.6361269480993702,-0.7800008279534323,-1.4709326681107766,-0.46243938270537144,-0.7706160647010701,-1.201344824336103,-0.33090018175815794,7.925864095901461e-17,-0.7724605800278668,-0.6350627152518179,-0.13906862398343164,-1.4720733118197527,-0.6714749480845563,-0.27580772521708036,-1.3259238479140663,-0.433909667181658,-0.24196328010805446,-1.0844731104290568,-0.25609619891775676,0.49880964736558925,-0.5923429848661239,-0.6287331509040317,0.2972521159362372,-1.2163853178184811,-0.5773951586449866,0.14891391248241417,-1.103813285427446,-0.3228955040986027,0.172505144330916,-0.911450594717351,-0.15619919183250072,0.8607445775630405,-0.4607345951033187,-0.6268904081937366,0.6710825590257236,-0.9744389988407459,-0.51411620201913,0.532097874954311,-0.8941924551431231,-0.3342800039305358,0.5830606733172145,-0.7174778463607651,-0.20845123527104947
10,0.0,0.0,0.0,-0.7371612002245482,-0.40273739870826003,-0.15061982610777502,-1.2545239109756727,-0.7299046220180683,-0.37128964544583815,-1.693998514625455,-0.9450359781910003,-0.5470916037103623,-2.095709263343504,-0.9514092061509583,-0.6920993760766474,-0.5733099380988074,-0.7571809200112037,-0.7879337991113913,-0.8387037589073265,-1.463795763458515,-0.8733414101600161,-0.9341622392534268,-1.2660096175615658,-0.7197952260309987,-0.8437012530448316,-0.9829372447041952,-0.5977910935372259,7.929426381675449e-17,-0.6409352239909782,-0.7675949704418563,-0.3593714684742741,-1.3987359709322194,-0.8579650394875156,-0.48112341014156207,-1.2402067866680981,-0.633115144580952,-0.3777189772615968,-0.9837008901385331,-0.45909976536523267,0.4450104277658534,-0.5522531466916688,-0.7095696040536152,0.06106340617873134,-1.2193395301963061,-0.7101223125393392,-0.0726814884370329,-1.0936496741783281,-0.47412481374797893,0.014327954192003306,-0.8879571527682077,-0.31407639611382365,0.7411462901564428,-0.4991341326415555,-0.6619455943578476,0.4384499337866212,-1.0289470083099532,-0.5962710348461657,0.3061610174620795,-0.9433516899587421,-0.4395155708922857,0.39729980114851904,-0.7566429518807826,-0.326647559093828
10,0.0,0.0,0.0,-0.6782397907164577,-0.3453981159313484,-0.19994776535026398,-1.1579635890499989,-0.613653790613927,-0.43527477230280115,-1.5594363768067794,-0.7656506423539909,-0.6115879726544935,-1.9289610706402298,-0.7223718572337355,-0.7620487711610459,-0.5349594121577249,-0.6483862103887185,-0.867694163052953,-0.7892759338308678,-1.3253333073519564,-0.9741834761988799,-0.9043689667976686,-1.1372441993306224,-0.8380922529489819,-0.8376122094271278,-0.870791114064448,-0.7260179164020703,6.303932418833363e-17,-0.5770202341720321,-0.8167298509030103,-0.40299435956325064,-1.3143403802529294,-0.9091772671671533,-0.5307857821241962,-1.1736353761953173,-0.6910927723781988,-0.4201348032516677,-0.9244512163514893,-0.5289955423843823,0.3981194857027738,-0.5254163619930761,-0.7307827928921542,-0.01878094824077269,-1.175357859096781,-0.7424067711520704,-0.14437817779883913,-1.0561532607273585,-0.5283442612363188,-0.04273366791795723,-0.8459990905408655,-0.38725019164283453,0.6550585482084715,-0.5026336576769784,-0.6564872460947688,0.33042187009919044,-0.9950569154902413,-0.6134725761546297,0.2083036106536266,-0.9148337164421574,-0.48114154829685035,0.30765891512854954,-0.7318666841528899,-0.38730000455222613
10,0.0,0.0,0.0,-0.666394919392611,-0.35491503931903756,-0.2276621810388191,-1.1279857812965572,-0.6022509564341225,-0.4767868827816402,-1.4934557545966978,-0.7295871501447576,-0.6592116516484647,-1.8334566448842344,-0.6730367192126814,-0.8172029422187422,-0.5151925705832828,-0.6137068687014066,-0.906136792207819,-0.7790093203804549,-1.2757506439346538,-1.023699142009645,-0.9039495165368676,-1.1101107593069164,-0.8991927738280937,-0.8623888105894697,-0.8650610457891831,-0.7935849147967555,4.809434550969215e-17,-0.5472364801144045,-0.8369780372458987,-0.4157336344034225,-1.2787674355218859,-0.9232894034571204,-0.5490763317047243,-1.1595093112546093,-0.7063318444057691,-0.4499798112622373,-0.9245228690002167,-0.5504385841545197,0.37248375045462523,-0.5002218470364611,-0.7351678222152742,-0.0507962613312116,-1.1543610153721142,-0.7441380416159019,-0.1816249460583129,-1.0467773145249115,-0.5391684417180712,-0.09385951011164934,-0.8463969058119014,-0.4080936111133591,0.5961625424854983,-0.48452494111572536,-0.6461109661767854,0.2845564087389537,-0.9772994725208466,-0.6083663369364746,0.155750717660157,-0.9165690861449973,-0.48630952533765265,0.23168533844217956,-0.7489083532089051,-0.40171149787593213
10,0.0,0.0,0.0,-0.6430883661105399,-0.32475621294528884,-0.2712729803880204,-1.093347512587006,-0.5481895458909983,-0.540108008025123,-1.4222056510388066,-0.6509098282702998,-0.7339206126977998,-1.7277775784716674,-0.5758555748793204,-0.9023578144278542,-0.503788833065494,-0.5502064955260833,-0.9625943396930527,-0.7642609092703829,-1.2176447844038816,-1.096010540511082,-0.8784974667966197,-1.0512294665742647,-0.9778333908333268,-0.8228880651313067,-0.8032800561020771,-0.8752923425880414,2.3469762685969948e-17,-0.48257232837493225,-0.8758561228231475,-0.41409792795558464,-1.224958193166102,-0.976520474585047,-0.5339786719643681,-1.0938801835115362,-0.7627676825939154,-0.4265952908420522,-0.8518564325305434,-0.6081526146718795,0.35296568196106687,-0.44587567503902564,-0.7594363658212036,-0.06918186495512318,-1.1039804920092224,-0.7857059319296049,-0.18782275061475182,-0.9882007882728171,-0.588532923001558,-0.09203851183204678,-0.7840912973802615,-0.4606990983158701,0.5628265969586382,-0.444592429341488,-0.6583494455524207,0.24011214303054423,-0.9458899135778956,-0.6363792883581804,0.1312743737664453,-0.8749443434696148,-0.5230985179192135,0.21883522736959143,-0.6979684640185447,-0.4432565370295079
10,0.0,0.0,0.0,-0.6471385688308848,-0.23383796120264552,-0.32690223321599304,-1.1316887285621922,-0.40463495189327864,-0.6141536481958932,-1.4527678389440766,-0.4622697243795287,-0.8139407834680109,-1.7178590392085893,-0.33218189305391466,-0.9870800870941918,-0.518929309273691,-0.460795715439881,-1.0153267265492611,-0.8361104264571427,-1.100185589722259,-1.1589710708765681,-0.9237212640481901,-0.9435685686564007,-1.0484044163372284,-0.839066024286003,-0.7096784314084753,-0.9490963618124503,4.3503647667483015e-18,-0.443306666424819,-0.8963700126082499,-0.4875239579626613,-1.1506329600978547,-0.9888394523019313,-0.5971324656508499,-1.0213739349767037,-0.7735687569317309,-0.48898154668716043,-0.7967111092342891,-0.6225517076067664,0.34596103990170235,-0.44999489030670464,-0.7537180674323721,-0.14784982348892942,-1.0633542423452989,-0.7833198527247665,-0.2683525832295648,-0.9525700729717218,-0.6000352637974183,-0.18993910379432047,-0.7723326133832771,-0.48292316889355075,0.5397694684848622,-0.4860017466579468,-0.6299461439727034,0.14726288022433143,-0.9522070827603235,-0.6169329946763397,0.04060643346771082,-0.8803529049398461,-0.516518988630716,0.1134047783260052,-0.7211980906872664,-0.44636030096750307
10,0.0,0.0,0.0,-0.6627160138994036,-0.2423535314184404,-0.3068370251771504,-1.1579138315352384,-0.3980556967594146,-0.5924574036997142,-1.4757908730395584,-0.4374139583058032,-0.7939794029347894,-1.7101621457724199,-0.2926913395896589,-0.9703681447281406,-0.5106402753062081,-0.4101610072676801,-1.0266276290646035,-0.8447626429926547,-1.0525179214446363,-1.1791275415977236,-0.927204424355761,-0.8968370470175298,-1.066529306470207,-0.8462716821537537,-0.672634911339101,-0.9637014892047953,-2.4667207602297865e-18,-0.3882381588870795,-0.9215590767736873,-0.5300222612833967,-1.1215600062759206,-1.027213696548945,-0.6207939055537486,-0.9794279024714581,-0.8018889501626254,-0.4993307367068256,-0.7515931367183469,-0.6394324696690196,0.3418890483203027,-0.4024508465287682,-0.7899549362999115,-0.1964894255719529,-1.0512578908674275,-0.8296351246360767,-0.2904605084749627,-0.9251220495841698,-0.6302537924371117,-0.18922089300556164,-0.7355696004296565,-0.4983065842264682,0.5250100473143736,-0.4537943644614703,-0.6752446362466392,0.1085501500262098,-0.9425518841428645,-0.6689238850330894,0.02520773757545219,-0.8563744376009456,-0.5595251071837961,0.1299007866490229,-0.6846974400968725,-0.4800604470595263
10,0.0,0.0,0.0,-0.6544188329661883,-0.23014213652921325,-0.2999073146924746,-1.1419104649733625,-0.3700735106697998,-0.5827093095211114,-1.4778900851057686,-0.404043258755668,-0.780740327147399,-1.7438931966314914,-0.26295285073819624,-0.954137676881822,-0.5034786351810657,-0.3742301774900101,-1.0356329034456715,-0.8721083919027837,-1.0134039888620212,-1.1843866179548728,-0.9478319080757595,-0.8670152419088637,-1.0661833574444135,-0.865760233537095,-0.6549063464203174,-0.9591013319259207,2.8183768682764894e-17,-0.3678045362844324,-0.9299031256472868,-0.5601427198965054,-1.092293849967735,-1.019092594788178,-0.6444863714818513,-0.9558278001558171,-0.776719989768372,-0.5266973741133811,-0.7360736968487653,-0.6076090936684415,0.33496207124192623,-0.39317741693805436,-0.7968122096210132,-0.2323595272988681,-1.0366094362546796,-0.825235195964709,-0.3224988602259281,-0.9160522582408762,-0.6151589446054967,-0.22698186782161914,-0.7349200169129866,-0.4798021727745522,0.5080692770750925,-0.45259112794597106,-0.6796127634861958,0.08805902964641683,-0.9377355920266198,-0.6701765081224728,0.0004864650554720006,-0.8645321083262492,-0.5565659947067014,0.08844546144123082,-0.7074354590619937,-0.47504813960225695
10,0.0,0.0,0.0,-0.6538748530776162,-0.24115934920613494,-0.29688050543325606,-1.1442526494765048,-0.38507860135293015,-0.5776622002520057,-1.4724562954541227,-0.424691328441112,-0.7724430428030231,-1.7144727904556574,-0.2888449293786482,-0.9434121779690536,-0.49464422475945885,-0.3731746902228875,-1.0400274384844244,-0.8457781405763228,-1.0123185524225977,-1.18640567938032,-0.9311946334870098,-0.8727570718768753,-1.0676236281243094,-0.8604899345752347,-0.668783208733958,-0.9606644622837132,2.131721301033009e-17,-0.35947767246706247,-0.9331536866977825,-0.5428793585162636,-1.0892270855820934,-1.014130800381548,-0.63339574210651,-0.9564082208676485,-0.7668696064594884,-0.5230842441270008,-0.7390131362708837,-0.5972533998062253,0.32778153076616606,-0.3809432204213238,-0.7981024029216546,-0.22457548263378263,-1.03681709656611,-0.8204654578497067,-0.31851385283399136,-0.9185378549253579,-0.6073401222861741,-0.22700837655650158,-0.7359352316333921,-0.47263248897470034,0.4958299553790555,-0.4373661651065696,-0.6781066442980885,0.09729779742978702,-0.9322534299479155,-0.6692308071354544,0.0028109684147809653,-0.8644278256115101,-0.5553731959222716,0.08013904813820064,-0.7087026968843406,-0.4743787736636962
10,0.0,0.0,0.0,-0.6404237866609982,-0.27670808247054374,-0.2708386921258947,-1.1289835165445532,-0.4528436172995985,-0.5432621331984088,-1.4859963091347446,-0.524493289717314,-0.7331340954694345,-1.7685301360230397,-0.4211248540214585,-0.8985488825818511,-0.47978032315121844,-0.3813460314125616,-1.0309682214714686,-0.8185149458440737,-1.0694113648240748,-1.1714212386327314,-0.9045224544707349,-0.9373794835450343,-1.0391219411379737,-0.8369418537784052,-0.717490994809964,-0.9220209967012388,3.236389069439294e-17,-0.3552478556061213,-0.9347721439405715,-0.49809370859442265,-1.1224375554741233,-1.0143786059353876,-0.597040767951883,-1.0034656780923326,-0.7550816011906133,-0.4997305889628512,-0.7819422765344531,-0.5741738071267174,0.32390158680241965,-0.3694028249491941,-0.806872059141844,-0.17302716336418242,-1.0555283755379865,-0.8254436731122776,-0.2718342914835992,-0.9528354263428064,-0.5997856572303095,-0.1924056135267031,-0.7729938649260817,-0.4541910423784439,0.495212208568918,-0.4199664607205118,-0.6915191188613163,0.1566691650299946,-0.9374775835356562,-0.6786561234093654,0.053224609167531085,-0.8840761614417624,-0.5564272240579622,0.11254147009445505,-0.7266671488478668,-0.46689772844992466
10,0.0,0.0,0.0,-0.6397644390505332,-0.2654563325645628,-0.27270237065543995,-1.1204527433493674,-0.4269586038890756,-0.5495238556177292,-1.4729758578259324,-0.49593464157902983,-0.744177507950184,-1.746754033249721,-0.4039707645527386,-0.9144134887860677,-0.4766786064990269,-0.34747896865161393,-1.0385386130513066,-0.8398966962010316,-1.0382397416524012,-1.1860965360027353,-0.9212470039400275,-0.9109625716746589,-1.055306467600816,-0.8388586094711723,-0.6912238439230978,-0.938084114090141,1.292486514729869e-17,-0.3291158900519403,-0.9442895376500362,-0.51797599032647,-1.0982837266942127,-1.0365148193057547,-0.6103916122953855,-0.9730256685118299,-0.7785701065764686,-0.4995861924250233,-0.7487094649772957,-0.5948158496429922,0.32418247845045034,-0.35170330255187204,-0.8186005862803347,-0.1910394162936943,-1.0383779058683271,-0.849631569970442,-0.2873790181490853,-0.9326550947932429,-0.6226666550524221,-0.1977983513207997,-0.7514197203310267,-0.4724664701984637,0.4935658687015073,-0.40837973554739626,-0.7051685898456724,0.1401488172657451,-0.9247712897984198,-0.7017417008330645,0.03413377159361788,-0.8660849255166828,-0.5797677216720628,0.10067058982682672,-0.7041892662538747,-0.4877185982442514
10,0.0,0.0,0.0,-0.6279090693102852,-0.3629359706516074,-0.26935755621551133,-1.1128317806225798,-0.6030495023259212,-0.5507013035860209,-1.4724423803705173,-0.7195092887242895,-0.7542934768954884,-1.7884111849231334,-0.6700329938231017,-0.9332546200393457,-0.48855096129112674,-0.41026476301887954,-1.0361085626548237,-0.7137171203279326,-1.1546761661052427,-1.1914257841154576,-0.8121553365250898,-1.0372297364579846,-1.064360872103437,-0.7695044181617723,-0.8037320656171963,-0.9490084625702875,1.223517540893057e-17,-0.3071659030808887,-0.9516559819517252,-0.37115610164550883,-1.1692284293287638,-1.057821821885554,-0.4765511563487686,-1.0487983258017524,-0.805589555833567,-0.3982273206942663,-0.7964797877786944,-0.6220799791216114,0.3446318552122832,-0.280172323490393,-0.8356641372583983,-0.04553013873205962,-1.0607119460585208,-0.8737904300798643,-0.15147786497812474,-0.9592556627907147,-0.6438176471858449,-0.08784812035269371,-0.7515038027577757,-0.48921167625021056,0.5373351254606319,-0.31470113146149054,-0.732771979562967,0.27373134209316524,-0.897077480313627,-0.7301805242209819,0.16975220292859694,-0.8496619812028239,-0.6047204167341872,0.22102808227107384,-0.6721521688757607,-0.5096244404596548
10,0.0,0.0,0.0,-0.6317776306591701,-0.4138707740215601,-0.25223758083196784,-1.1384997993886303,-0.7165856351404434,-0.5264041404868246,-1.520632077330695,-0.8797140074987827,-0.7269704628258404,-1.8556215863991177,-0.8489320102583041,-0.9023484903927105,-0.5115169219908948,-0.4606617613570673,-1.0247913940687625,-0.6523529322655709,-1.225970565692512,-1.1784793095323594,-0.7554542030672676,-1.0939327337156313,-1.0450714911663905,-0.7265202157504498,-0.8448267218925115,-0.9258944156829332,2.6810286066610482e-17,-0.30876714746978,-0.9511376601961333,-0.29430749755014546,-1.2079059655581046,-1.074161992585006,-0.39578840819332506,-1.070556122566542,-0.8246890056506938,-0.31949441562175473,-0.7944349908073274,-0.6365940656909382,0.3758340306769244,-0.24536343953604686,-0.8422020848990643,0.04356660682508643,-1.0612180091207004,-0.8905032948016715,-0.06170716167865734,-0.9530701219863154,-0.6558385268014871,-0.001229045034782706,-0.729390502348072,-0.4923884294498811,0.5994040791423627,-0.2535487710119634,-0.7453859113761803,0.35721050075150035,-0.8646558744675907,-0.7371192692318324,0.25626285301950524,-0.796298423371315,-0.602828534857272,0.31654504950916934,-0.5886690518932938,-0.5002291142221064
1,0.0,0.0,0.0,-0.38402740630365034,-0.3143996524798019,-0.0788976912836269,-0.7006901211452918,-0.7917377153825091,-0.18655093495013866,-0.729284959090199,-1.0866588310468006,-0.3216927667821804,-0.47362080288080594,-1.1098947936386363,-0.47279392488379607,-0.34025617951404674,-1.1271767750160786,-0.09415727485527063,-0.2975256975860921,-1.5155259894277104,-0.2549341116157179,-0.23046171914625319,-1.7464452911337336,-0.4120307817405752,-0.14800677273250112,-1.9346195296752895,-0.5268424840177437,6.775109165186462e-17,-0.9857723131654742,-0.1680861285067582,-0.30140338321013593,-1.0608462162041847,-0.334792544258641,-0.4327569434274355,-0.7760979266370163,-0.4161202025186856,-0.43682938726536374,-0.5419389667042179,-0.4547524903903902,0.27914326994060595,-0.7764907215349336,-0.258319614270086,-0.07895112152052326,-0.8223488583996872,-0.4208772919838921,-0.210476576573782,-0.5798524365971386,-0.4581611357636088,-0.20424271339327815,-0.3839883432329099,-0.47055484811112636,0.5195865560789533,-0.5257749240859798,-0.3693251256994128,0.19237292418128224,-0.6043116370671603,-0.4860653629156139,0.029645008381040967,-0.45766294559609894,-0.508961875192984,-0.001960265515417029,-0.3253803211033908,-0.5161390639275
1,0.0,0.0,0.0,-0.3508300141742891,-0.32263180373664624,-0.08120848512778156,-0.6301197758785214,-0.8106096878743737,-0.18165663901987644,-0.6381602248923063,-1.103504799430856,-0.3074509429513295,-0.4116318891437053,-1.125838022881731,-0.4468537414144461,-0.3097607289716891,-1.1407204038562948,-0.07378948404381384,-0.26263394803315465,-1.5160985908302247,-0.22338616123987864,-0.19106893401909353,-1.7385027778045838,-0.37255043365301616,-0.10922014830304919,-1.9185122688141294,-0.4814724183758856,1.5009805659746697e-16,-0.9901466130739072,-0.14003458365086185,-0.23652300386346592,-1.0706511663156943,-0.30159745748896954,-0.3675724926670129,-0.8092133897628478,-0.38707153488939877,-0.39353997112996136,-0.5914565217119518,-0.427598882355502,0.2566408811639878,-0.7746359773729263,-0.22279314626860405,-0.03952560195568461,-0.8273073049803724,-0.38030810992068603,-0.17131457474770584,-0.598077111248622,-0.42153258750844963,-0.18318093603373023,-0.4135798453767253,-0.4346866905733083,0.4767858999697523,-0.5222352131341843,-0.32610348725000515,0.1934404591983744,-0.5985814984826677,-0.43347106180995115,0.0353285182440315,-0.45564165969931886,-0.4553726785821936,-0.006156253367254904,-0.32918015603551953,-0.46251756012433287
1,0.0,0.0,0.0,-0.33072905474286646,-0.32796543855430277,-0.07497851548966171,-0.5900117076809898,-0.8135394521796013,-0.17143572747845603,-0.5936235733171171,-1.1044456815663863,-0.29296837767731193,-0.38427864401638906,-1.1371944857245428,-0.42709368293951794,-0.291052211340355,-1.143279937310605,-0.06673688135426473,-0.2337457672141412,-1.5171793331238446,-0.21058455055487968,-0.15850068579828924,-1.7347044739393727,-0.353000858523399,-0.0753017211076992,-1.9113314079906132,-0.4567831846225361,1.7538505262796702e-17,-0.9912179722807588,-0.1322381617673996,-0.21715415175048264,-1.072952725766772,-0.28932191407567004,-0.34249540292395375,-0.8070665964811043,-0.3686748313772753,-0.3668739727519165,-0.5889025079054536,-0.4039883418555286,0.24052742765369095,-0.7763761711664842,-0.2136398087228842,-0.029058222278869467,-0.8301610908592327,-0.3651029518164688,-0.15516476450745706,-0.5999956376444749,-0.4004681680772661,-0.16703905837203056,-0.4179322754620009,-0.4093235700651826,0.4480655743401254,-0.5253314370472278,-0.3147622386838468,0.18900320405002566,-0.599176160313365,-0.4158547615240309,0.04153033424628335,-0.45456985841800923,-0.4338871933839959,0.003968090573573101,-0.3304158276367805,-0.4381991019080278
1,0.0,0.0,0.0,-0.32445651150966937,-0.3261525709424379,-0.08005965738875875,-0.5793487958677396,-0.8132380796369727,-0.1763207208957588,-0.5825019018494386,-1.1022562975152943,-0.2962669681879911,-0.36958437130051613,-1.1212608302296494,-0.43020313986571,-0.2873777325752265,-1.1425322143797767,-0.07575119381453334,-0.23342230396777902,-1.5121244777515608,-0.22053653538993656,-0.16350560988065313,-1.7329552191433901,-0.36467232496055546,-0.08694669329189388,-1.9118764659328915,-0.469695910808564,9.589057433488488e-17,-0.9904944690988812,-0.13755255971637045,-0.21154181917827133,-1.0566040661452318,-0.2951242029214237,-0.32864805133431657,-0.7901206993582784,-0.3765026542699243,-0.35318026104297096,-0.5676951976226988,-0.41364315907088456,0.23702469769064688,-0.7728076997223637,-0.21519062615686296,-0.022692412159622803,-0.8109032705298188,-0.3667641208220778,-0.1473825160620859,-0.5908542499756194,-0.40651595899079546,-0.16837449870484594,-0.41100015250818506,-0.41899531415950836,0.43969244086585335,-0.5174340252543587,-0.3126680870046926,0.19210338991987438,-0.581332777634629,-0.4170200397118549,0.042737637343652504,-0.4517895104424542,-0.440778369028254,-0.006509867466236422,-0.33826047065186954,-0.4489102466554643
1,0.0,0.0,0.0,-0.31221751912288936,-0.3240324253629471,-0.07674389556579538,-0.5579583430662748,-0.80118621679065,-0.1738905954385092,-0.5632155323485115,-1.0893016724823346,-0.2951022294498837,-0.3735898791558118,-1.1312014439728189,-0.4283972314746582,-0.2783272533767567,-1.1397467672730148,-0.06815333861495995,-0.23448195788593998,-1.5125881580072362,-0.21113751057247068,-0.1675444208818912,-1.7332075680214143,-0.3520436743075537,-0.09386321783454583,-1.9114844203068944,-0.4542990845623572,5.06596765055487e-17,-0.9912298071154588,-0.1321494210575677,-0.20211582694285976,-1.0678558287070496,-0.28964788396562297,-0.31849079269803143,-0.7980257540519236,-0.3679681986200814,-0.34282416583493824,-0.5760899605524912,-0.4021704777849184,0.2313895313183701,-0.7761961525860755,-0.21234597133006144,-0.017109542117586786,-0.8253272795674059,-0.36309773215198826,-0.13766236573167787,-0.5987287349728477,-0.3976930878567943,-0.15275534405150623,-0.41905203001741576,-0.4061298207347885,0.4320005942723903,-0.5217968276176992,-0.3122312929949776,0.19019815121415418,-0.5959281202614163,-0.41312753422874365,0.04960749688875063,-0.4549875054501812,-0.431189267142196,0.011523333844719482,-0.3330480362048176,-0.4356246471700562
1,0.0,0.0,0.0,-0.2807175663622949,-0.31841380486071214,-0.09127020605724585,-0.5028586071249486,-0.7950898877832278,-0.19207315293702695,-0.49913285575630495,-1.0788237915464816,-0.313400060116432,-0.3173757962433251,-1.1169579090775148,-0.44670382799897673,-0.26208010813565275,-1.1411465658464846,-0.08902719892469688,-0.21257439866953845,-1.516542346710727,-0.24107571112404352,-0.1433453930911075,-1.736000867253185,-0.3837080134158841,-0.06946997056492106,-1.9125429880166183,-0.4854026256348174,1.23135005257766e-16,-0.9893524132457614,-0.14553969357116364,-0.16957369352085086,-1.052008158008361,-0.3197990179675255,-0.276421252383452,-0.7724427308954714,-0.40132068589590975,-0.30424150223749014,-0.5546597446160675,-0.4328117064865963,0.21667227630120278,-0.7740623215106094,-0.21910557612830261,0.013029236572003357,-0.8004799658907037,-0.3824755971500707,-0.1049363189506197,-0.5795076454863993,-0.4193271563898799,-0.1294900283085176,-0.41046864726743193,-0.4248725531476162,0.4034408173169399,-0.517768794790095,-0.3130316865893095,0.20327566618018222,-0.5720784481352436,-0.4227718495098774,0.06746070912113879,-0.4415999197202358,-0.4460517137339143,0.021578883594957767,-0.33742485473217954,-0.45120664754667594
1,0.0,0.0,0.0,-0.28268562079714415,-0.31331915450227354,-0.09534914821969045,-0.5126941492905389,-0.7917038306996929,-0.2003995016886347,-0.5104932219955565,-1.0766719974521526,-0.3260413462970217,-0.32412899377625964,-1.1169586770554962,-0.46526722423784284,-0.2704732133929565,-1.1407082253718326,-0.09784364972378706,-0.22641547767408574,-1.5253658792253717,-0.25370536986713343,-0.1580997858195087,-1.7514369646100012,-0.4017789738550165,-0.08606429541343437,-1.9325046660938743,-0.5076438534742604,4.151733372214361e-17,-0.9879937246531506,-0.15449401297783244,-0.17148799132791287,-1.047581718713611,-0.33492362412107984,-0.27465967338067565,-0.7632715686546444,-0.42293211891222143,-0.30277236639592586,-0.5352922108645577,-0.4585614435999717,0.22549373681710635,-0.7684226947265599,-0.22762983215598273,0.02357130249964198,-0.7895659702921288,-0.3936586443494688,-0.09614459121532468,-0.5677957056404265,-0.43463431596637697,-0.12725706918892563,-0.39328216978418734,-0.4436569190150174,0.42111517252718395,-0.5062495260148645,-0.3215324055901591,0.22331948097879442,-0.5615587835404933,-0.43301894316880285,0.0819988268073647,-0.4342364089317926,-0.4584159113387539,0.02699471550375439,-0.33019371620511134,-0.4657039092763544
1,0.0,0.0,0.0,-0.27121177582122363,-0.3074378815055786,-0.10559655399967868,-0.49250138471332844,-0.7911203576852509,-0.21175307080123087,-0.48910557574335,-1.0814982598655551,-0.33648194954656196,-0.2994911781663089,-1.1251672220610662,-0.4738582398048898,-0.26161489719239617,-1.1466625974879643,-0.10067079629445463,-0.20756332252860424,-1.529384184739782,-0.25698730844486156,-0.13636132671173945,-1.7514088017963794,-0.4015090954726628,-0.060312976034377234,-1.930039068319519,-0.5042683136301642,9.207438196095834e-17,-0.9884393342145125,-0.15161689410343207,-0.15871024841567896,-1.0553511611136046,-0.33697740339120374,-0.2602454622808691,-0.7666754760380761,-0.42302897835824316,-0.28682144587349606,-0.5479423716963391,-0.4536132548310471,0.21745680387720598,-0.7671876267159492,-0.2205681108228859,0.034715732159947686,-0.7931226020788411,-0.39155061200225266,-0.0839268337172917,-0.5728102868539835,-0.4314068417406737,-0.11530970590767554,-0.4074147265374835,-0.43594816942504866,0.40673104212996153,-0.5039842344952853,-0.31071513971584525,0.22897543333209205,-0.5556917078719044,-0.42549444899576305,0.09270324457928024,-0.43117693662618767,-0.4519707789225055,0.04045519018581636,-0.336588470829902,-0.457436950891735
1,0.0,0.0,0.0,-0.2674233944718678,-0.3149561197688356,-0.09025872199319504,-0.479169714286129,-0.7913876761695495,-0.18951015264302914,-0.4726967810539848,-1.072996234289594,-0.30976570707366896,-0.2968779622112191,-1.112087085436301,-0.44273288200034444,-0.2574004903983065,-1.1434487111417861,-0.0841595021339484,-0.21093050851457865,-1.5216401087393376,-0.23461358918197173,-0.14192943470453998,-1.7457828563687718,-0.3787544228013576,-0.0702965058314185,-1.923781222072975,-0.48194431888662953,-3.1966582722250156e-17,-0.990063010799522,-0.1406244454089895,-0.15651772842524947,-1.0468033093837557,-0.31721978228075864,-0.26134930135192314,-0.780734601047329,-0.4058385865047457,-0.2980188244391645,-0.5689747268376056,-0.44212185791560926,0.2140214385136041,-0.7715400036773653,-0.213464355724443,0.03044647752801391,-0.782164942789534,-0.3750839211581139,-0.08785418117400945,-0.5695635613073974,-0.41597443548418417,-0.12461317647348837,-0.40788315157787963,-0.424839111734767,0.39747457206289794,-0.5131112848917927,-0.3066772460251232,0.21765622577374885,-0.554354840899656,-0.4126759989820229,0.08503630824301507,-0.4254441709229247,-0.43666629793533285,0.031257971439191665,-0.3261646397161142,-0.44334074502647575
1,0.0,0.0,0.0,-0.25103663975062274,-0.3060325186429496,-0.0927320607680686,-0.4498756446821703,-0.7770360622600764,-0.19038479387770113,-0.4369156608477087,-1.058320859625018,-0.30770778870410737,-0.2692723378084797,-1.107467615874501,-0.4373568123656929,-0.2470517778087873,-1.143885259737934,-0.08625837194098131,-0.2068375482093288,-1.5261665696058022,-0.23545368655835014,-0.14181949033716088,-1.754498931397018,-0.37686592134732577,-0.07336919414870825,-1.9363166386672015,-0.47745718062092957,2.10516094308413e-18,-0.990092154639203,-0.14041910597173218,-0.15256204986005048,-1.057261806165684,-0.3195593577842805,-0.2470899016651983,-0.7841275995067931,-0.4068117765335844,-0.2755889268746673,-0.5718675126101617,-0.43970573646501726,0.20690753500557815,-0.7719364843297732,-0.21097320404351438,0.036916244048010756,-0.7931954985702203,-0.3722491081554803,-0.07283255027000182,-0.5785032086615343,-0.41017214844956884,-0.10385835401670455,-0.4151060180459477,-0.41553930132118705,0.3878274198264265,-0.5129701118211832,-0.3020133274246375,0.2325334805454107,-0.5636088367805229,-0.4059624826611437,0.11072316043044259,-0.43538768920948345,-0.427723844125586,0.06204146763168783,-0.336042735789949,-0.43205739149872535
1,0.0,0.0,0.0,-0.24214410214230664,-0.30511422927422466,-0.09704977537998914,-0.4342066330489185,-0.7847941124034367,-0.19294212011997658,-0.41654507827593634,-1.067398659250725,-0.3093824472190833,-0.2442294953734238,-1.1178940138722149,-0.43811858883712745,-0.241632119860405,-1.1522251956606544,-0.06901550658077173,-0.19726415830752225,-1.5295659138047517,-0.21647697327858004,-0.13085731469982312,-1.7568528122033673,-0.3590164979473198,-0.06255151355372306,-1.9379704660648558,-0.46014973875931026,-3.563168806888278e-17,-0.9926668210687306,-0.12088251465493498,-0.1310705418061475,-1.0723615338525576,-0.3100241482551898,-0.23014263189788045,-0.7999916646600569,-0.40826151806835514,-0.26971144457110346,-0.5908558685105381,-0.4437194224511579,0.20403089895784415,-0.773973966231821,-0.18996420977786563,0.05927929757976332,-0.8006116922672599,-0.35841872072186637,-0.05987031306821292,-0.5864761927462362,-0.40359513510468076,-0.10501435875221539,-0.4269492698455438,-0.4095948175894702,0.3830399313530327,-0.5174512358184681,-0.2799161846799668,0.25481959944632276,-0.5645525262655964,-0.3851289450052487,0.13194827572679066,-0.4359244944390779,-0.4095393805729188,0.07326391877457684,-0.34307806853107253,-0.4143511978574192
1,0.0,0.0,0.0,-0.23768590376813717,-0.3078861401258723,-0.08966798511277409,-0.42009031158328325,-0.7826109970345342,-0.18575010483008256,-0.4036686100508807,-1.0672711045240464,-0.30319531579629494,-0.2443187886100084,-1.1324355613925305,-0.4330651150590888,-0.2360914302935891,-1.1535483050117186,-0.07127275896830591,-0.18850547823770045,-1.5419900922379735,-0.21909865353837507,-0.12197936948652155,-1.7748373798652533,-0.36109039757304606,-0.05245068977216927,-1.959358441228066,-0.4616951883466372,1.141389877140632e-16,-0.9919654318817156,-0.12650921686470584,-0.13194124337872784,-1.0965678226920283,-0.31846720557750974,-0.2314197625700516,-0.8246024063979163,-0.4156256528092391,-0.2694167481193383,-0.6086262453392645,-0.44962770571586863,0.2012356265760054,-0.7750776374921365,-0.19733989742775346,0.05429388726347258,-0.833872366359053,-0.3674167613791709,-0.06720583796635045,-0.6206900008157212,-0.4089534699676872,-0.11056375256325691,-0.45303482572622655,-0.4120992032381126,0.3800939134310974,-0.5231920949266845,-0.28823604907878386,0.24502148555504913,-0.6006202134723706,-0.3926693520187009,0.11231450264605536,-0.47740892775816385,-0.41334766223965974,0.04855949504658326,-0.37933979620855657,-0.41573358121230436
1,0.0,0.0,0.0,-0.2506494641173087,-0.3066633353115567,-0.09330274180494631,-0.4508058367478503,-0.7957359601899596,-0.19372925959863485,-0.4334354355325903,-1.08780777301425,-0.3174265656424007,-0.2572688199429384,-1.1467614338015244,-0.45431427828177273,-0.24939793793094545,-1.1613759567669488,-0.0696645136445753,-0.2155798475443335,-1.5695319043006004,-0.22530853331717296,-0.15342907674259162,-1.8167179349323404,-0.37605455262703613,-0.08559150227872761,-2.013196851427421,-0.4828096807471001,2.8871620255974904e-17,-0.991695226505667,-0.12861017738061772,-0.13184109822900092,-1.1090192204800058,-0.3354624981258972,-0.23093975958382196,-0.8265005840431471,-0.44323688699555064,-0.2676600567896479,-0.6057942959931983,-0.480532175342765,0.2171634553391014,-0.7677004433001937,-0.20371242197952694,0.07022325424462286,-0.8496301030059299,-0.3847105824447583,-0.05659811958297212,-0.6210620645467798,-0.42929160260281124,-0.10046789736558474,-0.44217268941971144,-0.4316563875856444,0.41218631433263453,-0.5093406532476905,-0.300023906009711,0.2814816065812026,-0.6102581951012996,-0.4079907713608991,0.14175645262968864,-0.4793963486539686,-0.42766714163364133,0.0745025578289134,-0.37019105619880976,-0.42881397977107
1,0.0,0.0,0.0,-0.3149502444898205,-0.3159112895113877,-0.07757352325061742,-0.5768510573092008,-0.7871979972568633,-0.19149653029838898,-0.5679840583876047,-1.0537360606526918,-0.3302150284889778,-0.35100255691505267,-1.0844740615595398,-0.48293435562550735,-0.30131755016863704,-1.1275073092610275,-0.13007784621683963,-0.26521625156755774,-1.5076868604842069,-0.3121981776535169,-0.19885702378536876,-1.7383559535228799,-0.4698836388135279,-0.1314197104509097,-1.9246381484317023,-0.5780652424534811,2.4016359720977114e-17,-0.9783768117876185,-0.20683039949749873,-0.2089468960315034,-1.0499988001400298,-0.4097672371670843,-0.33442902500290933,-0.7696282984018716,-0.4884541975309371,-0.3743619606499779,-0.5559134387087487,-0.5158465193182447,0.25523526915056155,-0.753788946865297,-0.2993014737878808,0.008451493642225149,-0.8090441639506917,-0.4825311909214892,-0.1273170713663337,-0.5735244383316436,-0.5005739866704403,-0.15572182285009625,-0.3969234862314538,-0.4926519905141068,0.47572963892148906,-0.4863953369624484,-0.41251068231623683,0.26098629071869556,-0.580518737505978,-0.5348751770086149,0.10208683450053331,-0.4463447344977322,-0.5425705860947612,0.041529405115483836,-0.3272253027580442,-0.5359176745247795
1,0.0,0.0,0.0,-0.3906915832630077,-0.32930937658744247,-0.06547933788984975,-0.6877799215597773,-0.8024075725313655,-0.16052975057568014,-0.678336815469587,-1.077574184198683,-0.2849277133519029,-0.42450419719432936,-1.0906790903532333,-0.42541564295264606,-0.3328175009961979,-1.130394747396628,-0.0699446588914853,-0.2848692191085581,-1.4864783663058285,-0.2219271857393656,-0.20244696170698703,-1.7041267951287287,-0.37731038746152834,-0.11910087513124304,-1.8818869756179974,-0.4912770743746882,-4.275868107410751e-18,-0.9887314163605903,-0.1497003216482224,-0.27722720818158975,-1.0406172644704077,-0.3073331376412982,-0.4241343893837709,-0.7954709750948538,-0.39470399587640176,-0.4644948461971593,-0.5872522598800491,-0.44172032416780205,0.2769006078550973,-0.7706548863173636,-0.24492206779811715,-0.05574434509259224,-0.796344930239522,-0.40109561724818865,-0.2000854912743525,-0.5769220068465134,-0.44149315130259725,-0.21991469576690412,-0.39395836546711727,-0.45855137004575375,0.5135856146060008,-0.5104687752002659,-0.3604056976327685,0.21332007801926284,-0.5870663962743949,-0.47412922055741086,0.037111794978813874,-0.46037829726418034,-0.4954446107504824,-0.023240983526156524,-0.33906695647462853,-0.5034540203898945
1,0.0,0.0,0.0,-0.4559531483826062,-0.2770711802889565,-0.08584238711700272,-0.8163740989879383,-0.6874684287728222,-0.2115898854084988,-0.8636248910583592,-0.9519528706670708,-0.362923013495597,-0.6058366905673667,-0.9996412450984379,-0.5309138200551481,-0.38427431319799144,-1.073802509802305,-0.15676100866355147,-0.3410073428598817,-1.4464472367990988,-0.3413246378780481,-0.2645107687695262,-1.6721184029843532,-0.5100206044102336,-0.17629916631894407,-1.859679636513025,-0.6320348406825198,1.2265250589025756e-16,-0.9713244605939114,-0.237757843723287,-0.3593208012345218,-0.9765839659187135,-0.4047308557153556,-0.5118357108458959,-0.6954231519750396,-0.4715840331691783,-0.5135755371730022,-0.4824513121998105,-0.5106025014591611,0.3156054682286748,-0.7794590853166806,-0.33606235156694186,-0.10942579931515925,-0.7475955386798939,-0.5039609610613989,-0.2459511806997327,-0.49818754466587617,-0.5269834136469517,-0.22687953567831975,-0.3228896785017865,-0.537708338545725,0.579752754035503,-0.5391496597364165,-0.45671359205216827,0.20444696596825299,-0.5609849105077102,-0.5884717524383698,0.030096049253911072,-0.40464103134570484,-0.6084772148998018,0.0053170573461641295,-0.280717145704314,-0.6158188626909392
1,0.0,0.0,0.0,-0.4867768395357355,-0.26733773964865676,-0.09323623832816014,-0.8823140993144072,-0.6640970266038748,-0.2266996983589853,-0.9503283137563091,-0.9224388573867451,-0.3845336891983029,-0.6591957773493783,-0.9402417728456324,-0.5588595455512928,-0.4024068918813701,-1.048940817908248,-0.19353523031013328,-0.35810271929960485,-1.4322156870363427,-0.3918507963089982,-0.2744071733537656,-1.6640710231777018,-0.564812835179152,-0.17776843342463558,-1.8558134714899917,-0.6900291079478296,5.052917606088533e-17,-0.9609691025617416,-0.2766557136978758,-0.43084992421846263,-0.9570154745606542,-0.44941231629119377,-0.5970573161605852,-0.6732242167762351,-0.5040610388453624,-0.5906986115562534,-0.46692555736595015,-0.5363966129978096,0.312354721816543,-0.778893691820264,-0.37823692988506485,-0.1756783025778259,-0.7278407254762425,-0.5546628155213693,-0.30472177676187373,-0.4742991131083252,-0.56846938404762,-0.2566346537300668,-0.3034198835463484,-0.5732059926447529,0.55934665115257,-0.5448135492872851,-0.5034135880237056,0.147212448266749,-0.561604077402953,-0.6507801630573907,-0.01458670603042786,-0.40690784590087736,-0.6720975746603279,-0.009441631692361882,-0.28352685743455536,-0.6779531263467344
1,0.0,0.0,0.0,-0.4725104506711036,-0.28407747091860813,-0.08011591552766656,-0.8510605306859563,-0.6975703121501927,-0.20437987810589056,-0.9060577480419593,-0.9630255203936668,-0.35402368270006107,-0.6226255197892056,-0.9847505602190477,-0.5202406649793225,-0.3984405059961589,-1.0639547105209246,-0.17233530364008165,-0.33722494298761435,-1.4601785846283986,-0.3563401845841913,-0.24553690573714915,-1.6906970625777535,-0.5220297783922712,-0.13536571070678022,-1.8783406674159058,-0.6439251631156341,1.9491454427772746e-17,-0.9669777148113088,-0.25486094062900116,-0.38898451557817065,-0.9643201232866487,-0.4120067608552861,-0.5438688126277107,-0.6916581789922814,-0.46697533331232743,-0.5316622493072911,-0.4910311644091693,-0.5021530783932312,0.3153693129834583,-0.7827417908038046,-0.35289558761182804,-0.1300197873106435,-0.7276077308416428,-0.5116859438935553,-0.26449472247768147,-0.4906993580388647,-0.5275109124109397,-0.22999124727086562,-0.3264033370587033,-0.5371916194327986,0.5779869542415674,-0.5523202850665453,-0.47323268553696196,0.1821239375153114,-0.5545126832314394,-0.6016638807855405,0.010213481506042487,-0.4053057722545537,-0.6201790728593589,-0.0021189281254609797,-0.2898224667919516,-0.6272771230839983
1,0.0,0.0,0.0,-0.3643304232473448,-0.3530953315539884,-0.07808357736182071,-0.631032693848119,-0.823759435712931,-0.1788132237174574,-0.6279977498927786,-1.0964609489138089,-0.30688266447063745,-0.4062186778875873,-1.116457886996371,-0.45023041920736356,-0.30881485265243164,-1.1428562431955005,-0.07915660257146984,-0.2556205314489447,-1.5036135305864369,-0.23288891048376936,-0.17703807681592476,-1.7126158122324402,-0.38681623316652175,-0.0751692941980691,-1.875455719811635,-0.4998364051725283,4.6033674417763145e-18,-0.9889669789765022,-0.14813613500456407,-0.25851375988858255,-1.0511930645001633,-0.31481225139929475,-0.383099625723596,-0.7812614623841014,-0.39969369000992233,-0.39439651867193876,-0.5674623662571955,-0.43939345840266897,0.2512612800917272,-0.7788114680098224,-0.23291652555200423,-0.03436761382308756,-0.8132633688510296,-0.394000990204114,-0.17270492654051445,-0.5954020534491091,-0.433094470217736,-0.19204345644444049,-0.4183595543100907,-0.44612731731647753,0.4636327166240236,-0.5371764599371026,-0.3379800061291004,0.20115634898088883,-0.6058760417857674,-0.4496022873980596,0.033757935263152274,-0.48532342651522525,-0.4740834005660071,-0.022333051809796427,-0.3770998226331601,-0.48286441510089334
1,0.0,0.0,0.0,-0.21969626291741046,-0.34340080549268,-0.12172967139103248,-0.3676149517091216,-0.8127464582667625,-0.22437185471811041,-0.3447503676520083,-1.1070440047859795,-0.3447514258427292,-0.15482293878626271,-1.1447021169785154,-0.47486200717688165,-0.19704611492068738,-1.1676016789208479,-0.06541065874563767,-0.141028868798945,-1.5706966064410657,-0.20031293661129712,-0.07679371458065556,-1.7852393223042056,-0.3297887557624384,0.007448875406082896,-1.946768743736467,-0.4232282586964887,-1.3189817728853442e-17,-0.9950626892247619,-0.09924839803636643,-0.08303372630661675,-1.1374076292555326,-0.2877782890020085,-0.17367029811363124,-0.8345585645469592,-0.38700845653587107,-0.19927091739040279,-0.6175821119421273,-0.41545614126426783,0.17479334187884335,-0.7890710189997018,-0.15196980978918492,0.09337055561171924,-0.8709400923001192,-0.3278699676625856,-0.02058616445083196,-0.635335246291433,-0.37944206576760436,-0.06226600340240653,-0.46636046158854394,-0.38114062565268375,0.33166114226058935,-0.5605954498574337,-0.2242790222515964,0.25308617307355163,-0.6471019511197471,-0.3325691087973643,0.13018274502321112,-0.5255131071723071,-0.3609369222899016,0.07444249644425567,-0.4285946959480058,-0.36397093975781114
1,0.0,0.0,0.0,-0.21050880258925744,-0.31649517020293727,-0.0865735995368096,-0.3483966056343489,-0.7793002069809472,-0.17426952368480117,-0.2949385850853004,-1.0518373413837718,-0.2833168589697011,-0.12814268046098692,-1.1031152016141266,-0.4022963825525367,-0.21023864473184517,-1.1549275461982713,-0.04816251920918316,-0.16127300256333466,-1.5559615370708795,-0.18095425011935126,-0.09011500323517964,-1.7846769380102376,-0.3100896504976549,-0.01201680079667826,-1.9649420027321303,-0.40194149473517643,-3.687118506946306e-17,-0.9951550757146713,-0.09831772617044533,-0.06501769394958541,-1.0962031080927064,-0.28359273119904316,-0.14289420777478998,-0.795402324484743,-0.3785763681662374,-0.1727681947525598,-0.5752274527848831,-0.4071961562718142,0.17998517581605034,-0.7866787103979939,-0.16360837766582978,0.10277659482785996,-0.8439236199231844,-0.3256002893363038,-0.008298099490534975,-0.6093612782290807,-0.36262855843255715,-0.049444313974769026,-0.43420037986313637,-0.3594041227609609,0.34014839288297377,-0.5441257910604251,-0.2480419632622514,0.2636672055305354,-0.6196808703625971,-0.3395104540813777,0.14725078340477896,-0.47769212353729645,-0.3528328935405308,0.09148963192306803,-0.3708539866440089,-0.34932091877947896
1,0.0,0.0,0.0,-0.21950803926910326,-0.3222669532392468,-0.09858658419247297,-0.36788401164003837,-0.8117915256129481,-0.19115589041465603,-0.31876230096419955,-1.1009812728590729,-0.3030337475109593,-0.1595250107787186,-1.1867849559848387,-0.4232974141246043,-0.21905384261656347,-1.1626835890897762,-0.05595322205182275,-0.17117466305654927,-1.546926005205255,-0.19746551713391342,-0.09529217975475865,-1.7725864539749328,-0.32908163412462615,-0.01782896225503332,-1.949388051785503,-0.41971804813088515,-2.534206995142563e-17,-0.9947821898286341,-0.10202154086146403,-0.04887341736488644,-1.0957392359899,-0.2952531980635675,-0.12795880647400013,-0.7996628005753801,-0.3890829305145612,-0.16662036368215377,-0.5888993437082071,-0.4139838212254047,0.1933540666030089,-0.7744505914448698,-0.16594314512784672,0.12672741707060198,-0.8358436948612165,-0.33501054257767654,0.023219892731380174,-0.5850481745167098,-0.3655378744327871,-0.01335963690566089,-0.41509616904203234,-0.3546904244508212,0.36917999837364057,-0.521348844091786,-0.25085258371454194,0.3023832928207163,-0.6164968645947728,-0.3438675868053468,0.19628993664519542,-0.4642602440874953,-0.3508872692619955,0.14966983277034843,-0.35493597800784477,-0.3415180240052416
1,0.0,0.0,0.0,-0.3584110067683819,-0.32774395613255203,-0.025987184148860632,-0.6518170201234833,-0.7976106085873562,-0.12330257569643097,-0.6773185971937478,-1.0830289751755557,-0.2578696392956427,-0.4558738622200138,-1.1456002570744457,-0.40675953358065936,-0.30744789873055334,-1.1224009709823723,-0.06596840751847205,-0.2840294802478299,-1.4918591327606263,-0.22759411619353975,-0.22876467664134986,-1.714229614373739,-0.375216379860404,-0.1669823039295353,-1.8867983262838401,-0.477246489583454,9.47151295712834e-17,-0.9855771381935056,-0.16922678473072655,-0.27913145069503276,-1.0848664896392548,-0.3461436190317078,-0.4233380131019478,-0.8255843234694548,-0.4199319673149609,-0.45938862374702044,-0.6028144178698086,-0.4485678354443445,0.2714144448691819,-0.7699425851125979,-0.28548686761347347,-0.05764402642441864,-0.8645766311397061,-0.45043801192946503,-0.1961816847015788,-0.6223089391127663,-0.46187162222850464,-0.21144304250688,-0.42046874229480263,-0.453346604870634,0.5078234959571665,-0.5181620438968766,-0.4185337680571282,0.21482477141201037,-0.6464337478545256,-0.5254609980633707,0.04100988801292244,-0.5048082068786817,-0.521745128198695,-0.0146688610699273,-0.3587423481107515,-0.5104375940083145
1,0.0,0.0,0.0,-0.3970161991681519,-0.33369853782924463,-0.052785256308526395,-0.6881393281969826,-0.8023282138844646,-0.1441661679331814,-0.6998634304184508,-1.0866841767969262,-0.26774717140416865,-0.4854776097526296,-1.131654918701932,-0.40695641466335575,-0.33209950849718367,-1.1335571278992336,-0.049684901075966494,-0.29453895865133073,-1.4974731390640583,-0.20070832286089604,-0.23108581639207915,-1.722563088479826,-0.3550404619042805,-0.15694341094284087,-1.9030502171989028,-0.4668149564682122,2.6356506177035862e-17,-0.9909538488699707,-0.1342030901648361,-0.3033632480434303,-1.0896609424521564,-0.30023584632763745,-0.44758535033428426,-0.8330246221285625,-0.3890075378739014,-0.4658393730191129,-0.6078796247385603,-0.43088701060274537,0.2773883020155679,-0.782588230685851,-0.23387254411875122,-0.08684291355725746,-0.8603368608618034,-0.3945176301707652,-0.23102964162757733,-0.6308160458050656,-0.43234737406707285,-0.23455548215685898,-0.4338162034951043,-0.4435388427599057,0.5191990178856067,-0.5354290873549488,-0.3526776359228958,0.19213664967437227,-0.6430670155937673,-0.4613995007024039,0.01719588208596354,-0.5097800730204077,-0.47869287426557744,-0.028695444855653746,-0.37969834188986584,-0.4829495977197262
1,0.0,0.0,0.0,-0.3998129492960974,-0.3263684856897303,-0.06519973373997179,-0.7041755898260965,-0.7972371660412031,-0.1644691080535449,-0.7333923606826536,-1.0914601968255193,-0.29285397182154876,-0.5110394073125724,-1.1402814795597895,-0.4361671014767294,-0.3376060196151502,-1.128515463956344,-0.07342123189689652,-0.28853816262217596,-1.5000507797849831,-0.22456319735357497,-0.21708262582890997,-1.7240698393324956,-0.3751659778377754,-0.13068800411085363,-1.9029381406514363,-0.4852891024969524,-1.326405561738446e-17,-0.988509380291037,-0.15115953518263447,-0.31506438130769976,-1.0830497764130287,-0.3045126562600267,-0.45922572532770733,-0.8237742383111747,-0.38160686255365106,-0.4687902491609541,-0.599026696113804,-0.420041446068312,0.2791699558121109,-0.7815722732918567,-0.2447967931099139,-0.10042426888001792,-0.8487312065766212,-0.39786870031218824,-0.2326662963902128,-0.6149891308448068,-0.43255293778370246,-0.2221839734809314,-0.42034624266324605,-0.44483500824998146,0.5224578811185422,-0.5348625270154512,-0.358136611095581,0.17670653948250273,-0.6334854954139368,-0.4683967458131195,0.01244735267293396,-0.49591807803691845,-0.48830736494467475,-0.015951883419830726,-0.3645854869745232,-0.49471056459119295
2,0.0,0.0,0.0,-0.13411744886356156,-0.022050307970257237,-0.3239642385864322,-0.1519226325486385,-0.24460121866073703,-0.5245217705990467,0.0973458114157236,-0.5589877947983504,-0.6824403534633441,0.3502122545979014,-0.8929723859614045,-0.827588454649352,-0.23417033642371332,-0.7585757404111226,-0.39986048389248835,-0.3593568851000607,-1.135744551970147,-0.5905132819800358,-0.44839705340420166,-1.3718856763898388,-0.7229387390934497,-0.5097459504477657,-1.570785554016605,-0.8189159624125847,-5.564260289520782e-17,-0.9439682962060835,-0.33003614310827206,0.10605327456481066,-1.4497434945935126,-0.551398292171978,0.21327409354897348,-1.7876990349283093,-0.6896681076739462,0.31527262666206557,-2.0604739463345645,-0.7813493869991417,0.19576144513117202,-0.9828001144587286,-0.27953664982799703,0.31122702335576735,-1.0042046050466908,-0.4698459696732351,0.22229546807221393,-0.6550842319609805,-0.5095387784902632,0.16089309223840526,-0.43960087498122274,-0.5074034009071823,0.3442752556585312,-0.9239497222365106,-0.26350978189510993,0.4104266269473905,-0.8936835386610538,-0.39631660632791055,0.3387054559177494,-0.6260138311622415,-0.43139664226513696,0.28982536932754016,-0.45442531199782193,-0.43640904965623467
2,0.0,0.0,0.0,-0.14125979685996104,-0.020409846626702224,-0.31963862240876795,-0.16062630602136876,-0.2745389469896115,-0.5126010632454199,0.115138588254984,-0.6145778613621202,-0.6668140386435296,0.40408741997891034,-0.9561083044246438,-0.8096499874475503,-0.2509416042538227,-0.7576457585755395,-0.3751399955754105,-0.3963907708720224,-1.1380818482686867,-0.5590177207120288,-0.48981281333247306,-1.3729945475903182,-0.6909864751820491,-0.559450504024774,-1.569725473639723,-0.7889820298033077,1.0232853557538848e-16,-0.9505772460762754,-0.31048816280503266,0.10898282085670183,-1.4708988872688078,-0.522712514320262,0.2152005315224505,-1.8192538511605185,-0.668773073723691,0.3121071901119683,-2.092362119219319,-0.7698981155322023,0.21348412887107587,-1.003866836949278,-0.2661731825528996,0.35214014668345583,-1.0238986004051855,-0.44852583825288184,0.2517553084650548,-0.6548881355211141,-0.4947426204973837,0.17302718224250577,-0.4159050215460001,-0.4990548102085666,0.3813114838446578,-0.964613585471675,-0.2578754164370242,0.45142530668805125,-0.9094719059543279,-0.38451603478465496,0.3717044092493301,-0.6206510185991706,-0.4220794664455652,0.31260510551162335,-0.43204176315403087,-0.43060781979348217
2,0.0,0.0,0.0,-0.12985449072601402,-0.02731860710671519,-0.3321183287597329,-0.14330644783820926,-0.2772675625433902,-0.5252517481816376,0.11171191105888556,-0.6129840830652348,-0.6734654683932334,0.3919328639831321,-0.972773250249524,-0.8091205594030645,-0.24875824799431595,-0.764169637063325,-0.3797708545794202,-0.3961607819538569,-1.1336524880851964,-0.5589297897479677,-0.49366891146680153,-1.3677465593695581,-0.6845487167224784,-0.5649545217038914,-1.5584382131134218,-0.7759581671747032,7.711751279635728e-17,-0.9538069222840257,-0.30042029725548525,0.10101172903451791,-1.4779639426845788,-0.50932435747444,0.20288689771426688,-1.8213956276278251,-0.6472304946287746,0.2978480433348329,-2.089155076618273,-0.7391040677791233,0.215134849074074,-1.0092829740324945,-0.24242768106818036,0.336785453421651,-1.0430673573060667,-0.42757987501624173,0.2439163832938483,-0.6800370206106122,-0.4729383378186896,0.17791086191670888,-0.44677323712972083,-0.47270176629305993,0.3813483412871906,-0.9733746609824646,-0.21986694817394897,0.44357852965725625,-0.9295517148338456,-0.3511483592804476,0.35883655332853703,-0.6360698065448458,-0.39028956495865536,0.2982319500235121,-0.4408695247155867,-0.3965815591125301
2,0.0,0.0,0.0,-0.12585766946777416,-0.045364573898266126,-0.2874221278955254,-0.14154386473065123,-0.30388029509279063,-0.463627760696241,0.10488993592092333,-0.6447986703574442,-0.6075440408207665,0.36390731936162385,-0.9880162995707881,-0.7389959066168836,-0.22938187706814206,-0.7813497356019045,-0.31790416486787515,-0.3863254808196473,-1.143523110579026,-0.4793022857504604,-0.48486552388626836,-1.367631659990459,-0.5950731548338283,-0.5587404816526766,-1.5590803926827437,-0.6823743155456846,2.919216200774566e-17,-0.9646316457030834,-0.26360157076193813,0.079379655859538,-1.4812858425339681,-0.45019818674800094,0.1700425280607966,-1.8253821586786043,-0.577130523583695,0.25509657092819044,-2.1010378458915606,-0.6650837669280644,0.1967927073683889,-1.004139613071156,-0.22988559559373575,0.3079421018371584,-1.0312053207205214,-0.392123750360617,0.22510172127545613,-0.6739441936077575,-0.42778254683609707,0.16037926819922252,-0.44708359661265434,-0.42579860528290103,0.3488557132918496,-0.9454593287023462,-0.22957396842602287,0.4190527301841832,-0.924292663032966,-0.34389970355255783,0.34515267831343777,-0.6457313001412675,-0.3739364567990516,0.28485862913265575,-0.45498974319437646,-0.37687097572850886
2,0.0,0.0,0.0,-0.14418956174337538,-0.03737964157337746,-0.27165064976660686,-0.17156936199780232,-0.29247464242887555,-0.4439587892988417,0.058461954991670145,-0.6083404565842583,-0.5868065210519893,0.3003741175330848,-0.9101911195297324,-0.7181489535639592,-0.2237670550999657,-0.7921678512735908,-0.32092244050893326,-0.35466922202320783,-1.17925437624703,-0.48423734274259184,-0.43808332202203826,-1.4170328693637477,-0.6017750743188013,-0.5003228964196573,-1.6152724661413655,-0.6891094554288282,6.377989211653763e-17,-0.9622019996457163,-0.2723367618919358,0.0770164695768412,-1.4807293688660472,-0.4582403523540308,0.15736950276765693,-1.820045140468282,-0.5866364990407542,0.23240647171944528,-2.0904252402949046,-0.6757889271914083,0.18666797341320904,-0.9861197914771143,-0.24101793552331285,0.2643424818936893,-1.0166800285747875,-0.39728678744606194,0.18957795903121757,-0.6904691644209436,-0.4293650767764727,0.1383638317620543,-0.4791460777626174,-0.4270374129555928,0.32810330931967974,-0.9137385220291484,-0.24132577624146914,0.35739150668245656,-0.8930175990554485,-0.35052656855166126,0.28898207552106114,-0.6453512344267422,-0.3764094485632367,0.24497809738539505,-0.47566579732708836,-0.37782141132384695
2,0.0,0.0,0.0,-0.13542382740516495,-0.04428050757831185,-0.2729847777141472,-0.1596803135787067,-0.30442362692326735,-0.44228846005570643,0.05730467889135306,-0.6128503205886797,-0.5810922568025042,0.29199591336736225,-0.9060770224639725,-0.7075624022614556,-0.2157398075113835,-0.8117811863137098,-0.30726088783160926,-0.33785684673576616,-1.2022983585705564,-0.46425389944682427,-0.4179785720058188,-1.4416349203444287,-0.5779595482655723,-0.4763922663770035,-1.64384678225619,-0.6626923336431462,1.1112352897757372e-16,-0.9669560015868154,-0.2549433093753172,0.07752531595887173,-1.4819424291469436,-0.4363052780247659,0.16478568938218702,-1.8211778849291087,-0.5611977999014378,0.246817435977288,-2.092643863936893,-0.6465365167974986,0.18065496480185356,-0.9816580633799262,-0.22122877668561067,0.2696082933456031,-1.0189865442998662,-0.3764409153118346,0.19276173940801022,-0.6785941151067919,-0.4086792683314867,0.13487770802006818,-0.46096092709636904,-0.40473528972740164,0.31579831506834855,-0.9035553268917113,-0.21891836647480445,0.3582836509448225,-0.8998623862257394,-0.3265192813590724,0.28491936715849586,-0.6369329050029406,-0.35167381603199666,0.23247004487715364,-0.4531176184808609,-0.352015792499664
2,0.0,0.0,0.0,-0.13588990125562,-0.050822145005862386,-0.2651602346111015,-0.1597986415308835,-0.31122218236677307,-0.42953134514825353,0.06324031295982512,-0.6235634883152835,-0.5645448942880473,0.2991040708574113,-0.916270978573816,-0.686638696898956,-0.2152800501458162,-0.8114231778758804,-0.2977848840053989,-0.34337366315779805,-1.1974536125615967,-0.4496044637859789,-0.42484102587843364,-1.4330036379309719,-0.5599022908373624,-0.48468594698170053,-1.6314368394147118,-0.642336815549279,1.4181277812198012e-16,-0.9690156683724498,-0.2469992600164917,0.07533514928090394,-1.4826913381815225,-0.42192350979577403,0.16189671024048638,-1.8212507131564297,-0.5429307832925094,0.24281235280202107,-2.090728179258722,-0.625980039922924,0.178934553424903,-0.9851051959883786,-0.21430802974610186,0.2582703935029116,-1.0126231313656215,-0.36112988125817974,0.1814581209169932,-0.6805895512287757,-0.3909763727133187,0.12456555796505284,-0.4679316400925943,-0.38649978910951366,0.3133575991318018,-0.9084154391443336,-0.21261370631604382,0.3514494480263979,-0.9049962344617118,-0.3133635019264837,0.28261684076417665,-0.6552932131828614,-0.33707825866628205,0.23371044027560525,-0.4801640383075956,-0.337073050437074
2,0.0,0.0,0.0,-0.12936788680606287,-0.02955065102748164,-0.2822764169805177,-0.15577891295391563,-0.28327347018785876,-0.45967900329171724,0.083772765324621,-0.6154189212472139,-0.606200074618585,0.34105426766135505,-0.9472715634038846,-0.7407648345168333,-0.22645786727026085,-0.7780661617938057,-0.32504327100833036,-0.3782426523526548,-1.1428338134705678,-0.49196562247841347,-0.4726459156919272,-1.3665191722371468,-0.610348595774281,-0.5412398394788432,-1.5579495172447249,-0.698171551332349,-9.516828516748795e-17,-0.9617340523590314,-0.2739846939759152,0.07886198467206856,-1.4719374443627735,-0.4674770242541173,0.16773087495016203,-1.8085121410553529,-0.5952135328409677,0.25156820402346214,-2.0787970266949825,-0.6819793330933075,0.1928879008512009,-1.0004233665079094,-0.24220773475178944,0.2907677237725238,-1.0164065679554903,-0.40795915570438956,0.20995248640985734,-0.6644826771821366,-0.4399028555335538,0.14925660316224065,-0.4398424483790298,-0.43474801260315926,0.3433121900199188,-0.9458031030786846,-0.2435262191140241,0.39830204679157355,-0.9085835492430818,-0.35796665468286293,0.3228385899304272,-0.6319163831838431,-0.38453851698093455,0.2630903914446152,-0.4460628969184582,-0.3848881009952221
2,0.0,0.0,0.0,-0.1257634243800315,-0.026695284648773805,-0.3271265238316022,-0.1375045721286217,-0.28253738457638766,-0.5191212867819757,0.1091112257581097,-0.6167629188953114,-0.6677420062246484,0.37837765387883965,-0.971060175469737,-0.8038353235665692,-0.23956298321179326,-0.7691159498434987,-0.37472907445869647,-0.38435252005835674,-1.1439555140037867,-0.5511098911300786,-0.47765531973953407,-1.3789237061943747,-0.6737678036578552,-0.5452640388642327,-1.5736105649892629,-0.762741965967177,-3.135011072547305e-17,-0.9549336855517048,-0.2968192315174973,0.09934387740456156,-1.47736909045463,-0.5028347048481694,0.2012327264733538,-1.8242845231513716,-0.6354431743660822,0.29518521223414723,-2.096403373225351,-0.7229973754388355,0.20597594623665852,-1.006331876916498,-0.23980372511240036,0.3224822149367566,-1.0288740729820818,-0.42026985057864036,0.2336743068030183,-0.667836629095639,-0.4583115789827627,0.16949313697364332,-0.43653296913486556,-0.45312693848358776,0.3656840306127786,-0.9707017694990452,-0.21844705281280027,0.4263795762484619,-0.9227910823328505,-0.3429245731068743,0.34217307824355875,-0.6263261359692763,-0.37527364587805295,0.2788653533465626,-0.4274356130034416,-0.37701875555797765
2,0.0,0.0,0.0,-0.13530198412466649,-0.024885747190398964,-0.3283784162469971,-0.15707196962726333,-0.27369268894012994,-0.5312757427993358,0.10765560426724198,-0.6162715073305868,-0.6923340229469562,0.40335612273756155,-0.9815814469072608,-0.8408628415814536,-0.2560115811391867,-0.7585422534113605,-0.3917303283010395,-0.4223616480449546,-1.1210467720516795,-0.5829555558172574,-0.5341113881284861,-1.3466042575043566,-0.7183410594803581,-0.6123387897054866,-1.5384439355101223,-0.8166300020155018,-2.0670928042056267e-16,-0.9471970307833406,-0.32065212438906926,0.10319282803932193,-1.4823630860337136,-0.5428314327535422,0.20725442289996238,-1.8279055426823254,-0.6860472712336001,0.31010998123974737,-2.102809409984434,-0.78111520246679,0.2233315584640803,-1.0011276867348986,-0.26966183844771546,0.3435417325744181,-1.0440632512386927,-0.46083336921643436,0.2423655944140281,-0.6813596588811237,-0.49831691724878135,0.17414006524223916,-0.4478094112842162,-0.49290059951130566,0.3972355963032717,-0.9637502829087089,-0.25472417920705653,0.45482678924781733,-0.9249409447402646,-0.38672136519976397,0.3593225591578903,-0.6222753906684242,-0.4171272146001329,0.29229333195948604,-0.4191024711379646,-0.41759249823979266
2,0.0,0.0,0.0,-0.15891871211969966,-0.026270967574336765,-0.3197827005899818,-0.18367697933243324,-0.2804976417879981,-0.5164768809973924,0.09904865529964524,-0.6259690987174218,-0.675176810683732,0.4189728127950203,-0.9832442165358747,-0.8219958907223578,-0.2777808762944305,-0.7589722425414547,-0.3729926754830181,-0.45717458799899513,-1.1266527101005699,-0.5549654887164343,-0.5703705505994889,-1.3566625313554355,-0.6846446855587496,-0.6539227603604676,-1.5479653292669766,-0.7809959339472465,-1.178194111019559e-16,-0.951001102250827,-0.3091874892645429,0.10429239667280085,-1.4975948714475988,-0.5189228752328435,0.20877766041509294,-1.8448234380415311,-0.6612986027883008,0.309075528155807,-2.1097504278139403,-0.7585769045185343,0.23641227862104275,-1.004178233962613,-0.26569397016053686,0.35694603683710746,-1.0641181232953585,-0.44773829515859326,0.24942240393352783,-0.7109118992698421,-0.48851806137268206,0.17290046866937547,-0.47635910030859185,-0.48695675158269786,0.41815169070566216,-0.9618106002299699,-0.25799571501491325,0.469287120049487,-0.9398999817942327,-0.3863104646514725,0.37226709553144316,-0.6557861915126282,-0.4194592232307553,0.3035940789717007,-0.4577236267725947,-0.4228658375546108
2,0.0,0.0,0.0,-0.15387584175621663,-0.03947199696461992,-0.323485924126943,-0.17208060822404334,-0.3003503620255887,-0.5208595152489046,0.10672573048779821,-0.6476406345445054,-0.6786365133905266,0.40985692023600173,-1.0032887465705884,-0.8230415923487473,-0.26679809994123493,-0.7672303959194189,-0.36932946595974103,-0.44877306443876736,-1.112401516758574,-0.5523416618843144,-0.5688368814058055,-1.3222523274961293,-0.6783015268844198,-0.6621418739858779,-1.4927238588337783,-0.7693159679680898,-9.577881379334023e-17,-0.9536001835042346,-0.30107588747804126,0.09037734199827986,-1.48899976029218,-0.5087552857363752,0.17636029897622366,-1.8239827822028356,-0.6437429236193446,0.25809023206090326,-2.08982318214318,-0.7340150018587601,0.23123033729990244,-1.0038161063922075,-0.2549897929904364,0.33496486163468514,-1.0694397538419589,-0.43753583755035574,0.2374503142602877,-0.7232506513683744,-0.4712465854746991,0.17362650446748523,-0.5062429679991789,-0.4628232031747749,0.4100830175017362,-0.9602650550407373,-0.2446457887607592,0.45973033711556954,-0.9641440067291231,-0.3733785580677896,0.3630640516709645,-0.6839617125509834,-0.4014033449683699,0.2994037830199499,-0.4951257076603623,-0.39938515026562027
2,0.0,0.0,0.0,-0.16837829580354385,-0.03319962109349251,-0.3087861608911158,-0.19085955544772565,-0.2960619600164758,-0.4985923958052935,0.09396974853762939,-0.6478216050759534,-0.6536750153804728,0.4084085047497294,-0.9991755573080762,-0.7962169944650712,-0.27299978579658984,-0.7686475705054735,-0.34849284701892647,-0.4593512767837505,-1.121053988347604,-0.5246516168474387,-0.5772780934046007,-1.3355872268249753,-0.6463960286775969,-0.6695673116834645,-1.5102562197183982,-0.7362719749873269,1.6004903165807356e-16,-0.956678080359822,-0.2911478156521977,0.0945603731007337,-1.4965978696746411,-0.49105433635389106,0.18336358712663167,-1.8363227876751427,-0.6236841642080767,0.26619883292764784,-2.1007256940008774,-0.7146241833891624,0.23353525491291807,-1.0044519969031216,-0.25579454519394934,0.3367019353083782,-1.0702578386370822,-0.4330052726577029,0.23567409318292948,-0.727979907750219,-0.46637535313892126,0.16848783466014133,-0.5059867811682414,-0.45932338663039884,0.41488894133612664,-0.9569889981130397,-0.2558690123131467,0.4620328272668871,-0.952018842702897,-0.38261141982410235,0.36191887249428417,-0.6757214294180593,-0.41097595226954287,0.29362862315805477,-0.4846279740839923,-0.4098996068213437
2,0.0,0.0,0.0,-0.16201362288748083,-0.029209783078050118,-0.30474250377850587,-0.18513995046021023,-0.29371515000962706,-0.49036292726585107,0.09316604773732999,-0.6461948101214204,-0.6417015979559395,0.40427136543161163,-0.9954613137898947,-0.780578213895017,-0.2676498972701983,-0.76512369122719,-0.3430469652952917,-0.4546122774372299,-1.1146344974793387,-0.5174812658443126,-0.5702398011173423,-1.3260784097608909,-0.637218035141188,-0.6608543240694503,-1.4974593160029361,-0.7253602599455578,-7.549966340436712e-17,-0.958047335926955,-0.2866100174858933,0.09517447633990922,-1.495955950059562,-0.48356149485549854,0.18419864651262752,-1.8347954695305808,-0.6148053486042874,0.26438170451056314,-2.099999295955464,-0.7050431754283406,0.22799574196293415,-1.0090760010317006,-0.25201127144270175,0.3311773504122731,-1.0648184259865003,-0.4244168731811994,0.23696025301179688,-0.7246530653538366,-0.45643651277276176,0.1727532714748967,-0.5047166525173387,-0.4493189119810991,0.40722701827287694,-0.9673832588752488,-0.25295536244620764,0.45250014516309367,-0.9471470285378472,-0.37500837390307307,0.3584434941457967,-0.6728671897468653,-0.4023036793840054,0.29403034438528364,-0.4868087461378965,-0.40100329144987623
2,0.0,0.0,0.0,-0.15654220469410302,-0.03424065068638717,-0.29886390743118146,-0.18493414078053458,-0.30350369946441097,-0.4785517583460549,0.08567973771888823,-0.6608318880300578,-0.6245610431682043,0.3952386783758824,-1.0118027604965316,-0.7577545850487266,-0.25646038605918275,-0.7704214942161918,-0.3308132937187063,-0.44260481067267504,-1.116303496752152,-0.49696070622453753,-0.5575852684711331,-1.3252099815438667,-0.61116335507264,-0.6463692933835026,-1.4974523544598044,-0.6957036311313419,-1.237867430317644e-16,-0.9618133252615001,-0.2737062793386658,0.08861038364884014,-1.4962975417419526,-0.4605100633357533,0.17380319872056274,-1.8290093071444469,-0.5854601016218889,0.25466831070339363,-2.09560605031833,-0.671508499425517,0.21610307459832237,-1.0094909859202597,-0.23846046828016143,0.3044390746742526,-1.057155123763931,-0.40310830487534904,0.20800508794680478,-0.7157454324261252,-0.43506043803817906,0.14807915499501748,-0.5010322374424538,-0.42849776052338157,0.38503809340156747,-0.965713762099531,-0.2379370141297462,0.4279858726310123,-0.9461985197820472,-0.35412672205276846,0.3353820146829554,-0.6738175929630124,-0.38103816462583906,0.27516174623777756,-0.49307734288979815,-0.3801221907145548
2,0.0,0.0,0.0,-0.15670352865334086,-0.037343142385688394,-0.3043011523873135,-0.18184204955159416,-0.3030134260430589,-0.4860826449080487,0.08564244836798372,-0.6542378189855332,-0.6321196009252807,0.3865260888082847,-1.004194353645492,-0.7644694761993671,-0.25782154323218276,-0.7759377520209613,-0.3325931037520544,-0.4335308095681966,-1.1257889041148728,-0.4985891330745003,-0.541464344085326,-1.3380193167457863,-0.6134346681943031,-0.624334191453394,-1.5117177041809942,-0.6976070439389642,5.561251959645178e-17,-0.9630103984336229,-0.2694642323365286,0.09091563280112447,-1.4970850967628264,-0.45671604715177755,0.17628922983768144,-1.8274165702931189,-0.5817682282338519,0.2564248235725576,-2.0919961711718273,-0.6664949800821653,0.21822460757976717,-1.007897918743331,-0.228442927822967,0.2952897523234229,-1.0568133694875725,-0.39470502138778757,0.2020289725577158,-0.7236692514302052,-0.42662270824443155,0.1477561345199289,-0.5155965325050895,-0.41868251145835567,0.38758241111962266,-0.9598900202919469,-0.22180082560080044,0.42224815023828,-0.952855512754959,-0.3400235060708038,0.332795023552592,-0.6861595690277137,-0.3664660971147035,0.2776583062389771,-0.5069617513012644,-0.3640462905654878
2,0.0,0.0,0.0,-0.15702496306226943,-0.0332924846701408,-0.30174422672933615,-0.1803621184749414,-0.30275427367134966,-0.4803961290481833,0.08498003043474038,-0.6544620261965234,-0.6238723951246304,0.39106241150881066,-1.0039548868182977,-0.7545118505350339,-0.25514173769035875,-0.7761924258433014,-0.32966037500147743,-0.4335231327891696,-1.1240149906614232,-0.49214885940376457,-0.5411735719847708,-1.33775928061544,-0.6034638314068725,-0.6245122770046979,-1.5129272109372234,-0.6855649391029297,-1.1525680682646029e-16,-0.9633986784191342,-0.26807272599103726,0.0909274089556215,-1.494201373710656,-0.45092213386306396,0.17914794039566917,-1.8289150922188884,-0.5725640856699472,0.26041417564590363,-2.094552244443721,-0.6560000709549236,0.21568523480277343,-1.0081457454240603,-0.2287281467387141,0.30481067336505363,-1.0621595270769386,-0.39190746875115423,0.21248420173651883,-0.7292367523817953,-0.4237498216266489,0.15418951783918278,-0.5153744564553585,-0.4166975525311042,0.38221867877553406,-0.9610347624842205,-0.22388951795664697,0.42800470587702094,-0.9492289234219716,-0.3396209245982724,0.338001032451205,-0.6823653679264077,-0.36685055637119207,0.2781367362642248,-0.5015101471639551,-0.3658550588348227
2,0.0,0.0,0.0,-0.156374051229414,-0.043007771720311276,-0.2941800845165101,-0.17953900446642543,-0.31743832100534564,-0.46515519842855046,0.08423406001247503,-0.6684981550753758,-0.6019108043284054,0.37586419941612514,-1.0053410899815831,-0.7246881597843989,-0.25134946235737826,-0.7865279385981174,-0.30776130869817775,-0.42259577119351155,-1.135335950832913,-0.4608120597667234,-0.5255541539664493,-1.346759602523483,-0.5670757518880358,-0.6047008436966189,-1.518016252554768,-0.6459013141794688,-8.962037560435045e-17,-0.9693067892085862,-0.2458543235213518,0.09193151962598839,-1.4995136849173072,-0.4167930954834108,0.17390913004304828,-1.823358998683897,-0.533772150067999,0.2523301706989513,-2.0825132141313403,-0.6142722832611962,0.20993444882559453,-1.0072271769932406,-0.20652802943162937,0.28381155876607644,-1.045434005443222,-0.36022297018765004,0.18642732654708608,-0.7140673333803207,-0.39230417638322806,0.13085681085332854,-0.5064695422943946,-0.3860035339254999,0.37105163358790866,-0.9522655995832602,-0.20082965832117025,0.4072692230926842,-0.9400356520061893,-0.3111360001223173,0.3152156586683259,-0.6757376970003517,-0.3381648695563163,0.2577877592834231,-0.4974976133181745,-0.33711597811896193
2,0.0,0.0,0.0,-0.16054230994558433,-0.05991813394238759,-0.22386397148035983,-0.21330618584426403,-0.340799368879032,-0.36449589902503876,-0.029320531554301074,-0.6568810536411129,-0.489401585193433,0.16934295188951615,-0.9036443120230367,-0.6028931794781224,-0.18131175062435612,-0.8781804327436918,-0.21065589034762988,-0.2926755481184799,-1.2765450327213272,-0.33967811193001374,-0.35786053720719024,-1.5202835873338674,-0.43650127687720247,-0.40470451779785294,-1.7371225269652044,-0.51153465555197,-6.356775725501706e-17,-0.9825471764446427,-0.18601356418460405,0.06161501536489055,-1.497979677089942,-0.3307889106089879,0.12698627766873008,-1.8274164352545708,-0.433846506279739,0.19297715485646505,-2.097540489947081,-0.5072469129189108,0.14893100126628428,-0.9503427218311571,-0.18282878095610966,0.19071174329283105,-1.0369212264644847,-0.31894309522101255,0.11857520602906765,-0.7083506715055514,-0.3415439227586817,0.07616468862091627,-0.5003635344960786,-0.3333743740437847,0.261633188978797,-0.8304492927265157,-0.20913672876463996,0.2784559773490396,-0.9071420853136657,-0.30997842357991984,0.2030688639516178,-0.6529227584645032,-0.3253012806327408,0.1559461978051737,-0.4606558406318499,-0.31938854403900263
2,0.0,0.0,0.0,-0.13535569931288277,-0.14822036469789182,-0.13597219877082634,-0.19063847184010208,-0.40211069898513746,-0.2509624275457274,-0.07478144446037185,-0.6440603171443378,-0.3686957539726682,0.0679143429185744,-0.8359510392847823,-0.47708489632474177,-0.14440750708215092,-0.9703402611087569,-0.14044232335604248,-0.24386281463382467,-1.3720507406948654,-0.251512374144238,-0.29022588117864045,-1.617419209696828,-0.3362007813404308,-0.32553217862268746,-1.84435583704842,-0.4042021793170805,-3.646507457172799e-17,-0.9864197739435835,-0.16424381136922547,0.04994683225741309,-1.469442001957785,-0.2959648973355143,0.1084737998876101,-1.7872405092159183,-0.3772567455488729,0.16179001946127544,-2.0534002957665423,-0.43451450115113693,0.12004712604528485,-0.8808186548646669,-0.20327067818790834,0.11616259663058498,-0.9858903929850472,-0.3285603235506751,0.04882916128650081,-0.7030445679974122,-0.3328174417344437,0.007731262121229705,-0.5295099644278298,-0.3163621392896758,0.20944111734819215,-0.7019911144786466,-0.2646251580082892,0.2025428652993504,-0.8339889776043599,-0.35687629716271113,0.14120385111314163,-0.6279775507578625,-0.35733420406369126,0.09448700357037586,-0.4581345255718011,-0.3435288650842758
2,0.0,0.0,0.0,-0.1480347795108528,-0.17501840238306593,-0.1489902793640767,-0.2141518077156874,-0.474070712128455,-0.26485073729082037,-0.10105872232554354,-0.6981548428761717,-0.38248019221744267,0.044792702367926034,-0.8272667464697196,-0.490839710244295,-0.14780576693167055,-0.9989790887317076,-0.14271365855227025,-0.2229677478791723,-1.424389961433885,-0.2724840705158973,-0.2659254785435267,-1.6788711892753863,-0.3698236224532466,-0.2969537607169248,-1.9044267887962272,-0.4427230846970159,7.223583708828779e-17,-0.9872437690693275,-0.15921601814449493,0.05256043365515507,-1.4613865301465854,-0.3076167326109258,0.10226242866371196,-1.74100100709546,-0.406429274280209,0.15193121563312195,-1.9841592342341448,-0.4734564086165333,0.12257683615404512,-0.8592159294025128,-0.19367101211341356,0.11692112273309391,-0.9439606517932481,-0.32796766751378786,0.04433178515497339,-0.658501519587632,-0.3353752937462847,0.008150230906431117,-0.49080766042301294,-0.3180047257533061,0.21239128327709864,-0.656542789438685,-0.25243473042645126,0.20348986405076905,-0.7644078232347484,-0.3505746112062189,0.13744788331098776,-0.55981329718732,-0.35332504315884816,0.09908714914148824,-0.40290196146464763,-0.33832057683950023
2,0.0,0.0,0.0,-0.14447055290789315,-0.22266886218171203,-0.12978173645052757,-0.2230369800883974,-0.5178780427105855,-0.2427872994847308,-0.12102385702013034,-0.7046268192313943,-0.3617676810540369,0.01613655687997296,-0.8141969677197377,-0.4713979919414422,-0.14577118693969066,-1.0431783848589478,-0.13311059678828083,-0.21243494916482578,-1.4702662525902523,-0.26461113888474547,-0.22892667419620463,-1.727001695982057,-0.37024297875255874,-0.24084487502533664,-1.9632501819415595,-0.4493449817944619,9.276804352751894e-17,-0.987008749950416,-0.1606665102668174,0.06741589303097988,-1.4239053852442456,-0.31907558456848034,0.13696680506655315,-1.6936040985003782,-0.4265915442827542,0.19751488497014835,-1.9109819886148,-0.4977244198435508,0.1180226523828258,-0.8234468878859053,-0.20194003007816602,0.09002674230926215,-0.8602679768169231,-0.3392977604461291,0.017756914241668753,-0.6235198715858,-0.3487418805993157,-0.019595375430138073,-0.47616547104440204,-0.3334940288130025,0.20310115768414375,-0.6017139378235196,-0.26663859094653974,0.16521890399211286,-0.6311270123092879,-0.35889912086144476,0.10217202222513645,-0.4553819203542642,-0.3587469105676104,0.06016723634229798,-0.32543013425489775,-0.34326165998855335
2,0.0,0.0,0.0,-0.18921758921178478,-0.2884901174932559,-0.11918934669837129,-0.30348539657792173,-0.657171000129999,-0.22579688283184315,-0.20079706118191967,-0.8430276865398164,-0.34575141118510283,-0.0412734937998626,-0.8781217197294235,-0.45833853860112894,-0.18671002914347662,-1.0797162564419331,-0.12530043104647454,-0.2493392737193508,-1.5155234936516073,-0.2777529136567554,-0.2616345000407499,-1.7711885104754324,-0.40012734852625814,-0.263829000566986,-1.9914380050822802,-0.49021627638789095,1.6555228854757711e-16,-0.9851355441175665,-0.17177881044001367,0.05063649011383006,-1.4013558968371425,-0.3569273560456473,0.10241970950059624,-1.6654611403781738,-0.4962314978121488,0.15342602506222708,-1.8825399677893844,-0.5909382539101503,0.1567531824659274,-0.8031244044976531,-0.2317285748428454,0.06397983207327916,-0.8641969503001713,-0.3947295200168896,-0.045551081428161985,-0.670786369104557,-0.42265391239583316,-0.09112956657688119,-0.523069794270853,-0.4179575396550378,0.28041236016323257,-0.5653418197567677,-0.3163310679005374,0.18312324496499077,-0.6351939841239138,-0.4325336705938645,0.09114179302579808,-0.5174922421318346,-0.44771681995097706,0.03807379470795339,-0.4212544419005335,-0.4415296099748715
2,0.0,0.0,0.0,-0.2313294199262319,-0.3368821242832332,-0.09114205534308001,-0.38694380388563443,-0.7406231224762322,-0.18964809354358558,-0.279677041842397,-0.9170870721720276,-0.3120487919610659,-0.0849220742522446,-0.9237429176538607,-0.4255400280711704,-0.21373879950882282,-1.1200716551668426,-0.07627535738501473,-0.29896449260901686,-1.5533605303873785,-0.2282784970577553,-0.30389205414855275,-1.7847634842884466,-0.35360615228757647,-0.2921072005042636,-1.9770486910590535,-0.4462932982245413,9.564454134260407e-17,-0.9893185886574598,-0.145769441711259,0.055670752299274026,-1.3884494906048508,-0.33284565359711477,0.12388261972803528,-1.6322172495377507,-0.4750876250756117,0.19302873267688594,-1.8158590697810113,-0.5708891291507713,0.18512112232453215,-0.7687313068945376,-0.22991192618015455,0.05936158210401193,-0.876750896417374,-0.3928106137791911,-0.07365549216037104,-0.7127789561294512,-0.4127495221500553,-0.129548367262186,-0.5694600261278595,-0.40196626684427317,0.3294841363879533,-0.49729023157393276,-0.3390611342418783,0.19128011063670078,-0.6233401689126344,-0.4552841967101677,0.055262417573760304,-0.554185390641941,-0.46369669208663533,-0.02938241951912094,-0.47592864037019667,-0.45155687464558747
2,0.0,0.0,0.0,-0.3124130556921443,-0.37385192670909984,-0.1243132367858879,-0.5096080830024315,-0.7773474008672966,-0.236107504891605,-0.3907564895791196,-0.9424968252889911,-0.37100302132085705,-0.15026387164749802,-0.9252316660324031,-0.4962694083019026,-0.2715807447621472,-1.132453869963053,-0.08799742759774942,-0.332838204081427,-1.5534750614331336,-0.25417121072845816,-0.33136414182419544,-1.7870486726939525,-0.3898137253556362,-0.3107946103974381,-1.9793971316548107,-0.49107644921245813,1.0543521296399082e-16,-0.9879700335993842,-0.15464544192969876,0.07541314275217224,-1.360330932650454,-0.3558264636270511,0.14466269405368076,-1.603591740409622,-0.5166374338119516,0.21998411894132763,-1.7952302793831247,-0.6292095845997204,0.2329560570413756,-0.7575493372043796,-0.24083663479013173,0.07729193835494207,-0.8394210892018519,-0.42294782752448595,-0.1090076585627125,-0.6988130117233252,-0.45830604480348736,-0.1871458794013578,-0.5692321823364489,-0.4556382218843082,0.4119664532335811,-0.47616000677430076,-0.3568143348659714,0.24689196614685094,-0.5881863012114473,-0.5010938716220377,0.05172200099182341,-0.5636640958514015,-0.5286104124795163,-0.07668734228039228,-0.5303918727334591,-0.526248797657673
2,0.0,0.0,0.0,-0.3798466085752448,-0.3818732940828564,-0.1567781808822996,-0.6061627045167479,-0.7946237738839599,-0.27610134514898754,-0.4618700781175837,-0.9482365009231507,-0.4160486254957455,-0.1709979310463156,-0.884617343463943,-0.5492914890100467,-0.3155396436312785,-1.136871730869063,-0.11212673924340753,-0.37494051406830314,-1.5619413202780685,-0.2843399888484389,-0.36263732959170936,-1.7973945070934112,-0.4211932351339161,-0.3277671388291277,-1.9841024056380618,-0.5245641128811217,1.0495684161412956e-16,-0.9844080872636635,-0.17589973771980302,0.08341707637601455,-1.3607946546710874,-0.37845484631413884,0.16038256000870585,-1.6081690230858987,-0.5428160183867371,0.2531810407307583,-1.791062263449625,-0.661145779078632,0.26970225992701197,-0.7463109475715939,-0.2650718011063218,0.11051319686062763,-0.8517116802674956,-0.4649011685155534,-0.10744673751686167,-0.7260753422535977,-0.5197368178554698,-0.19880041652379676,-0.6020550650828906,-0.5280642403378747,0.4753796383906986,-0.45618406643268095,-0.38699525579971583,0.304630267882691,-0.5811929945957284,-0.5547049884700339,0.07700068630268159,-0.5797458867377403,-0.6013809693812106,-0.06531570023822837,-0.5588577949073928,-0.6110855345460825
2,0.0,0.0,0.0,-0.4152232087849272,-0.34225496626537316,-0.1510731971412939,-0.6905025039419888,-0.7407275101462555,-0.28033114986541385,-0.5607473768076692,-0.9068610162878156,-0.43346875301478244,-0.25552519172808874,-0.8676142291049552,-0.5807725463087108,-0.34280206582079203,-1.1114031430400388,-0.1356286648526427,-0.4097752959367963,-1.5268569015983753,-0.33016784235554625,-0.3912476596914227,-1.7575702626175007,-0.48487668779263526,-0.34004449170959317,-1.9355434439670915,-0.5999264164470842,8.380139373187757e-17,-0.9773906086673282,-0.2114417132188202,0.07058140750356434,-1.3448645045684917,-0.4398641272768997,0.14839710023697933,-1.5852610821324644,-0.6185634886652865,0.24944167931211766,-1.7641926208077998,-0.745753435128667,0.2973038117963838,-0.7478055423039917,-0.3106394778909743,0.10832337591396647,-0.8435628803182466,-0.5248231270300708,-0.13512460042975719,-0.7378226800578043,-0.5840183054685281,-0.2360433800700856,-0.6304935899343328,-0.5968948564252327,0.5233998864840713,-0.45776934135360214,-0.44278967383650863,0.3022765736130501,-0.5703143722419982,-0.6192610997466724,0.02978526177835753,-0.5860654054679976,-0.6702860166215184,-0.13892348799099613,-0.5818847580115594,-0.6845684619202673
2,0.0,0.0,0.0,-0.438575038905166,-0.3413920917386152,-0.15188880091248372,-0.7237653110223803,-0.7410442369511441,-0.2801235211278358,-0.6186690399087388,-0.9122828354720711,-0.4321757072792476,-0.3018909275577573,-0.8626090674259808,-0.5799587631841934,-0.3607699457463354,-1.1152661890486244,-0.13955594687558032,-0.4113821342238583,-1.538336940361483,-0.3317510934238506,-0.3634400032161687,-1.767496623980459,-0.479098043921463,-0.28322272478813326,-1.9370732774988313,-0.5898023468076022,2.0582127021842925e-16,-0.9757658590564305,-0.21881724863425614,0.08327801764612874,-1.3499112667659883,-0.4416668723343188,0.18788452887555038,-1.5952338297559259,-0.6113320133067942,0.3141129822141323,-1.767901138177218,-0.7350017182200376,0.30093576239843217,-0.7442464531367794,-0.3225109888857668,0.10657238775507238,-0.8550387719221402,-0.5360972337680592,-0.15292133505299088,-0.7607508911500254,-0.5938247265888746,-0.2658418691317337,-0.6567937553025487,-0.6072285566623344,0.5189997613294205,-0.4589059118668932,-0.4599238207275689,0.26575813648824764,-0.5663314209472615,-0.6388777937681299,-0.02384808663918546,-0.5926208834088438,-0.6927561708897827,-0.2005945628360973,-0.599219365982431,-0.7097025283114747
2,0.0,0.0,0.0,-0.47481428954500193,-0.32250526880718733,-0.13586508989743726,-0.7991082386977979,-0.7173106653333651,-0.2649781603249955,-0.7149047134554236,-0.8973228415896324,-0.42143405606058576,-0.39766950577533666,-0.8465739230447274,-0.5743607223587308,-0.3837019109750411,-1.0958278013230003,-0.15379358592800724,-0.4292621457062524,-1.5208926017382922,-0.3629649084686756,-0.3668415140766159,-1.7550592923454937,-0.5290056066059563,-0.2717110349274582,-1.9328358960361351,-0.6527355071078654,1.6225231288607282e-16,-0.970203065325419,-0.24229323563228256,0.07531249693712277,-1.3504692399443523,-0.484066678517196,0.17750178490187865,-1.6106334265496762,-0.6725125371326242,0.298738176931758,-1.802265684694639,-0.811192929380761,0.32340769070957004,-0.7540250766324482,-0.3500919837875896,0.08509839844166253,-0.8603101860482121,-0.5663475740325469,-0.2076425969466163,-0.7725140494677941,-0.6244069268586782,-0.3442970521813014,-0.6755276769054979,-0.6422123471120914,0.553122632385592,-0.4870134817286519,-0.4920002652270623,0.2392861007238091,-0.5824647950676279,-0.6644241723631418,-0.08275430215167215,-0.6082962079430566,-0.714734783138535,-0.285015670432912,-0.6168097615265047,-0.7332746375212328
2,0.0,0.0,0.0,-0.47005368964287403,-0.3356159313376254,-0.13085686379207803,-0.7904072271778828,-0.7333928541656648,-0.25610606821452864,-0.7181237752886063,-0.9211106015724463,-0.4087221941440129,-0.4105636005524045,-0.8758263650356739,-0.5564941332972356,-0.3820651705915957,-1.1035187812154645,-0.14665076343115777,-0.42981288285405234,-1.533196033168621,-0.34802088830374817,-0.37038087110145074,-1.767444111610815,-0.5052915451022045,-0.27937637683626937,-1.9432801216364934,-0.6232421666926746,1.5184406460719403e-17,-0.9718930997146522,-0.23542260453712868,0.06860408627282844,-1.353897919911943,-0.47131810282049846,0.16782238776654337,-1.6152257289237713,-0.6517184353492851,0.2878261041032594,-1.8099646821395567,-0.7842250921086115,0.31939461206712794,-0.7517318224674087,-0.3428647189219326,0.05863628467262874,-0.8617549200462284,-0.5546267444370052,-0.23431182004118828,-0.7739434335062845,-0.6056024587029875,-0.36465209004924043,-0.6733514520520824,-0.6173486446602056,0.5452330181671042,-0.4802835640405964,-0.4838794699329542,0.23078479266328653,-0.5864976551071457,-0.655119117561044,-0.08461021860601717,-0.6174208815228697,-0.702452319142544,-0.2797757011746871,-0.626318411939667,-0.716924409471903
2,0.0,0.0,0.0,-0.45929428362063185,-0.33612951589701595,-0.13625809977517137,-0.7766273024308739,-0.7377879630887086,-0.2619189341403571,-0.7044036862675119,-0.9269349479610228,-0.41380595188366737,-0.3953944487116294,-0.8859327326013517,-0.5606154234216634,-0.37546444175289717,-1.1050237878925506,-0.14421388396009704,-0.42319883094408994,-1.5379009539297355,-0.3402475012888025,-0.3696900502611958,-1.7730438469792962,-0.4903999311944471,-0.28424801827674945,-1.947241678223269,-0.6033460734507362,1.9055700623370248e-16,-0.9731882653436825,-0.2300100002116297,0.07296687332584202,-1.3584930486440172,-0.4587076974381714,0.17313287474765482,-1.6190094110135083,-0.6326273544063712,0.29483600934658266,-1.8094720312460584,-0.7607246538435533,0.31460223431519774,-0.7511486067839408,-0.33604760681186135,0.07217470707856895,-0.8674436484767547,-0.546247859193938,-0.2043765944664999,-0.7738548591146984,-0.5983081828590903,-0.3238911054444544,-0.6676954723912073,-0.6100281923225352,0.539624248740636,-0.47667770657592995,-0.475621704479904,0.23651677376362104,-0.5852144211759963,-0.6484820534695566,-0.07007340559387855,-0.6182015434977003,-0.6984343162787652,-0.25619070429294755,-0.6286745098819762,-0.7139989473519224
2,0.0,0.0,0.0,-0.445180041583575,-0.3592643290339078,-0.13278779502399532,-0.7368018643331647,-0.780177032296126,-0.24381931699993634,-0.6423966367866597,-0.9641211265877427,-0.38028062658498873,-0.3356285740335773,-0.8983259316083518,-0.5109049581662025,-0.35412652797322647,-1.117860861465609,-0.11034825469213501,-0.39295820217486477,-1.538625537090599,-0.2865238203352905,-0.3414720393404119,-1.7630508646466119,-0.42135249751194387,-0.25780963714326527,-1.923845296339162,-0.5236790322028322,1.2824399753975409e-16,-0.9816225428426879,-0.19083286766973673,0.0820583746058311,-1.3572607104913414,-0.3959202684938652,0.18019548318480944,-1.6060385030661122,-0.557014173854073,0.3037285023554317,-1.7801373479860927,-0.675842909816123,0.2882130658108759,-0.7553093166322582,-0.2938162610497278,0.06434333976764679,-0.8767618766111732,-0.4889681326631592,-0.19992828665784923,-0.7885549313208432,-0.5394676718648574,-0.30879193215880263,-0.6835819919723093,-0.5491904155292905,0.48917887543020394,-0.47761782027707,-0.4294548158128141,0.20714791342778588,-0.6028445969357615,-0.5937430654528595,-0.07306559648852946,-0.6361559705529841,-0.6423504169634042,-0.232523389298466,-0.6406007872202888,-0.655877498118759
2,0.0,0.0,0.0,-0.4412836836641744,-0.35231426706877533,-0.12948978423185512,-0.7302773396682761,-0.7645759734388021,-0.24297315686058235,-0.6184286392986159,-0.9374444199103704,-0.38354683632008296,-0.29775735262691827,-0.8739590934174793,-0.5171598871565856,-0.3563716483939096,-1.1135004016144447,-0.10393988083823359,-0.4144460282554806,-1.533759283663195,-0.28416109490625086,-0.3723864821286355,-1.7580979879463625,-0.4253665047453605,-0.2968951880281385,-1.9217219850161809,-0.531534663832958,-8.721336303854726e-18,-0.9825286879809293,-0.18611119604815232,0.07149882218743976,-1.3596930857398906,-0.3960161156822512,0.16498114743530362,-1.6050063042340426,-0.5606936490880762,0.28069925033781956,-1.7775046113405129,-0.6806766159898792,0.2924975125417584,-0.7583743513344116,-0.29079734143062563,0.05334449204564564,-0.871026662561571,-0.48527835390596225,-0.2023096647116646,-0.7710250612008489,-0.5309476412604256,-0.30275577746131355,-0.6593066460014386,-0.5372465752531806,0.4948000503331835,-0.4812495996533783,-0.4284160829539954,0.20080032844794385,-0.5959588883918931,-0.5878003694574134,-0.0748580555310061,-0.6145540104092525,-0.6302456847560007,-0.22929406969994637,-0.60890224866325,-0.6396514057734898
2,0.0,0.0,0.0,-0.43470511740191853,-0.34274430074654566,-0.13887075302944896,-0.7245473880522106,-0.7521354147644311,-0.26114420900979557,-0.600566233395866,-0.9194582366450396,-0.4093084493673504,-0.28346715567059494,-0.8673565441642699,-0.551610768320915,-0.3579079922141762,-1.107064612328658,-0.12531552450646796,-0.4214070107428592,-1.5286624602908523,-0.3179857730593806,-0.3855640217139322,-1.7558755378555926,-0.47064661505754896,-0.3168050912432916,-1.9256982623525412,-0.5845170817618726,2.1221232954549318e-16,-0.9786670189162235,-0.2054528317780799,0.06604853707766291,-1.3565907954524232,-0.42884326200181905,0.15393357453148776,-1.6027925895834645,-0.6050006078804157,0.2639211853638269,-1.7788574003910758,-0.7329224202051112,0.2977744035230686,-0.7564636298150621,-0.30792455443317607,0.07187476743105968,-0.8640181971037402,-0.5126288021254011,-0.1849487918344897,-0.7656533637111842,-0.5658656065220309,-0.2909273797350476,-0.6570292778161767,-0.5777477107791024,0.5100756002562534,-0.4777555049406268,-0.4436290433712307,0.22474724823099482,-0.5909020234817097,-0.6105229869710075,-0.0595165481838936,-0.6119739763273137,-0.6577792095105984,-0.22552234884413566,-0.6093824966650999,-0.6713882212699562
2,0.0,0.0,0.0,-0.42157954178682944,-0.37583127430124075,-0.15275470484283177,-0.6742948174481112,-0.7865413609438864,-0.2678027227970169,-0.5470858242144699,-0.9614783106461025,-0.4063567473345924,-0.23492946577050444,-0.9062953943145078,-0.5387289605751674,-0.34015275399459743,-1.1275650419509624,-0.09034228421414867,-0.3857361761341779,-1.537480433902279,-0.2574981493739132,-0.33707167103174884,-1.7552100502777428,-0.38662188602448894,-0.25557426815914736,-1.9134925452863485,-0.48538106880884563,4.242874158403003e-17,-0.9866610946406986,-0.1627878506597427,0.08388906787228369,-1.352054128209918,-0.3574041358371961,0.18532894072028158,-1.5937931197940165,-0.515214995394673,0.3091322165851847,-1.7633453006097783,-0.6311087361064339,0.2787142250345719,-0.7563096297171372,-0.26383293743682484,0.105751953739911,-0.860501803526378,-0.46301212068343767,-0.14837123491163992,-0.761272741266332,-0.5214613107731588,-0.26278038547894994,-0.655554320931908,-0.5327438171179764,0.4775342008584189,-0.4733364938444189,-0.3982027353476299,0.272045565380077,-0.5916155472690809,-0.5718885598226133,0.010194217853114477,-0.6094272717216869,-0.6262646188043238,-0.1497157570089122,-0.6023166657730765,-0.6410363783051743
2,0.0,0.0,0.0,-0.4056677050315915,-0.3973735599755484,-0.15890890509683833,-0.6350423410676254,-0.8187741388734088,-0.26524095467299413,-0.5186567772571032,-1.0083183126396702,-0.3925793760890707,-0.22084371239949058,-0.9538896940905691,-0.5143361266814479,-0.31916201209653794,-1.1443648148199532,-0.06684277922515958,-0.36133474891158074,-1.5539875531032332,-0.21153233373482822,-0.32352059827905616,-1.77287683070137,-0.32464593318821056,-0.25705581136678535,-1.9280307724824468,-0.41349262997629516,5.1643984859623074e-17,-0.9914104471264298,-0.1307873286238863,0.09182191323355504,-1.3528116165729742,-0.3009467412623318,0.18690730555171423,-1.5941854112663567,-0.4506848428475774,0.30131563057194083,-1.7618927211370645,-0.5620654960509637,0.2627300343950628,-0.7517489580676864,-0.2256014803056954,0.12144587107938193,-0.877820125020917,-0.4152483552323316,-0.1223684807936741,-0.7835794197900379,-0.4828482112393712,-0.23674303218966083,-0.6741874529863516,-0.49924941227769126,0.457429672315733,-0.4605057258236886,-0.3522574137463561,0.30721184973850013,-0.6069665872077425,-0.5275384495070652,0.06264125396524053,-0.6442506402733873,-0.5894536428190035,-0.09391415373559985,-0.6417777090845898,-0.6082501456940801
2,0.0,0.0,0.0,-0.3733922716097745,-0.3794965497975165,-0.16029721135979774,-0.5857537858124459,-0.7987318311982602,-0.2788279884748683,-0.4532706686617578,-0.9786009463184686,-0.4177742335864227,-0.17736123028618536,-0.9542721312055991,-0.5515056572201924,-0.3085829165084576,-1.1427153615734174,-0.1079073772485092,-0.35289281286575586,-1.5630397050485711,-0.275817072445772,-0.3269249037752688,-1.7905494531928245,-0.40555473686139826,-0.26662850103368413,-1.960231204343459,-0.5048002710537781,-1.1533186513844998e-17,-0.9845503694631871,-0.17510159905009978,0.10176372008364094,-1.3555038345047394,-0.37589891522106444,0.20484057437605288,-1.5941810221526624,-0.538332436934181,0.32848181399478577,-1.7602166071278555,-0.6548437254793429,0.25723397026941136,-0.7391996604742441,-0.26946738815863785,0.13057184161603116,-0.8824874038239552,-0.4791345965490872,-0.10721796609461057,-0.7767856390296466,-0.5411300617212984,-0.22303511530981335,-0.6615453601989861,-0.5520622300805599,0.45132664662304006,-0.44311078927208486,-0.39501057751247715,0.3270136123369285,-0.6011791706926729,-0.5842785276840841,0.08267580372679324,-0.6517924634744241,-0.6440338773953789,-0.09157446634380531,-0.6727839518444446,-0.6599854134348935
2,0.0,0.0,0.0,-0.3752785053133265,-0.3747391438736504,-0.1563223368261511,-0.5890089467078057,-0.8078009813881589,-0.27014566264366274,-0.4424292840688987,-0.9840410787549061,-0.40404625857871074,-0.16570767098208466,-0.9543979880165101,-0.5326415921024918,-0.3053304351763647,-1.1388009487575967,-0.10656910175810108,-0.3525612947117272,-1.553239300826171,-0.27040907652993573,-0.34096683315103843,-1.7828002632451145,-0.3975231480249555,-0.2965031181226165,-1.9561880466043682,-0.49464656495599624,2.706036746235337e-18,-0.9851900609945144,-0.17146586750028348,0.09999190120098869,-1.3542797176568255,-0.3655548603389176,0.18935353478926256,-1.592106009233007,-0.5231458126161566,0.3003874819486629,-1.7587358716340553,-0.6366595102306934,0.2531875305602591,-0.7434314156628973,-0.26282514285631975,0.1153645698036649,-0.898561909657351,-0.4639617142351004,-0.11264673832273328,-0.7890535606475438,-0.5216312268782393,-0.21565458504882526,-0.6660960043702506,-0.5310778698827748,0.4430545436688059,-0.4521028289458551,-0.38496524827292533,0.3028468909838387,-0.6175088900997423,-0.5668578297227158,0.05636370937938027,-0.6740692553054412,-0.6236889787127416,-0.11063689483169133,-0.6980402018737567,-0.6384980262400087
2,0.0,0.0,0.0,-0.36972996343008924,-0.38088995882245136,-0.16245086225858593,-0.5779388061967133,-0.8100539122452183,-0.2772376784521402,-0.4472507581357666,-0.993337356069836,-0.411387603935312,-0.18189019632765152,-0.9701525199891977,-0.5404627136599062,-0.2972139002174814,-1.145143625189855,-0.0974734406845988,-0.3476512840532624,-1.565249350581683,-0.2476447613992915,-0.3417572730100009,-1.799925961754207,-0.3614236102116212,-0.30458062322168966,-1.9785202837633913,-0.45076453397575594,-9.76317291948892e-18,-0.9869636432647526,-0.1609433654226422,0.11120183904523685,-1.3535446510683573,-0.3373612820547663,0.19983867664319988,-1.5926660038332878,-0.4812373591279021,0.30979108522467985,-1.7582347391378923,-0.5864727433178488,0.24480022255262376,-0.7403534437001935,-0.25337906608392635,0.13491680729881794,-0.9077069426356345,-0.44958289506367916,-0.08322588151187661,-0.7921666396797236,-0.5086805615000806,-0.1824316940502624,-0.669439421918481,-0.5187235097006977,0.42591490301068496,-0.4449743798408282,-0.3759206632984164,0.3023332696542873,-0.6300758832202256,-0.5573854475423378,0.06602778280775626,-0.6779705794190577,-0.6150558370578508,-0.08971235949409516,-0.6889616322799113,-0.6303890200921508
2,0.0,0.0,0.0,-0.36270753517977705,-0.37776451559693836,-0.1554170231976526,-0.5658192574284371,-0.7997156232636993,-0.27112709859265677,-0.41745693029567327,-0.9659039723993501,-0.4073204505765241,-0.1420658908286943,-0.9326863755461101,-0.5376818772460391,-0.29598457816898704,-1.1423059657200256,-0.09761443692331177,-0.3633633712924619,-1.5702776277258472,-0.2533387669000112,-0.3638986380730432,-1.802405742709306,-0.37322486559762486,-0.33360764460360914,-1.981677175921177,-0.46529698129113023,7.953697276625006e-18,-0.9869449649653964,-0.1610578657795158,0.10538227107164783,-1.3565654164767946,-0.34367178551534217,0.1889854090491467,-1.5903472818792739,-0.4900722875583395,0.2942608036367591,-1.7518070745822822,-0.5955473509587238,0.24422001755951017,-0.7428422048494908,-0.2517555968047927,0.12359093783549092,-0.8877052406032392,-0.4453417138864418,-0.09750379888349422,-0.7693688709972905,-0.4962748080909881,-0.19306917932114392,-0.6400287459768808,-0.5008173781109443,0.4265810020330933,-0.4515703743292701,-0.3729977153888472,0.28895463836498014,-0.6132271087118416,-0.5453933489744595,0.054674492071066116,-0.6392879075796801,-0.5932853134629792,-0.0951261906499675,-0.6319380231269776,-0.6018697418519295
2,0.0,0.0,0.0,-0.34336855261640636,-0.38297697115187285,-0.16346730032151016,-0.5238679915664496,-0.7964410198751057,-0.28364937031911835,-0.3719954661903851,-0.9479867245842492,-0.42208937309867406,-0.09991540326073556,-0.8999774859489359,-0.5551088755167729,-0.28058182262649956,-1.1503567269272656,-0.10182867974756363,-0.33963694340850165,-1.5798374752483269,-0.2594068792143657,-0.3317932194246712,-1.8099896554812225,-0.3812998365233937,-0.2956828354232392,-1.987286334466849,-0.4743786400333708,1.0352359771145313e-16,-0.9871143208530725,-0.16001661653333846,0.12502156511634213,-1.3447188645284702,-0.34349822467976343,0.22717049960620114,-1.567917647152044,-0.4909369008156513,0.34400346782842867,-1.7212288100367557,-0.5968026466021114,0.23277932965078374,-0.7370880123518078,-0.24655829520548464,0.15671100909947344,-0.8668623216405583,-0.4421515691588305,-0.050657500692446976,-0.7452149770280384,-0.49458081507922813,-0.14707165440357675,-0.6203684271639434,-0.49975324039151964,0.40676443443736243,-0.4442359066440017,-0.3639767254653752,0.3057218540119532,-0.5898310926399674,-0.5346224942753652,0.09678612511758841,-0.5902479883482634,-0.5805625778085711,-0.03779496173439485,-0.5630775080936555,-0.5882719576180039
2,0.0,0.0,0.0,-0.33531824442952385,-0.38366382420501666,-0.16761674702149607,-0.5118648952105483,-0.7969412818005366,-0.28886081519466456,-0.36032796875399364,-0.948465055354595,-0.4277629421828841,-0.08309538188906249,-0.8971564742349973,-0.5602713724859537,-0.2753361066263475,-1.1543435768088308,-0.09736346808660205,-0.3372927832840269,-1.586703216478957,-0.2523098404951475,-0.3346190476740081,-1.818484864430265,-0.371670348020338,-0.3034118889276075,-1.9981855295228825,-0.46282623912063076,5.0787988332534285e-17,-0.9882803130937419,-0.15265000082324112,0.11788441560664725,-1.3518995920985175,-0.3328730855594795,0.21519398298512452,-1.5757883328860576,-0.4776880554335722,0.3276601691338722,-1.7309868541595386,-0.5811021577094169,0.23020359061137502,-0.7371989427592166,-0.23756183998369604,0.15461066316192115,-0.8690326545438717,-0.4329575156494025,-0.04295065880558335,-0.7379013538511784,-0.48526954869984934,-0.1313782995348056,-0.6093859767073252,-0.48904060050807363,0.4034218194942993,-0.4448086341566975,-0.35342753041233654,0.30639776999330964,-0.5970990189900244,-0.5232725307057127,0.10427071077086214,-0.5871671372853055,-0.5680343455337378,-0.022265930247391888,-0.5483353021013038,-0.5743658091079727
2,0.0,0.0,0.0,-0.2998614274141886,-0.37091426129406607,-0.15026491314697987,-0.45481013289502487,-0.7666691179867768,-0.2703740020272396,-0.31889211330202916,-0.9169476282122155,-0.40958650197262425,-0.0735694001705993,-0.8841145656228301,-0.5428647616775516,-0.25210768460630056,-1.153382814777021,-0.09978562265109689,-0.310762117621399,-1.5855560285392571,-0.256530249187371,-0.31488317110124237,-1.819315975972572,-0.37732266721425706,-0.29255590256902836,-2.003676737856078,-0.4685671133024094,1.0238084942914437e-16,-0.9872765565118563,-0.15901258114404518,0.11997276370242362,-1.353858363005572,-0.345301160393155,0.21645866554577692,-1.5712962209257928,-0.488380702348119,0.3227932864637154,-1.725712394883129,-0.5879057661855988,0.2123773559338273,-0.7356580969053214,-0.24415921360928736,0.15795381438827008,-0.8764574972495974,-0.4374466015140968,-0.02763168142567842,-0.7426167283130958,-0.4812858473546506,-0.1161542099640188,-0.6182346460772198,-0.4799363188604392,0.372496164741664,-0.44403288922727663,-0.3579383760400294,0.3007027689626246,-0.6013299124783364,-0.5210673151253779,0.1122816095782845,-0.5851588925660729,-0.558068814941998,-0.01273691674023896,-0.5454156900059605,-0.5598490181709712
2,0.0,0.0,0.0,-0.24822555174873984,-0.3775472896371103,-0.1378213706107565,-0.3591876799468213,-0.7599668001499865,-0.24410613933182773,-0.2481443076771455,-0.917671354167999,-0.3652240386581204,-0.04187335861767049,-0.8902631068611165,-0.47752245784164543,-0.21858312770096416,-1.1622830725416133,-0.06862063725338462,-0.25084211744120616,-1.5910370654315515,-0.19477102318564918,-0.24870208982887354,-1.825215107696133,-0.2933442900284863,-0.230102882792933,-2.0106953296940326,-0.37009253525138963,1.4663920793073292e-16,-0.9935353018970456,-0.11352358294357291,0.10663132298103567,-1.3707871538500158,-0.2660083619230423,0.20410065571339966,-1.5980878916079053,-0.3913046190336104,0.2961447735119063,-1.7784109058460942,-0.48070977872309995,0.17608716638776856,-0.7473914727977672,-0.18222991936876465,0.13399648957643204,-0.8834246433757075,-0.3408362536690937,-0.011383826999860465,-0.7360109688915344,-0.3760044124400819,-0.0907728415165306,-0.6119715159015434,-0.37183324341021723,0.30611956528891715,-0.4663860450230236,-0.27688766840956713,0.2597356166832366,-0.6233751019763618,-0.4084527583786098,0.11255001060287224,-0.5885359746012373,-0.43467100983601215,0.006563019735811881,-0.5323468273751267,-0.43175752350236785
2,0.0,0.0,0.0,-0.21446475132337173,-0.34446892239604177,-0.12772344460455168,-0.32168879970165193,-0.7241793170093188,-0.23322428929748493,-0.23004006179577682,-0.9016195040048284,-0.35502406272403975,-0.04901556156380624,-0.8970742407516195,-0.4709446723661165,-0.192764996537545,-1.1368311637241058,-0.0821264108880978,-0.24116558773667707,-1.5615214799157267,-0.21801106428429812,-0.24670168760557523,-1.800057975279761,-0.3246539725015452,-0.23516362532395732,-2.0018350712483404,-0.40583956160439,1.424939590415793e-16,-0.9910145478427865,-0.1337541250352952,0.10011677128236361,-1.3750352950775024,-0.29799208784243275,0.18227591250122252,-1.6062150444259184,-0.42533068924205825,0.2659329890647073,-1.789203779135152,-0.5132494953070478,0.16132285131448287,-0.7582402040205805,-0.20740766347509051,0.1427845118336864,-0.9092834439422554,-0.3778246269877724,0.0071096481694126554,-0.7469831451431205,-0.4150716499445351,-0.06300026540393626,-0.6157354184603145,-0.41236758879618884,0.2816832260702432,-0.48314143613165766,-0.30490703148060466,0.25310179782278747,-0.6393529330104486,-0.4423384954169595,0.12607904399940464,-0.5697758127815601,-0.4682026694246008,0.04196811403396228,-0.48968781087105834,-0.46594699872085016
2,0.0,0.0,0.0,-0.18727396358193787,-0.3263494319669407,-0.1482679721201217,-0.26617464676424896,-0.6941343653459705,-0.25680027512413406,-0.1495364649968399,-0.8530401085269516,-0.37392327764423344,0.022674955667662852,-0.8580677620896684,-0.48227566374558833,-0.17116060641133304,-1.1126657372121262,-0.08888948783968809,-0.20638497066243494,-1.5471618665055775,-0.215927963309897,-0.2150029104943662,-1.7928369817551522,-0.3170647920478156,-0.21165273462293546,-1.9998415038579107,-0.3939514509375217,8.267580203772573e-17,-0.9932650133391321,-0.11586463341509114,0.08443331127705243,-1.3991211623434718,-0.26466903102066636,0.16297501733895914,-1.6407429962182094,-0.38564058832152365,0.23637258975734657,-1.840898662352167,-0.470196884383333,0.13832884960843506,-0.7882369752533978,-0.16599482791081135,0.12596902284302655,-0.9146367746450208,-0.3142996335433456,0.03170516230216537,-0.7059123199010033,-0.3447966464776833,-0.017192785956113937,-0.5596680904403666,-0.3392895383484804,0.23851941861051246,-0.53599776147909,-0.2411426800951364,0.22357211704281002,-0.6892697373186885,-0.35666346850178776,0.13149265062483706,-0.5763660993285439,-0.37517815997321924,0.07155785382059934,-0.46230078139651865,-0.3691744972209133
2,0.0,0.0,0.0,-0.16450015840755144,-0.28510828297108076,-0.16188085091174742,-0.2264621630095082,-0.6125426473497545,-0.27759382002460525,-0.10838035104048224,-0.7825332964705868,-0.3945584476830093,0.03868293083900122,-0.8462901766991441,-0.50009881492455,-0.16193914496810405,-1.0942131199195118,-0.11223242492515736,-0.20449931986436704,-1.5314316939653565,-0.23335402153640786,-0.21764909559633566,-1.7802017508946377,-0.322702889020698,-0.21843331090025642,-1.9973238977555612,-0.3903682410519144,6.767301118528854e-17,-0.9922500849315883,-0.12425686682536323,0.08159834419739409,-1.4157390403845262,-0.26725328122496894,0.1561293729731647,-1.649604471622635,-0.3661817644046756,0.22590410640769518,-1.8598448624744057,-0.4314883553923771,0.1283583555515241,-0.7926584014787493,-0.15956424044344134,0.13505028558676027,-0.9191160984225552,-0.3048585884595627,0.04794368795120023,-0.686224168242008,-0.3234030775405952,0.00201952662915092,-0.5484791174377368,-0.30699186558900154,0.21484036202200257,-0.535326079018929,-0.2188390748344903,0.2156322193457537,-0.69226882014669,-0.32866620509086425,0.13359152102709423,-0.5484165496501094,-0.34026717606899215,0.0812028638011506,-0.42260106524527574,-0.3276755737307798
2,0.0,0.0,0.0,-0.1528644193286092,-0.2687779443969472,-0.154950251459138,-0.21277936994277982,-0.5756466418236491,-0.26972397124185943,-0.11569761368377861,-0.7519475382026577,-0.3873313042468821,0.022015369531858404,-0.8344114703016919,-0.4942472962455064,-0.15389915831901704,-1.0783758542987596,-0.10150564549295837,-0.18796264083775738,-1.512405945734747,-0.21983522967975003,-0.20265105337251585,-1.7607211953723052,-0.30937669296906767,-0.2077482626964237,-1.9758778701176345,-0.37748374548530295,7.742832042614216e-17,-0.9932673194400872,-0.11584486234746931,0.08135078214710276,-1.4208811299855493,-0.25793867053303354,0.15797161341679833,-1.6717340410546655,-0.3617132586822836,0.22284894226144233,-1.8935337205937257,-0.4310801451903122,0.12297303417772441,-0.8105281613878138,-0.15247302027338283,0.1395352254700656,-0.9322696610894566,-0.2943288776627586,0.07159479292256367,-0.680214721258668,-0.3139905501255815,0.029938924039037126,-0.5256857269727196,-0.2990233151980341,0.2082443553149714,-0.5732804744073237,-0.21258081896025927,0.21515842413592548,-0.718188710834726,-0.31940432666053215,0.14728776008104275,-0.5618333431816448,-0.3308144062166894,0.09835229682669527,-0.42767803249992736,-0.31855559070390377
2,0.0,0.0,0.0,-0.1490643605580182,-0.25011311131790753,-0.17489728401357632,-0.20000390012977617,-0.5676754800639889,-0.2931574558620942,-0.07865208549461354,-0.757570079232447,-0.4090669364753617,0.06680574337003341,-0.8549435856747752,-0.5137535376701063,-0.15221205934939752,-1.0588034519819778,-0.11341007848007804,-0.19251228799023065,-1.4949834769501527,-0.2266029960678702,-0.21272757282973265,-1.7526847341221594,-0.3135461350226461,-0.22341337470874792,-1.9737451586852188,-0.3807346448054591,9.662883040353475e-17,-0.9932682033226674,-0.11583728358417272,0.07822058638561805,-1.4327927939147238,-0.25083448642798245,0.152238276135913,-1.692734556045897,-0.35526380522339496,0.21528279452248933,-1.906604643017267,-0.4260690125738968,0.11880541709815896,-0.826347679673497,-0.14208764460428205,0.12912865636238102,-0.9476991561080367,-0.28109531978255214,0.06400051077182152,-0.6986096505344195,-0.31095261048556194,0.027659201208130063,-0.5415105185672779,-0.30285061817485737,0.2015987888726236,-0.5997388010696237,-0.1918975318589586,0.20621700439106602,-0.7563727405681738,-0.2991816384645879,0.14094798049718243,-0.5947952829910536,-0.317578878134424,0.09862792176609299,-0.4504223606272339,-0.3102966509470928
2,0.0,0.0,0.0,-0.14419410709042818,-0.22594519266872212,-0.14596248225280017,-0.193921999100646,-0.5274778833095157,-0.258915268515421,-0.07943371624356117,-0.7262672867343442,-0.37470038068929673,0.050259272250957665,-0.8510884540875379,-0.4804110045072309,-0.14446767425950618,-1.0305462465897544,-0.1149876480050259,-0.1894407373097271,-1.445631132576578,-0.23832562213946168,-0.21559287458425816,-1.6889792858662995,-0.33275760876228777,-0.22933268664769327,-1.8961012155996486,-0.40281312427052296,-1.9026459697122597e-17,-0.9913728990049395,-0.13107164116826286,0.07243091550168525,-1.4344918886747806,-0.27727199449093864,0.13749654508231218,-1.6970031363176974,-0.38130066343868096,0.19447071854241868,-1.9101558421672238,-0.45006593995961824,0.1172233904038101,-0.8402083070150785,-0.1664417614013887,0.12792781520208735,-0.9582400832071357,-0.30183240622706775,0.061999255850700416,-0.6946944152025649,-0.31512942351978057,0.027668598736013766,-0.520827855475786,-0.2990784919991408,0.19964953841900815,-0.6168970133556857,-0.22467673705629243,0.2013588132832463,-0.7654367747685462,-0.32426853784915716,0.13613025102608534,-0.5997929817338452,-0.33065131166990686,0.09525081237875391,-0.4521040298013342,-0.31656075786590265
2,0.0,0.0,0.0,-0.1489434113244031,-0.23227526130234843,-0.14000870834262907,-0.2021794062550865,-0.562989099701054,-0.2376386262629855,-0.08451015382965046,-0.8132449436701177,-0.34021805441582254,0.07306243539687624,-0.948587018150788,-0.43273189458600786,-0.14335079618082483,-1.0175042906568714,-0.06915432824320529,-0.1898926940028393,-1.441807691485187,-0.1700103369330926,-0.21250609378428792,-1.6885200552770065,-0.25102198460988906,-0.22323182974510822,-1.8996228298103257,-0.314471626095035,1.1300807075900024e-16,-0.9961783295200983,-0.08734263446076233,0.06151687275106033,-1.455595498824902,-0.20894045669170155,0.11612505321898799,-1.7375729750137576,-0.30915126189289815,0.16323162085139667,-1.957665733920654,-0.37778136142427615,0.11761074994890588,-0.8695142693818084,-0.12698477976250433,0.10604031826072975,-0.994625430165094,-0.2543754794391079,0.030026655819006546,-0.7297215018966497,-0.2787862585926853,-0.0071138543331081714,-0.5511821810627965,-0.26904107623835727,0.20662951794732912,-0.6742259156178944,-0.18830585320858903,0.19657523008633287,-0.8336573742052493,-0.28791069170517497,0.12210178007618012,-0.6497557120982153,-0.29967477561702793,0.07745416957974678,-0.479095946195373,-0.2883177394266942
2,0.0,0.0,0.0,-0.144517360124319,-0.21760460808507956,-0.13126748243355063,-0.1994107912954931,-0.5426920334753967,-0.2317846922428916,-0.0834910645379801,-0.7922040814713569,-0.3372098592324683,0.06440472691953901,-0.9457249691844924,-0.43228174063603697,-0.147477634322278,-1.0174129779538474,-0.08966256680919184,-0.191937846721908,-1.445767607983931,-0.19976838914419306,-0.21189442423119825,-1.6941747580315416,-0.28495325494347,-0.2169964245759585,-1.9115860776822824,-0.35039947097248086,3.931345728698367e-17,-0.9938014460393735,-0.11116962647256771,0.06607549973910945,-1.4561515834347172,-0.2416042256610871,0.12318897529806459,-1.7331738074488687,-0.3365876166898206,0.1773715428555853,-1.9622350501296717,-0.4007076981604961,0.12312268022999652,-0.8585092102278292,-0.15152384870935667,0.12415209402882882,-0.9869752046302248,-0.279079877336334,0.04514042083793238,-0.7141546168769046,-0.2894275283731215,0.008173914686016226,-0.5393809867058859,-0.27216997805847765,0.21426311401376405,-0.6493521732575235,-0.21346918543190227,0.2127422878165389,-0.80726881532619,-0.3108372559799871,0.1368940715566267,-0.6171957501646619,-0.31393037340460617,0.09358812993625606,-0.44847348084754146,-0.2973317269815857
2,0.0,0.0,0.0,-0.17096806803802245,-0.19339656367077204,-0.12394943356651937,-0.2526942984764087,-0.5039272319897905,-0.2142794043947143,-0.16960152378744678,-0.7899547917657739,-0.31476488164526023,-0.016475425425370612,-0.9609614084229835,-0.4095613272979178,-0.15019729629999054,-0.9757127287177344,-0.06497709287500122,-0.202787829651861,-1.39264476903891,-0.17038968500127946,-0.22942533115881436,-1.6541829513847564,-0.26157990974068285,-0.24416288387258295,-1.877796870227968,-0.33216176726707386,-3.7121939024084436e-17,-0.9954474065323977,-0.09531243794974074,0.03712839196784771,-1.4329155861635106,-0.2260061066317887,0.08529414080999366,-1.73911813010187,-0.34307154229942893,0.12310448688867971,-1.9644033040798303,-0.42452481337864617,0.133289461694735,-0.9176503869103857,-0.1449380827512446,0.12987913546039534,-1.0649616047493304,-0.27809952969194607,0.07256951919235553,-0.7895156881049978,-0.31790465840632304,0.0330824040126904,-0.5677525692146648,-0.32058170926734747,0.24368367519394046,-0.7684034986491366,-0.2153855692953614,0.2426658744449363,-0.9284061228484881,-0.32008944895793184,0.17803551588093233,-0.755822086913726,-0.3428242634164137,0.12940873306051517,-0.568344429599003,-0.3413020774903319
4,0.0,0.0,0.0,-0.3261649418540583,-0.042247463548817255,-0.28119831452735433,-0.4899415906724755,-0.2401398739627517,-0.45835806658969785,-0.15423159116210194,-0.5420130948343294,-0.6106196299931184,0.26563091602449523,-0.7447692443238272,-0.7671460566924346,-0.34676031309397154,-0.7837721179577821,-0.3473249710260311,-0.5557044058149647,-1.111999973481132,-0.5313130854721951,-0.6488685981899468,-1.326119167577787,-0.6834485429446149,-0.7138680576582274,-1.5203562800012198,-0.7979837845433443,-9.828710700772492e-17,-0.9456566646453995,-0.32516683811812397,0.03037804306793277,-1.408375974472952,-0.480723080937939,0.09988451064497789,-1.7116409472966796,-0.6439121391571655,0.1563476147127117,-1.965742716263847,-0.780518635580413,0.27932912315091185,-0.9790731786170463,-0.3274995261516947,0.3603210138158043,-1.4077681803751636,-0.4738042667030461,0.42026280439558333,-1.6912703805082656,-0.643843129912193,0.459238069949685,-1.928042006734208,-0.7744898775917008,0.5137694363994849,-0.9020756765034027,-0.354611298153971,0.6790246846745412,-1.2729179202931937,-0.49001416634085987,0.7785808941977693,-1.4844547435707796,-0.6072362960591061,0.8593269306195035,-1.654914866947672,-0.7054172661653064
4,0.0,0.0,0.0,-0.2569180031595578,-0.035008077109220694,-0.22996836996027484,-0.3753536319499415,-0.24472964831334473,-0.36155831788738885,-0.12849742390993094,-0.5609221309619493,-0.4743588210336619,0.1636653407746768,-0.73858135133216,-0.5895250920300953,-0.25241255840845583,-0.8078378800402357,-0.24960791963554768,-0.3836875079076889,-1.1334727588483147,-0.3861505170418628,-0.4331638969911405,-1.3529590976240538,-0.5051055128959776,-0.4623281152757354,-1.5517645445367343,-0.5956720514785375,2.408182244573722e-16,-0.9734206382872261,-0.22902458592144495,0.0363503882174203,-1.4254566628826812,-0.339107186396012,0.09453686302969636,-1.7201509311933851,-0.46541882456318745,0.14369846606337566,-1.9588992865259032,-0.572648103918375,0.20090917123834656,-1.0037900199165324,-0.23120960961247336,0.273330007796671,-1.4202327934239798,-0.33635019367732655,0.3221432621444297,-1.6882420264702105,-0.46959127707429765,0.35914010857169676,-1.9079928392734469,-0.5731742426143267,0.3691791393683184,-0.9216961234915154,-0.2564443164962539,0.508927267909051,-1.2849932114141027,-0.35658932231662,0.5880961318198488,-1.4966966914568332,-0.4481266781655199,0.6522152179658408,-1.6659517751331285,-0.5250732639753738
4,0.0,0.0,0.0,-0.23764038894368145,-0.028797705336229135,-0.19501032718904995,-0.3561750057659644,-0.22732056533261066,-0.3115578760354961,-0.1740971494844042,-0.522877735748527,-0.41698366401089143,0.05769614361267212,-0.6901622422226247,-0.5251702017956594,-0.22174012073813545,-0.8256603625439193,-0.21730468739841785,-0.3277265834983876,-1.164380365939916,-0.3481837106856325,-0.36405280428471504,-1.3881239707409216,-0.4594276365918315,-0.38479276808565016,-1.5946166442046228,-0.5433187747956688,2.6152810435862924e-16,-0.9771193958924211,-0.21269152820653164,0.04730654826066646,-1.4409827263951587,-0.3209937304117308,0.10002042696066701,-1.7305206822757306,-0.43304792892698823,0.1413001144659056,-1.96395093305989,-0.5275231732198331,0.17770932626302544,-0.9947193652807474,-0.22911494340870311,0.25353894077281225,-1.4085600085536523,-0.33158691973232196,0.2954749770932806,-1.6779839438937514,-0.44185116903357874,0.3250888931108603,-1.9041302673482847,-0.527561336607285,0.3294951002920643,-0.9037308829639099,-0.2676621578347843,0.4527460475751056,-1.2538593559668152,-0.36085523318875234,0.5243710113268438,-1.462355343185405,-0.43515858874359387,0.581153057187781,-1.6309861677744053,-0.49804059220163643
4,0.0,0.0,0.0,-0.2238605474067787,-0.04397089018129399,-0.19278770858643354,-0.3430154187067674,-0.23557458566476333,-0.30776223801945574,-0.18298676036113595,-0.5067868203123299,-0.41022715750793187,0.03072163312027448,-0.6577182977641434,-0.5151063172536672,-0.2060692756147164,-0.8420128105199955,-0.20633572137917572,-0.30070350757961073,-1.176178928873291,-0.32593814878596306,-0.34130327734994725,-1.3928235775558493,-0.4284516585814452,-0.3692691392480784,-1.5889910099228655,-0.5056848556723267,-3.8080644752108523e-17,-0.9805739359667186,-0.19614983074868425,0.03790803738882502,-1.4261165720994673,-0.2918988684360021,0.08013662267048026,-1.7086637770101503,-0.3976472248116432,0.11075726013135224,-1.9417322663640104,-0.4873432118323048,0.16620444684179625,-0.9888099175895435,-0.20625634484712008,0.2356030959253558,-1.398859942695805,-0.29732085206891945,0.27402968831776015,-1.6624013197180036,-0.4062143264980415,0.2976757724966771,-1.8778054857552449,-0.4907968328134735,0.30685766680410387,-0.8910480554969088,-0.23717203726922348,0.42713608484585436,-1.2295334039209314,-0.32275260062970607,0.48972192233865414,-1.4320473403900373,-0.39643796347239957,0.5352938930710405,-1.6004161812676807,-0.45822062313019163
4,0.0,0.0,0.0,-0.20689891390497828,-0.04202510077943367,-0.1912980842910919,-0.31763296458206447,-0.23810100648656726,-0.30304028225475066,-0.18005716135164931,-0.513560288405927,-0.40354806144773125,0.009233925780330337,-0.6844769668872329,-0.5060857659374698,-0.18585764206054486,-0.8512066006533301,-0.19246225876783093,-0.2790014484867837,-1.1740873568076804,-0.31012840553800425,-0.31211973002144033,-1.3884918249161557,-0.4116979662723938,-0.33301999115178865,-1.5910819069202011,-0.4880706305186914,1.0794616195400317e-16,-0.9831284930295761,-0.18291628192535286,0.03737988940030502,-1.427741284464991,-0.2783328279031792,0.08037470688344663,-1.707310627394613,-0.3825407479880648,0.1137469566255879,-1.9399001829643883,-0.47025266496711876,0.1491064050826102,-0.9844330261951307,-0.1951852241054187,0.21045781870046773,-1.3841545278006169,-0.2863934562429052,0.2452910983088332,-1.6406232131935206,-0.3890210881580464,0.26926975707911227,-1.8564004505126626,-0.46877734094754586,0.2764268318602234,-0.8824688970633026,-0.22918218475579347,0.3819050816963928,-1.2067580516088126,-0.3131463282743297,0.4419661858312896,-1.4016610097709954,-0.3822305748559302,0.48989477580310486,-1.5671780943123488,-0.4403011691259573
4,0.0,0.0,0.0,-0.2007372641982302,-0.062164435584178133,-0.19182406769919125,-0.3084664559343653,-0.2677069160244122,-0.3009485358689507,-0.1655317179263543,-0.5354371239143576,-0.3971076049662912,0.03290276690691217,-0.6836608810543912,-0.4947811454510212,-0.1835494296697815,-0.863230820004865,-0.18324212774676776,-0.27232706864717626,-1.1992057361041344,-0.2891295888923006,-0.30719431928317553,-1.416927938862597,-0.38258782646608586,-0.3299783238704536,-1.6164166671783,-0.45384347115433826,1.73481582178415e-16,-0.9856994958769402,-0.16851262216209834,0.03779624098840877,-1.4268846313155252,-0.25031832541312127,0.08136437072950868,-1.7083845187465687,-0.3502219859594929,0.11554895572751889,-1.9393347564690697,-0.4353942359257392,0.14539010642575287,-0.9813078611115028,-0.17516630311248374,0.20488980155308636,-1.3866292319182958,-0.25615004925640134,0.24146354418505941,-1.644594750025761,-0.36324108007331957,0.2665671960819492,-1.8537579463581015,-0.4460416106970503,0.26779950517540474,-0.8767476160976041,-0.20247680228822548,0.3738091207202422,-1.2045984010906787,-0.2812411964380357,0.43279063611358665,-1.3999546048723668,-0.35360874499938333,0.4796999519738568,-1.5634766894564651,-0.4138426348771651
4,0.0,0.0,0.0,-0.19420563348901032,-0.07855997299293778,-0.17846083131752039,-0.29816699635562527,-0.29779231337582057,-0.27693820932960905,-0.16481225110552153,-0.5584331383391786,-0.3641022075893623,0.02468689840265096,-0.675525766047962,-0.4525743107566241,-0.17452118223987956,-0.8806731218758047,-0.1617634764736066,-0.2486137680743143,-1.226297342616707,-0.2591794780267532,-0.27681901358342514,-1.4471676329142882,-0.34625069719225743,-0.2933435353302733,-1.6479109442206024,-0.4131209734461802,1.9948380706864707e-17,-0.9886764253054158,-0.15006307355677032,0.04086414234434888,-1.4262477163809508,-0.22484505518045422,0.08580909092560236,-1.707398737846373,-0.3195320504709499,0.123117201807258,-1.9358979491724932,-0.4004024416332617,0.13909625120963498,-0.9733856476896446,-0.15925283418002076,0.20001148041473518,-1.3753137884843614,-0.23502217057821792,0.23870855631419882,-1.6321017372995543,-0.33876099417021344,0.26769604044431894,-1.8403440677135727,-0.41862006013169273,0.25811002557848256,-0.8614257010134556,-0.18803763085456626,0.36637593775415744,-1.1871730495172987,-0.26237026935517804,0.4272840354226062,-1.3820775418772286,-0.33242199760585206,0.47671261738831616,-1.544638474072653,-0.39064254079766914
4,0.0,0.0,0.0,-0.1883141776228257,-0.08827202443801467,-0.1657694924054836,-0.2861668726296829,-0.3161318400591941,-0.2609110684302527,-0.16535446601977194,-0.5708004787844226,-0.348595175078966,0.0036932980950692552,-0.6907870753884833,-0.4384663474929502,-0.16679087088002803,-0.8944631493262352,-0.15421044618141133,-0.23155572922312997,-1.2487792910037054,-0.2571055966021178,-0.257941134458242,-1.4704460997635678,-0.3479773070841069,-0.2744964857040843,-1.6699530694295983,-0.4165133400224558,-2.6902024520870405e-17,-0.9885404813160775,-0.1509560094841473,0.045342127482194586,-1.4292833177597484,-0.23441501455816774,0.08823353043545629,-1.701259697242926,-0.32945779218322496,0.12191418138217668,-1.91279385752924,-0.40857858686383774,0.133461662658867,-0.9618795906019455,-0.1682445839892994,0.19333454570953743,-1.3553592598299047,-0.24904576091240674,0.22642058099909118,-1.5988814325329337,-0.34421414033669573,0.2500086264161016,-1.794366007822761,-0.4173106609770636,0.24700063077739928,-0.8414783746926366,-0.20528818029616672,0.34950770832835626,-1.152209551654193,-0.28174138763937456,0.4038431641534359,-1.3492823072203628,-0.3472117531215228,0.4464135751867273,-1.5181927736665222,-0.40151150022004883
4,0.0,0.0,0.0,-0.1810371132157708,-0.10744394196553064,-0.16331922882030017,-0.275331478270769,-0.34397347335310646,-0.25474746378992225,-0.15713749414509906,-0.5962116509302435,-0.33755086493678893,0.011187645980033434,-0.7104871455326727,-0.42149711357843045,-0.16006876815984805,-0.9080334048929029,-0.14076310175201173,-0.21954513016397864,-1.2640091695817657,-0.23278302851397467,-0.240737432042342,-1.4869806410929942,-0.3151344972984795,-0.25178949868384704,-1.6904661694855525,-0.37861923874425457,-5.232588743406801e-17,-0.9909116262478536,-0.13451449351959818,0.03636454953861056,-1.423971620589303,-0.20825878420050703,0.07893233811688004,-1.6986482270558323,-0.30041866556621516,0.11569268702577226,-1.9241929816060968,-0.37770774722928163,0.12770306131400366,-0.9558342177393664,-0.14841538469770107,0.18108485021601797,-1.3502909143836703,-0.2241223127449684,0.218171284692016,-1.595195955791871,-0.3234653243624768,0.2474074509956031,-1.796404902102591,-0.3984448097563151,0.2385866745214155,-0.8279805387844492,-0.18049400979304958,0.33193880262705366,-1.1363858031405913,-0.2551878658867106,0.38559661844325344,-1.32368867847761,-0.3232129796961231,0.4294488242509038,-1.484162562879327,-0.3783445241616189
4,0.0,0.0,0.0,-0.17896315319732928,-0.11871104671028487,-0.14722588413884552,-0.2663918867870014,-0.3804629948603692,-0.22654346817299953,-0.13894796012908003,-0.6272947346191781,-0.2990973159029416,0.02928752810190044,-0.7081883339074132,-0.3727657601868557,-0.1533332922209,-0.9167732860976484,-0.1235901441606686,-0.21618643823752456,-1.2648629039728465,-0.2099248614300534,-0.2399455793251329,-1.4851728104062898,-0.2882485345923445,-0.25297757785723485,-1.6845154963501445,-0.3486015180484953,3.42913000571704e-17,-0.9926203430082537,-0.12126357510059162,0.029714523106828702,-1.417255651406273,-0.1882661483588194,0.06784845897150678,-1.6865188859978686,-0.2748590816827869,0.10260599780632464,-1.9053908487173854,-0.348733814111375,0.12213681427728057,-0.9501522887613544,-0.13802014223011386,0.17221447806140136,-1.3367366123587965,-0.2065268158508457,0.20825563656052493,-1.5795463553286482,-0.29980749160744263,0.23819235006431444,-1.7755630147279997,-0.3714548102967873,0.2290731051446162,-0.815998549195941,-0.17208056581720424,0.31951477664342803,-1.113494606417293,-0.24177293659956423,0.3703432660272628,-1.3012133646188349,-0.30615272039330493,0.4125191358746654,-1.4637345842394351,-0.35901254500263274
4,0.0,0.0,0.0,-0.16980629171914613,-0.11907413100147085,-0.14423779674956372,-0.2549500426973412,-0.3892725636327652,-0.21560976542797722,-0.15181323540242117,-0.6381255156250979,-0.2813616712362124,-0.000977859799673657,-0.7187202791168081,-0.3478276905400732,-0.14063879813802624,-0.9236415368588071,-0.10405623835493605,-0.2055490240550784,-1.25659121363054,-0.1837678156014946,-0.22791113500480745,-1.4665224686412863,-0.25580609893612666,-0.24143738337463086,-1.6541839286701943,-0.31076934646981186,-1.0904416845242401e-17,-0.9948412622514005,-0.10144389051116036,0.033837363199887144,-1.417348690821361,-0.16163179732255584,0.06756422345426136,-1.6798925664050648,-0.24206441321651875,0.09737664601994779,-1.8880782184161562,-0.3109771155871124,0.11106921888023277,-0.9469780979027352,-0.11982437203717287,0.16277235894579312,-1.3242015528614375,-0.18638378986544465,0.19009012028635983,-1.5655327329907731,-0.2755885559579512,0.21493904253864152,-1.759377131860717,-0.34313236481436377,0.20927131569988927,-0.8102616894180978,-0.15621659078238934,0.29817276624310357,-1.0888499515864203,-0.2227851110709382,0.3491815947095816,-1.2667656341160591,-0.282929828528811,0.39413035081159203,-1.4184065609064271,-0.3318548971409665
4,0.0,0.0,0.0,-0.16759487472252443,-0.1544331036110806,-0.12954241705600972,-0.2450092713385352,-0.44402003880678614,-0.19089969550311542,-0.12926208088862806,-0.6812464049484597,-0.24712607016828378,0.022914530059039154,-0.717696279620927,-0.30330958999204854,-0.1380812323201891,-0.9372206435447528,-0.08876734174650765,-0.203175926596171,-1.2749004983058783,-0.15857385127918025,-0.23007304776274526,-1.4898487881778406,-0.22495984008379175,-0.24579694771187352,-1.6791186787227812,-0.276836210183855,6.191917668771927e-17,-0.9961811679040534,-0.08731025548763668,0.025338145846402062,-1.4056150914491774,-0.1361081713665445,0.055846449474063996,-1.6667812384049872,-0.21079737590622147,0.0844447065112399,-1.8775702939925283,-0.27692850181603235,0.11143927178852298,-0.9412277625550147,-0.10460209017233452,0.16220543546558366,-1.3100100938523513,-0.15694978414028996,0.1919367492595295,-1.5444096903199005,-0.24010805221824133,0.2188197811543085,-1.7304693583055866,-0.3055830761354622,0.20913237470065998,-0.7958050171011063,-0.13857852419298386,0.2984702978216114,-1.077045419691774,-0.1944734919337244,0.3450483988716703,-1.2566708964744204,-0.25120055664220947,0.38497490312843874,-1.40805164765679,-0.2988128195032683
4,0.0,0.0,0.0,-0.16489303979284972,-0.16662646434493888,-0.11985094915094288,-0.23989297282335273,-0.4809021791832361,-0.17002014888022057,-0.12481297414627704,-0.7113862079246638,-0.21652984960536073,0.03296344172876677,-0.7070809344315011,-0.263453504675553,-0.13720447774510688,-0.9488258138185491,-0.07117135851500075,-0.19920325769154704,-1.3021376488284215,-0.13121168417341098,-0.22359872742242679,-1.52387608230511,-0.18925699906786855,-0.23663711274317487,-1.713751847461191,-0.23552332517337246,6.283322534408769e-17,-0.9973990574291632,-0.07207718251580647,0.025222585068123995,-1.409430808760707,-0.10853731331804753,0.054611340082702284,-1.6687653205405473,-0.17512168247519866,0.08282390387205953,-1.8705307377565499,-0.23654676031560207,0.10985978580670748,-0.9349234112081853,-0.09206501991896753,0.15984612645820057,-1.3056460474548544,-0.13791840712066236,0.18765430898923366,-1.540428124659339,-0.22029468803547386,0.21298498468636212,-1.7192632218311668,-0.2854164185067741,0.20691725609951925,-0.7863164459966748,-0.12804429968319908,0.29398481885203254,-1.0595483008729214,-0.18007403982968595,0.34063953647489037,-1.234298665644899,-0.2363464663308319,0.38085164540828564,-1.3750848510126807,-0.2838937175516516
4,0.0,0.0,0.0,-0.16005638663243638,-0.17131133352500966,-0.11656245019382958,-0.2394510255779517,-0.4919746921461349,-0.16311358213982682,-0.13532849629604804,-0.7225242383820493,-0.20728080263764304,0.016542546994432007,-0.7126819131251576,-0.25208781495294,-0.13161102250711554,-0.9589454550040752,-0.06208744965181523,-0.18801300437025206,-1.309129768326763,-0.12252497866650576,-0.20530402271563225,-1.5289512892275687,-0.18218966724199173,-0.21120860730740199,-1.7173304302911547,-0.22889506910767698,1.6753080804080185e-16,-0.9979305416593182,-0.06430111992446226,0.03163932952678583,-1.401910817667157,-0.10231141772704079,0.06356301672019685,-1.6562007272763382,-0.17199023351536613,0.09459135580902575,-1.8512020316981843,-0.23448058606394911,0.10510185008347511,-0.9283317426927361,-0.08590859557914765,0.15413682686443358,-1.2852518015830023,-0.1341149174342587,0.17808441144897896,-1.5302086980311782,-0.22008575522887114,0.20266834981793727,-1.719369924915223,-0.2867777250445031,0.20080461145915476,-0.7750646736967501,-0.12356719762548181,0.2861690675800744,-1.0280843373306927,-0.17540915224782008,0.3343759225763659,-1.1941851249176316,-0.23164724675753798,0.37741855129445795,-1.3243653270307325,-0.27874687257390884
4,0.0,0.0,0.0,-0.15818357971781824,-0.1873083283301171,-0.11578645440993647,-0.23464735577550097,-0.5212215153474079,-0.1617764921772267,-0.12735182283096064,-0.7402019314436019,-0.20540772062319287,0.028533489425798433,-0.7090049756896661,-0.24992136223249078,-0.13111876031127273,-0.9727332809445174,-0.060558863701602676,-0.18245310886835894,-1.3248462962769463,-0.12120143089627765,-0.1975964950292834,-1.5478933440403124,-0.18155091811276924,-0.2016204411993549,-1.737476008094311,-0.22904137487070703,1.6086693089113226e-16,-0.997982451895412,-0.06349035918012695,0.03550210431745602,-1.400678900417401,-0.10083972337092877,0.07018995818855325,-1.6602536659159115,-0.17238609387165274,0.10374744370654607,-1.859660646471212,-0.23695861617550515,0.10502582267952104,-0.9170817014218683,-0.08595899123121065,0.15779754490757833,-1.2694880609287398,-0.13392274180592123,0.18219625752665367,-1.5147682474060897,-0.2227275014688398,0.20639939827132794,-1.7044777589626232,-0.2917949768807467,0.2018919593878556,-0.7534085867572279,-0.12426794832430049,0.28942591810049745,-1.0013992255460984,-0.17677934748188823,0.3388411263878183,-1.164128436801667,-0.23490416705727263,0.38279318835369686,-1.291142832954317,-0.28372594591642286
4,0.0,0.0,0.0,-0.15823309667991653,-0.19936282678245598,-0.12425387987538832,-0.23559026051949475,-0.5190626711806992,-0.17872640764255726,-0.12616354144796918,-0.7199740838868409,-0.22924823025057003,0.030485030344021356,-0.6814269706973721,-0.27983183752593466,-0.13552755497119612,-0.980670455271451,-0.07076086789161203,-0.17724627999108467,-1.3393931429225017,-0.13253522127014553,-0.19088556765846632,-1.558658728063974,-0.1937214373187595,-0.19488848960996866,-1.744636980572912,-0.24197635342161863,-2.6079855946095128e-17,-0.9976060589467197,-0.06915309937229042,0.034204894071326986,-1.3951025572546343,-0.11013649424430916,0.06865231854710777,-1.6422570572163302,-0.1829383906818565,0.10286291750979369,-1.8409604356594877,-0.24734154635615052,0.10753382608900876,-0.910223068566998,-0.08640712297930178,0.16040782870459872,-1.258375296776663,-0.13442837374883493,0.1941504365609423,-1.4851996293206091,-0.2191776128231276,0.22668373328243688,-1.6594456605210939,-0.2848447969361137,0.20362229843982274,-0.7368525366666973,-0.11976017518731763,0.2928061409791113,-0.9814049309053128,-0.17266880424081854,0.34808902814102594,-1.1418649346962886,-0.22890047367069852,0.3971178308964168,-1.2700013523965883,-0.2754973902205062
4,0.0,0.0,0.0,-0.15938479981617404,-0.2208574130866355,-0.10870210063368865,-0.23495299054437604,-0.5720801250723225,-0.15537805620538112,-0.12336757054012507,-0.7569626132860908,-0.20144739275233822,0.033935744938626604,-0.6744908714159901,-0.2490692313548117,-0.13360638570448224,-1.0008128795853615,-0.06804501313763713,-0.17883177651644103,-1.3599863675001527,-0.13658623809106255,-0.193661220609201,-1.582216916440935,-0.20131550640599102,-0.19789053979955903,-1.7657798202565775,-0.2518921042391383,1.0829409530740492e-16,-0.9969023756533706,-0.07864892508271355,0.03658666966884388,-1.3872699262713186,-0.1257609029309,0.07107425178063655,-1.6319671950104901,-0.20034663264540628,0.10391250944756912,-1.822002567652805,-0.26724784038330646,0.1080721398700648,-0.8867973674130504,-0.10763282243322664,0.16538312210820513,-1.2224036453958138,-0.1617728840739467,0.1951134803667576,-1.4517923625519493,-0.24789959127676148,0.22180438093003096,-1.6324690812016849,-0.3158372616902634,0.20560716808252288,-0.6903693194022923,-0.15202817705799376,0.2984552696980238,-0.9130170266634069,-0.2108135365820194,0.3492522349670136,-1.0708843728127466,-0.2696847584304957,0.39189320531369237,-1.2002455694203213,-0.31918384935396393
4,0.0,0.0,0.0,-0.16646361696764,-0.23869834142103302,-0.11595036707190498,-0.24689654819771,-0.6022220761842093,-0.16377095396328878,-0.13631481382240745,-0.7802894731909022,-0.20998902546727788,0.02663835103611061,-0.6880047495057682,-0.25782017311050476,-0.13793064288932108,-1.0173460534051724,-0.06792883254128512,-0.18286703807946056,-1.3853391501718575,-0.13664134124590332,-0.19354177302486308,-1.608595575739628,-0.2020783211486931,-0.1938660058776288,-1.794563627605908,-0.25292130077181335,1.4806387455928829e-16,-0.9972125217504059,-0.07461358096349731,0.040726689764730276,-1.3841497185522822,-0.12130961950313704,0.07988626560549889,-1.6223293417938416,-0.19749757357182168,0.11663052878267395,-1.8076618111150677,-0.26508336596547605,0.10996646837807007,-0.8748899125009445,-0.10085765031190676,0.17146289454787347,-1.2078968467241271,-0.15580667314754892,0.20548228423793885,-1.430747269278754,-0.24406769875716994,0.23640391556184728,-1.6064890072564668,-0.31274956267849285,0.2076777928658288,-0.6684597284595414,-0.1431544059008565,0.30189713200841833,-0.8832638506542639,-0.20304224017870492,0.3563350944324595,-1.0369109542260164,-0.263460215613098,0.40382588828394744,-1.163937426600897,-0.3136638833807431
4,0.0,0.0,0.0,-0.17151827135012715,-0.25451385876246646,-0.11382091958179658,-0.2587353389796383,-0.6289220958167563,-0.1593189011322653,-0.15438639825542078,-0.8045548628725004,-0.20429444854621617,0.011688140690022684,-0.6956563275117988,-0.25116043922540343,-0.14095526124698968,-1.0323488329628194,-0.062364750650824405,-0.18358185190887774,-1.4043734173694191,-0.13127867012471048,-0.19167593666933586,-1.6292631458991202,-0.19820622737657984,-0.1898930920594977,-1.8139265589995004,-0.25047387822430855,6.775542226964865e-17,-0.99741528832197,-0.07185222767320064,0.04476720705053478,-1.3763817884305922,-0.11902584653239003,0.08441072959617871,-1.612510208009512,-0.19851133175520896,0.12073112634903646,-1.7966411757918475,-0.2688929577643506,0.11315837903433268,-0.8634209909071592,-0.10114000706003186,0.17813994591867816,-1.1888298447016155,-0.15746382009546236,0.21168376542672174,-1.4138760456106378,-0.2499148997340015,0.24285182757032317,-1.5900622095952999,-0.32181240207357004,0.21482392206630688,-0.6477707160322116,-0.14656871461419288,0.31501723219927735,-0.852320740278374,-0.20837697285458154,0.3727157795545132,-1.004078690086205,-0.2713178957456547,0.4234663094416202,-1.1287459713943446,-0.323628262656852
4,0.0,0.0,0.0,-0.17026430049957905,-0.2761386203884669,-0.11727866493131103,-0.26422387722204804,-0.6536652019974827,-0.16796007527962745,-0.15937380872541618,-0.8126290656643601,-0.21998537044608749,0.01983951943232623,-0.6972807996559895,-0.27436568377835974,-0.1446530676678423,-1.053024298285693,-0.06439084351091712,-0.1854466696981806,-1.419884846081297,-0.13718015740169745,-0.18780268713826107,-1.6416540959622556,-0.20775993850236776,-0.1809899111419214,-1.8288832580138532,-0.2628399753149707,-2.9494307481398876e-17,-0.9970077640293966,-0.07730147776791094,0.04710420001304699,-1.3671054938006395,-0.1292245255726506,0.09721221565968233,-1.5980810520959001,-0.2101001913857321,0.14528878437587409,-1.7759280144270781,-0.28110681934401993,0.11737133258986317,-0.8497750688963988,-0.11148043616020495,0.18684903553576812,-1.1623871166982906,-0.17287300848849582,0.22820737521173345,-1.3759462040874524,-0.2650643251695813,0.26751798389177195,-1.5435594384951756,-0.3359243951239331,0.22701551584987179,-0.6240647061096676,-0.1631902972540909,0.33104634912904135,-0.8197724916588567,-0.22639055884887913,0.39639366679329113,-0.9570325631013858,-0.2880189540424778,0.45442160152349986,-1.0725845392959774,-0.3394026399865781
4,0.0,0.0,0.0,-0.19103422309302423,-0.2864520447862369,-0.13085651920727398,-0.2925718037840903,-0.6785868155921077,-0.18756464651828947,-0.1798461785761949,-0.8282464410691742,-0.24307659651421726,0.0033286568389700776,-0.6902225206722462,-0.30120480559971774,-0.16139514923935036,-1.0668974153994915,-0.08308406398077968,-0.20153466621945743,-1.4452928339139703,-0.1649546996400161,-0.20012477637774853,-1.666065234866629,-0.2409341838866173,-0.1877319148987763,-1.8468275541011956,-0.29997274035682014,1.4510943052520723e-16,-0.9956020767854976,-0.09368300112829524,0.05416311084007465,-1.3608455703534121,-0.15300586087269819,0.10866861674699262,-1.5811376358441644,-0.24123867124334586,0.16095384784330405,-1.7531406198369441,-0.31881965618637503,0.1291371480677775,-0.830516873704105,-0.12661830683137573,0.20612660480027648,-1.1375256467165473,-0.19652340256492692,0.25057707769080817,-1.3489674751339324,-0.2982971316264794,0.2920157309839299,-1.5188656327459948,-0.37677213870616055,0.24471591955481833,-0.5854221329109651,-0.1776142850853757,0.3582667898129996,-0.7654175240790065,-0.2518131665486206,0.4253226046046846,-0.9002702121325918,-0.32221895948106943,0.4851215366643348,-1.0145096908967886,-0.3802254196537132
4,0.0,0.0,0.0,-0.20332823048532814,-0.31160989560711283,-0.14596098516350392,-0.31499831204315426,-0.7092440410336655,-0.20675096239243645,-0.1999249114498334,-0.8507530505889401,-0.26516739263506944,-0.0023811742200987042,-0.6962275294306587,-0.32739093757713855,-0.17228236190948967,-1.087374541318378,-0.08783015606199157,-0.2101565967986689,-1.4658417724034152,-0.16863778251257153,-0.20678631327917843,-1.6932913790641002,-0.2461385094383789,-0.19532213268790946,-1.8816272107774363,-0.30707603878145034,1.9215394276156498e-16,-0.9955698341800995,-0.0940250247041129,0.06258343577856293,-1.3547125511586982,-0.1525230257600873,0.1264369270965282,-1.5733763998968986,-0.24328380112608053,0.1857513794626939,-1.7382248738059143,-0.32251928641868904,0.13912278394776426,-0.8191089074962935,-0.12476613704738941,0.22397450578150446,-1.127267351001662,-0.19898523979980143,0.2739810984039992,-1.3290220194460074,-0.31020312654838966,0.3178185395770072,-1.4873624283282167,-0.393801561790433,0.26606337225914006,-0.5659696606133868,-0.17517547740760822,0.393018758835911,-0.7316396047134449,-0.2522775037419636,0.46980903590230716,-0.8538141486127576,-0.3285704645690447,0.5348502126788003,-0.9582718421769009,-0.390530942446229
4,0.0,0.0,0.0,-0.22740863534910155,-0.3249104856215995,-0.1457274982311403,-0.341247555642015,-0.7337590737666667,-0.20839191874063506,-0.20894872759899968,-0.8630284729228496,-0.26881133561470244,0.0017033371238796811,-0.6874528785975588,-0.332623335432022,-0.18799492292203637,-1.0946992657330687,-0.09536845575887207,-0.2326741281223988,-1.479609346130422,-0.181673835841479,-0.2283902495985105,-1.7031600137307108,-0.26032760517465126,-0.21278240673330814,-1.8844685193304458,-0.32249958456271344,1.6088896839593598e-16,-0.9942959791564785,-0.10665601639504381,0.06529995568473082,-1.3505535279202252,-0.16708118956289608,0.13063566095691934,-1.5647431741712394,-0.2580482600138027,0.19506379239661792,-1.7246336255629364,-0.3400170004427752,0.1478794557384181,-0.8053121100418833,-0.1428684844742894,0.24112223932348734,-1.1083691933848998,-0.2205218034064056,0.29818216072174264,-1.311571803230784,-0.33321322472011405,0.35233911046894173,-1.4711129150792512,-0.4199166149057989,0.2780655622485834,-0.5387041506669953,-0.198490995311988,0.4155666815707131,-0.7036086780234654,-0.2829002734808932,0.5001515570566006,-0.8266104999636268,-0.36235622814168983,0.5766375846450748,-0.9284854035103076,-0.4275901469956275
4,0.0,0.0,0.0,-0.24570177125985543,-0.32934933168473246,-0.15410902048676475,-0.37227201779829416,-0.7481334381848495,-0.2213408765209328,-0.23108387012493037,-0.8761175563242146,-0.2849678743280671,-0.005441419296377588,-0.691608022106617,-0.35217355219310564,-0.20057635503526577,-1.0983045527650257,-0.1106165632482468,-0.2493377061592444,-1.4835672175902908,-0.20505706397965306,-0.24993918837976647,-1.7097015029730898,-0.29081830867286756,-0.23805427620606695,-1.89284952632531,-0.3577882822012254,1.3616458398347144e-16,-0.992829708976468,-0.11953731205653718,0.06633407262765306,-1.3466501222912057,-0.18806963333152688,0.12870123853635612,-1.5614163210446415,-0.2873367129931599,0.19160387389504122,-1.7260922127931442,-0.3754277979364803,0.16078029060895882,-0.7988422791692432,-0.15319481765995685,0.25900153471662857,-1.093254107520951,-0.23529194199358325,0.31529828506184554,-1.297809484467322,-0.35341588946466956,0.3693939718008055,-1.4573157813331028,-0.44429604157752994,0.304030923429393,-0.5265926660462611,-0.20695884579795984,0.4537564940816952,-0.6838150171835251,-0.2947643232195452,0.5435993529630602,-0.8047999156110297,-0.37784341453665427,0.6256052372130118,-0.9041369328227614,-0.44599056555487887
4,0.0,0.0,0.0,-0.265231346340041,-0.3359380856065178,-0.15370367913550764,-0.40387812814980073,-0.7514568681366448,-0.22311044866283725,-0.2581008549205945,-0.8778262145328805,-0.289629590170224,-0.016817069068151273,-0.6840798045225586,-0.36010809246051195,-0.2165266719320543,-1.1045674104265493,-0.11449427771862136,-0.27059113060554696,-1.4931766023472073,-0.213422389698651,-0.2740841519272865,-1.7204291132612894,-0.30132019214047917,-0.26533543374740765,-1.9035488016305526,-0.36937602052480745,9.775193288432426e-17,-0.9919121447955949,-0.12692634481069243,0.07597250209375117,-1.3456934248317782,-0.19864621942362004,0.14225299712346218,-1.5612176542204124,-0.29920968486021865,0.20542001890725198,-1.7279290310814701,-0.38847133420018937,0.17577147641118365,-0.7911780279473678,-0.16403695647097122,0.28187320339515193,-1.0909542617070551,-0.24918522594215592,0.34003170227792545,-1.303592148633056,-0.36890301766030614,0.393970822019408,-1.471025992100595,-0.46119779700156915,0.332024781302474,-0.5117876993492299,-0.2213562720574552,0.49547457253790456,-0.6639046572925539,-0.31200643494047525,0.5915277585530776,-0.7823510686024034,-0.3957195809706747,0.6788508651925982,-0.8780322167201643,-0.4644434209551183
4,0.0,0.0,0.0,-0.29374975052282487,-0.3532053310154137,-0.15069536401171196,-0.4499106639595766,-0.7821643938678562,-0.21710114636159863,-0.29187663762026606,-0.9045516099455282,-0.28178923511351267,-0.02518105479908325,-0.6882568777740043,-0.3503943958507077,-0.23645278158967628,-1.110975932039656,-0.1110917366667522,-0.2907183908565875,-1.5009588079473204,-0.2147056710273175,-0.29445648825721105,-1.7277396395713203,-0.3077817875568925,-0.28525154395498914,-1.9101813251514623,-0.3795048161180685,1.4175662447032666e-17,-0.9919735587314169,-0.1264454774902141,0.08828696814702022,-1.3479933092697318,-0.20353134179467788,0.1617852386641794,-1.5665519625521214,-0.3122423959557765,0.23231647959033466,-1.7329239747982128,-0.4077508222218894,0.19183714211696418,-0.7863382428731165,-0.16629353907794084,0.3164457641936201,-1.081444003933854,-0.2545279880437936,0.3824368681103933,-1.294785603668826,-0.3803954148542513,0.44235061764309885,-1.460741740173274,-0.4772112379099716,0.3603158008039788,-0.5038003667832791,-0.22652757455375178,0.5482090134147308,-0.6447345049648983,-0.3196153107119275,0.6595991121066267,-0.7590059702490819,-0.4068624145130471,0.7583940313319287,-0.8511430151413898,-0.4785342592388103
4,0.0,0.0,0.0,-0.31440375732744824,-0.35894169128819114,-0.15765155963263625,-0.484851807764804,-0.7910318777784568,-0.22780376147896111,-0.32261409979902395,-0.9133860029584883,-0.2951668280902176,-0.04103080168408928,-0.6899420316574119,-0.3672678228435698,-0.25350374003665355,-1.114503211064781,-0.125569768459025,-0.30396678580143843,-1.5095402519193415,-0.23573882692149348,-0.3003380467536918,-1.735654667362333,-0.33274871921414917,-0.282689269369605,-1.9178262786016738,-0.4071727459281464,-3.839197888866804e-17,-0.9901141378933626,-0.1402640151417442,0.10384686545725766,-1.3458059264642621,-0.22298696057597264,0.19244879443534876,-1.5588641281949085,-0.33554596718165247,0.27566905864100605,-1.719229026559738,-0.43419357806453385,0.2045752083038765,-0.7798656714380952,-0.17939967008721916,0.3404230621897058,-1.0791884111112031,-0.27310429843370626,0.41747957116165274,-1.289514500264615,-0.4031162318704934,0.48646166732768203,-1.453610947957397,-0.5029514802537353,0.38154007712965443,-0.49119331992852544,-0.23938148074479904,0.5782585235377207,-0.6337537508505832,-0.3386974033720404,0.6990484906724104,-0.7465889573047357,-0.4296542547868513,0.8060725976534667,-0.8376356551281001,-0.5038255116734136
4,0.0,0.0,0.0,-0.34205910348972723,-0.3577967161780572,-0.15786061272977078,-0.5399976558242755,-0.7989000918904671,-0.22953220321126197,-0.3707594726193244,-0.9283804735337761,-0.3002629850851258,-0.05863072974964201,-0.7116030788058592,-0.37597665530147606,-0.2771449147542361,-1.113975969696428,-0.12914790337417925,-0.3307802570063236,-1.508483487451295,-0.24622418160753726,-0.3293749809407854,-1.7327169953973407,-0.34915839537649196,-0.31254347179360326,-1.9097916088936222,-0.4276936158286268,-2.33174347738786e-17,-0.9889646963257894,-0.14815137333564957,0.10421990894856163,-1.351428443892015,-0.23998930100293578,0.19600483093238155,-1.5611902125532444,-0.36016448627836195,0.28838954219689417,-1.7146601273294688,-0.4634085022199392,0.2260674274788931,-0.7795229095083226,-0.1920012129770865,0.3765930166341267,-1.0771293181799515,-0.2923275781345446,0.4638988344458862,-1.2835938858621374,-0.4276001420415851,0.5453335767461712,-1.4406962268682575,-0.5306469757687824,0.4227143970524382,-0.4935322886898532,-0.2575090205263015,0.6387919456457479,-0.6367571243695758,-0.3607136155909956,0.7663012343148967,-0.7536341128130402,-0.4551872452682276,0.8789648646901135,-0.8498854852909703,-0.5319670108771266
4,0.0,0.0,0.0,-0.3616843540598547,-0.3610242893049542,-0.1601496813321483,-0.5554883732284209,-0.791569899874523,-0.22984517699292778,-0.3630512188760771,-0.9093681499393592,-0.29824734499388433,-0.029972724396037695,-0.6845062197964323,-0.37164197281275035,-0.29183480942976725,-1.115469990371421,-0.11712757252034284,-0.3373831564519837,-1.5000864105885874,-0.23123900567337777,-0.3309991247401658,-1.7228863147840456,-0.33326168866879463,-0.30847189612838816,-1.8990848330420749,-0.4109236267117952,4.8066765894184936e-17,-0.9909148847230048,-0.13449048752381706,0.11856328691371418,-1.3418469465425158,-0.21969808614752617,0.2216151734641868,-1.548375192684514,-0.3379757398608397,0.31909225301510696,-1.7011571158375478,-0.44096126658589163,0.23956395332439895,-0.7832892375819914,-0.17760719130251887,0.3946131756556332,-1.0798157981823584,-0.27299088126137716,0.4865626417627275,-1.2820655023677043,-0.4056438108909409,0.5684113954164823,-1.4391191008222781,-0.5079451772123957,0.44800648455339714,-0.498224050646189,-0.24320977210646824,0.6610385954071227,-0.6493109387429526,-0.3458457428607136,0.7888436114085602,-0.7686948279032739,-0.4391718304126882,0.900277619518717,-0.8664442915894884,-0.5150012828410063
4,0.0,0.0,0.0,-0.369691993879171,-0.36670053054376495,-0.1523048869857327,-0.5706911686300586,-0.8020354766400762,-0.2155231837866467,-0.37822330565233625,-0.9232995190282286,-0.27909808402823866,-0.03316363817810048,-0.6856742538653275,-0.34729663531489363,-0.2952255981135859,-1.1162324336717013,-0.10084357589220003,-0.3409528968275579,-1.4984721502738256,-0.20898133673593572,-0.3373987012621548,-1.7216139285470506,-0.30784086131049326,-0.3151158633756349,-1.8983029724869582,-0.3837000721620936,9.941274458520962e-17,-0.9927055785598025,-0.12056381835462805,0.12634730625181329,-1.336780170910295,-0.1992596578233121,0.22992831848753537,-1.5431036298789802,-0.3148754399907097,0.3298324309847437,-1.6954832138980898,-0.4161681434481404,0.2408159104959817,-0.7863519952533163,-0.16593448825398854,0.400514859291522,-1.0777965724283602,-0.25498425853272605,0.49470718859036733,-1.2768119912739448,-0.38495702042217206,0.5803777057907745,-1.4320108514472922,-0.4855849950499455,0.4492103158349165,-0.5029858388694883,-0.2336282625690391,0.6589912418811241,-0.6566775321658236,-0.3304010552429978,0.7845280868664019,-0.779394688216409,-0.42130618400382275,0.8956786575373156,-0.8802610406433722,-0.4957985353210527
4,0.0,0.0,0.0,-0.36749712239144083,-0.36400937728066746,-0.153893381996258,-0.5677785298148588,-0.7938142077137904,-0.2196970184990924,-0.38486164890625857,-0.9180312089509473,-0.2854738635578992,-0.051936607458203776,-0.689663922977519,-0.3559244943369494,-0.29179286379934744,-1.115028654178588,-0.1043122568165147,-0.33450052705398853,-1.499090065386537,-0.2126027985153151,-0.33061851810154136,-1.7241515074827716,-0.31072603174258745,-0.30837176349893486,-1.902734268679243,-0.3859866916916349,4.074116647785793e-17,-0.9923864581320746,-0.12316297217944966,0.12891041896906952,-1.33765937883322,-0.20188750752700857,0.23083382788007384,-1.546635643709602,-0.3160799064424391,0.32739736681893833,-1.7015960703728228,-0.41631029119617513,0.23783623099695822,-0.7856335008791183,-0.16749717069929776,0.40288242060891233,-1.0771724337308202,-0.256743142578507,0.49862877991036275,-1.2775224403799486,-0.38478751972112946,0.5843947795543996,-1.434133870615918,-0.4840686738148412,0.44265734527937045,-0.501434641240007,-0.23411158735956986,0.6562065421876263,-0.6547497848836218,-0.3320411937634378,0.7845845401873556,-0.7762892189763795,-0.42216438501831793,0.8976803297171869,-0.876502676741416,-0.4957031478739338
4,0.0,0.0,0.0,-0.3604561619910904,-0.3607898584027632,-0.15840497022190422,-0.5586951102692657,-0.7905996350312167,-0.22594141715338717,-0.39184155304113344,-0.9236477853659413,-0.29269658093184836,-0.06718025990628933,-0.7004497128697441,-0.36459835842880933,-0.2849930140687347,-1.1152086218664312,-0.10730195753580138,-0.3244844011465651,-1.4985402461232946,-0.2160406519122014,-0.3172566400132988,-1.7220722792307062,-0.3134582506244102,-0.2931062776401953,-1.8985906084779594,-0.3881302587054366,6.91943944587528e-17,-0.9921904929951659,-0.12473181474671786,0.12624491153551173,-1.34005317364951,-0.20448328142010988,0.22789610886237321,-1.551219980041486,-0.3195388024666108,0.32464445107186457,-1.7076246417368766,-0.42030004768593365,0.23204790054126503,-0.7858286819860056,-0.16827223211004882,0.396473701472722,-1.0807648456481254,-0.2615740042586362,0.49018530945846134,-1.282568368130731,-0.3933191424547078,0.5741635109780066,-1.4400634648538255,-0.49433584826730215,0.4318657423958262,-0.5030961834497236,-0.23416046447089153,0.6441521483815197,-0.6540906555409463,-0.3362773190759362,0.775148220480077,-0.7719987726951425,-0.4293157544738331,0.891341151279789,-0.8688827971895523,-0.5044609058908676
7,0.0,0.0,0.0,-0.21559802170798503,0.042163201382503186,-0.43469790328207153,-0.26012295575583605,-0.1739860558016761,-0.6713962399994479,0.08081929363775468,-0.4975019398567133,-0.8564517601933906,0.4470962195866212,-0.8381948070739899,-1.0165601082629268,-0.325457587468299,-0.7368665988327986,-0.451235738080409,-0.5095537886575384,-1.1159495617072877,-0.6588627600919098,-0.6127948191523475,-1.3431916717121668,-0.7927924768734995,-0.6942705057561415,-1.5321441828723272,-0.8828972387281195,2.343682732791774e-16,-0.9403180356311316,-0.34029691721614286,0.10238131330965178,-1.4484546406234176,-0.577940824930138,0.19242628919740853,-1.7775583898358709,-0.7345968950469539,0.2581938567715079,-2.0712628325421525,-0.833698683722408,0.25903240307021436,-1.005557585812065,-0.2662888938009744,0.4151762908646318,-1.279556676796624,-0.4990450192646029,0.38926627137315695,-0.988723229406908,-0.5691580221791044,0.36543355320464777,-0.7869624466705837,-0.5657696712349185,0.4689910327635106,-1.006962462632861,-0.23531381631906056,0.6823684002027032,-1.3806726716257087,-0.4108446512251611,0.7902511993221859,-1.5907592903704322,-0.49706333687301224,0.8831705904952091,-1.8173062815991006,-0.5346198233476988
7,0.0,0.0,0.0,-0.1375838442355049,-0.10942379372767178,-0.24974618281422298,-0.15973646007171138,-0.4527484432214567,-0.3466169217896319,0.015727993394635077,-0.8247345231360024,-0.4142945126688182,0.20534339922910552,-1.0706066015695732,-0.4587994123165593,-0.1677093357077394,-0.870690705621596,-0.14984002799661075,-0.28081663363497167,-1.2514595841907175,-0.21281650439043967,-0.3328898047421307,-1.4634883445237765,-0.23719213926372437,-0.36471194476725016,-1.6317086474226918,-0.2549088771495817,6.254503930177097e-17,-0.99652427292976,-0.08330290188110787,0.027856779885362677,-1.4553027423518436,-0.15059755011900655,0.05306842057526249,-1.7179832778753745,-0.19629334810762603,0.07587104150748347,-1.9894247134765233,-0.22570307659088618,0.12769458284585522,-0.9992702965684843,-0.04991798905041404,0.16549573458995592,-1.2639191143711526,-0.1599450953819434,0.1196586125196523,-0.9911977378136585,-0.2027201527106805,0.09648321622104075,-0.8021264159011638,-0.1929128294964227,0.23745702572097535,-0.9458376254017786,-0.04115126722052982,0.32375566588298477,-1.2649006295342458,-0.12767471564261995,0.3607487246098703,-1.4623988853461907,-0.18211622473493494,0.4033723085597835,-1.6680423466462144,-0.20306270931850176
7,0.0,0.0,0.0,-0.13590315512262457,-0.15551432714609206,-0.21098177378568955,-0.15586137888179277,-0.5129863155494931,-0.28682780444173445,0.005136924375830544,-0.8649301907801215,-0.34367788771826296,0.1830117133442137,-1.0745293031015264,-0.3797090458950336,-0.1504715900761938,-0.8921348332533281,-0.07375165004187542,-0.24107427072670162,-1.2858807728087347,-0.11371951571271534,-0.2832005539261184,-1.49915735244774,-0.1276538045357917,-0.30682450420868457,-1.6631246530458441,-0.14112074159302831,5.568911701137899e-17,-0.9996171754364557,-0.027667717152708545,0.03433803875742863,-1.4503829745570536,-0.06612490408033084,0.06778816670021172,-1.71319323773118,-0.10777007994709627,0.10044107804355008,-1.9884626796283957,-0.13945613782190205,0.11866941857605964,-0.9951884427229706,-0.01560328936454284,0.16483273237037718,-1.277931640416394,-0.10540557628811774,0.12250627187301634,-1.0424166003192825,-0.15754743936510843,0.09564419149035613,-0.8696790643240663,-0.16064399365509435,0.22892213102153994,-0.9369393342629246,-0.02537217177243094,0.31445223320572097,-1.2397140016677264,-0.1013522315558009,0.3547103446147161,-1.4256507696859368,-0.158760413122027,0.39606007612428623,-1.610464342314842,-0.1855896826336962
7,0.0,0.0,0.0,-0.1456988098659403,-0.16957595789522575,-0.19317584149549263,-0.16130163622696797,-0.5419572833399325,-0.25906114326617413,-0.004546075753884955,-0.892664082954855,-0.310005581186109,0.16941367621290854,-1.0845125044386916,-0.3416218411703992,-0.14994203246203314,-0.9059909430491494,-0.0498506155140547,-0.22741299951662067,-1.2977296717257345,-0.09088973238943142,-0.2593423419005447,-1.518281092191271,-0.10833302958399788,-0.274795739422981,-1.692103827377538,-0.12379508943997825,-2.968260067021338e-17,-0.9999257672634625,-0.012184414740798875,0.03926372409098035,-1.4465650252145896,-0.05723429811975709,0.07537742012968995,-1.7127327739855844,-0.1043685587122185,0.11181684106500842,-1.9853358451909884,-0.1378813454829018,0.11535955358520149,-0.9799234512239775,-0.007894954990653924,0.1582242737902677,-1.2694466810340579,-0.10526907899600678,0.0992765609560404,-1.0098108404038868,-0.15507269642825552,0.05878858093768847,-0.8125245201994982,-0.15346511644609265,0.2211871788342906,-0.9076145012361057,-0.024495637509866962,0.30287545252230497,-1.1928926529824384,-0.1075099257005441,0.3510202000896615,-1.3811861493642945,-0.1638495856905214,0.3985489667401494,-1.5769023811021032,-0.18756220167712775
7,0.0,0.0,0.0,-0.1436969231478544,-0.23478464587987063,-0.16209018840928546,-0.15760383104868683,-0.6030339746767023,-0.21042196421868922,-0.029783396744396663,-0.9397705025577989,-0.2501899040578899,0.13227874276092794,-1.1182455557152238,-0.2713308352041729,-0.14079976750763187,-0.9305369194338933,0.005638945028464063,-0.21146282263166744,-1.3398817325466785,-0.002924763550793283,-0.2392676596238257,-1.5599899380685778,-0.0024420184702614004,-0.24875934411928524,-1.733841671608354,-0.00867225270745101,3.6620432614471624e-17,-0.9994206023577132,0.03403615111826832,0.04608413044624255,-1.4176812639532497,0.02889458972399986,0.08342545814385828,-1.6604078265208915,-0.002382930303247736,0.12057344908210646,-1.9179476319550903,-0.029144131841786644,0.106944076103333,-0.9698786552347204,0.03152749183055289,0.1325481368987106,-1.2192592617865716,-0.031316714036967196,0.05848494054729219,-1.0076555743900428,-0.08268807038733182,0.013663035336475171,-0.8492716370694243,-0.09084145389364691,0.21073826642359172,-0.8964061335102547,0.011140534758153886,0.3042862208497723,-1.1763806678980757,-0.04830995188287411,0.3527140055112661,-1.3556853335268335,-0.09982024696465154,0.39870060065853546,-1.5310858025815062,-0.12491556990260097
7,0.0,0.0,0.0,-0.14320179004646683,-0.2715454348177361,-0.15276835566477753,-0.15099966527185946,-0.6533802040860465,-0.19259292901693173,-0.032048018446568925,-0.9915139393614484,-0.22393865019964762,0.11109721289079177,-1.1645519269284432,-0.2381095309446082,-0.1343416450376073,-0.9573769915838648,0.02542700305456145,-0.1987555154738515,-1.3630259455061386,0.022715214035800835,-0.22073061226879276,-1.5870131209312839,0.022101752474505597,-0.2250130759616194,-1.7649623270456818,0.014259898116518217,1.4644225693692113e-16,-0.998601697319493,0.052864450348299175,0.052356706848755485,-1.3986206844101703,0.05348207846661717,0.09676227213423994,-1.636600297517313,0.01923640618450565,0.14043461266135063,-1.880578696932233,-0.010032381120677225,0.10215215894128267,-0.9460994655342776,0.04990079478495042,0.1333815355567802,-1.196724617487635,-0.006405181363859651,0.059467013002143056,-1.0164931157134223,-0.06420525310930611,0.01621065651812146,-0.8753367143456222,-0.07947644298417232,0.202661996537887,-0.8536015839033577,0.030013480039450483,0.297338448410605,-1.11644778371497,-0.024891098982515472,0.3433337900574696,-1.286861796635901,-0.07821687269438382,0.3897234238829998,-1.4525703920769037,-0.10600302015044627
7,0.0,0.0,0.0,-0.14403614869152295,-0.29435573166181384,-0.14119397750395818,-0.15450842126612085,-0.6867192539630237,-0.17355147340282928,-0.050603046670183595,-1.023144841746166,-0.19953153964642348,0.09133748174142238,-1.1823480334074141,-0.20990832196626388,-0.13217654037827223,-0.9640242393099452,0.04279361272365625,-0.195627982425392,-1.3540096969266555,0.042443762710344425,-0.21738125207167464,-1.5760955391544142,0.04207179043037588,-0.22075019045241126,-1.7485182722223127,0.03445448153118893,6.255832644890151e-17,-0.9978967190842811,0.06482390022844584,0.05833875566212848,-1.3937723539244977,0.06779956351149777,0.10196273539838266,-1.6323864575162654,0.03262116823081464,0.14443470461407962,-1.8686741790190498,0.002143965847614031,0.10190171535307198,-0.9398050664291775,0.05649542092346766,0.14352380925768093,-1.207855413262119,0.002138392459580439,0.0709690988140141,-1.0453366867750278,-0.058506761549979296,0.02828363274076476,-0.9058291824936259,-0.07738843112283747,0.20319741424816792,-0.8416059808557287,0.03200124815149801,0.2996155612352448,-1.0867101224035982,-0.023928955230544856,0.3462264986758156,-1.261551189579801,-0.08019293308147388,0.39449120922101416,-1.4344541815442762,-0.11073426951820867
7,0.0,0.0,0.0,-0.14375790968023147,-0.30929358032499726,-0.13615859963047292,-0.15656435714401795,-0.7002242061343492,-0.16815863585430096,-0.055941298795618925,-1.0339181593330196,-0.19643596553140788,0.08878110760738585,-1.1845914326575453,-0.20902242095770499,-0.13473193376073248,-0.9695057710591969,0.04681799742672384,-0.19390667450967602,-1.365596090552833,0.04171182891200203,-0.21497257772268816,-1.5866493194931157,0.04056051199203402,-0.21907525391370217,-1.7571823691575639,0.03282855601709291,6.654308954733956e-18,-0.9981100066814736,0.0614525391038342,0.05706482272516066,-1.3943483771784562,0.05493244247258877,0.09716134815671006,-1.6289711499860826,0.016330619484485324,0.13603208158073427,-1.8694045194224642,-0.01450530286970968,0.10384948010850113,-0.9360505898536176,0.04542270852321227,0.13762035835822528,-1.206412313519467,-0.022975681244011968,0.056656676632956225,-1.0241494213248123,-0.08458418671289421,0.007335015374948015,-0.8741755849606025,-0.09971887282392547,0.20693394554862277,-0.8315630348182519,0.013966029638221586,0.2980127576389533,-1.0785376786735819,-0.05306282621020413,0.3440634601419774,-1.251259378579809,-0.11139233365253946,0.3916741229374763,-1.425294481892845,-0.14088787037126035
8,0.0,0.0,0.0,-0.19023052829418158,-0.3054189616780194,-0.11854386627697629,-0.3259990422398116,-0.7783676860575316,-0.18965721537801145,-0.363968985710488,-1.1072505561809176,-0.27299105523818046,-0.29566851419406565,-1.3167875372236781,-0.3647591618747281,-0.16384992793150663,-1.0858863996488541,0.04839902558265143,-0.14932379164156856,-1.441451801779425,-0.007815612704305709,-0.16237622172921337,-1.6908619507894742,-0.08319525798252579,-0.17608234600840814,-1.899282246262854,-0.1430268689606973,1.1057395539466003e-16,-0.9993229002271928,0.03679322059173578,-0.017832682205765674,-1.349597400954787,-0.057665130446752574,-0.09930301652668207,-1.2846670521793524,-0.1477815793284874,-0.1581458071775623,-1.2058145293847635,-0.19008808479185352,0.16256290348663663,-0.8501490864323547,-0.001087937133509208,0.234530506005539,-1.1975898895055557,-0.1053542592652311,0.24413013574159842,-1.4376185365789835,-0.2343713946510726,0.2520100934673832,-1.630842694359058,-0.3123243257956426,0.3266232977008221,-0.6176791586895909,-0.0541905659405844,0.46538108626128133,-0.7723993484514785,-0.12765403095231032,0.5597883332395514,-0.8783532624398094,-0.2084954348232188,0.6479413920719745,-0.9850980473880316,-0.26994327600450585
8,0.0,0.0,0.0,-0.18677471874303403,-0.3012815342964828,-0.12039967415128855,-0.3247782767597429,-0.7656554241038342,-0.19431886168128115,-0.36383995341536585,-1.0920997193411508,-0.27999199360159593,-0.29669032846717525,-1.297376552254553,-0.3741130552345214,-0.16392764906459542,-1.0851602217966723,0.037290293811837454,-0.15679716844350358,-1.4531180709614235,-0.020617212202029226,-0.17313313125305588,-1.7133429270622904,-0.09747506847580152,-0.18742370291279492,-1.9340090042208193,-0.15852551819803887,7.823013621350105e-17,-0.9996697345775062,0.025698672528716427,-0.014622362290033376,-1.3530973499921262,-0.06628478931253048,-0.08822217758933211,-1.2955550044777973,-0.15577585371568659,-0.1457066822817188,-1.2280886306923642,-0.19921885442083873,0.16182026790963713,-0.8522691890183878,-0.011850425419071567,0.23285432178641097,-1.2043147679086221,-0.1120506893147762,0.2461151006846263,-1.4483165775400395,-0.23994050574088965,0.2513928883650131,-1.646286322970545,-0.31886996482365254,0.32594724469911,-0.6231648347823312,-0.06475524093152835,0.46049016282362937,-0.792249069314114,-0.13566369345121967,0.5502544932544479,-0.9075482149724249,-0.21570489526625158,0.6296941553259573,-1.0220042192083127,-0.27773770510239154
8,0.0,0.0,0.0,-0.18219497794610598,-0.275531123336882,-0.13543944034930103,-0.3295650231865408,-0.7187297517148011,-0.22583114000006152,-0.37237477103087907,-1.0327768604283158,-0.3254866032785802,-0.29758106365911563,-1.2149058290276369,-0.43326984930538903,-0.16649427677844936,-1.0892001401812377,-0.011372908050324622,-0.15862531984907946,-1.485086737832654,-0.08722146240044713,-0.17204541828512396,-1.7638188454300816,-0.1723353219835325,-0.18401946525976337,-1.9989295124510664,-0.237872746618863,1.5175450338835037e-16,-0.9997477857885344,-0.022458067835914967,-0.014353257025448065,-1.3481325223791625,-0.13725625081234916,-0.08391509410869068,-1.2563799300541232,-0.2246800878208607,-0.13320516299479648,-1.1614220752157929,-0.2618838210460644,0.16222997369717188,-0.8466047758221612,-0.05938459086019365,0.23726853435712797,-1.1974699551743715,-0.17763005246953242,0.25934187999127445,-1.4301475276611533,-0.30217242731585503,0.2781122730096464,-1.620320869364947,-0.37484684100010685,0.32492409287961016,-0.6058516389739075,-0.1125887092984102,0.4593418701487306,-0.7862079077954625,-0.19502419060056397,0.5493872890326343,-0.9071568274627265,-0.27519157332573785,0.6350971881145345,-1.0276029614225297,-0.33534309638090304
8,0.0,0.0,0.0,-0.18337801953517757,-0.2472212513364322,-0.14649695568516174,-0.3396299958444716,-0.6830687405775894,-0.24780803582866956,-0.3739523075513134,-0.9779468556941237,-0.35732291965700136,-0.28198572534525734,-1.1170226986511966,-0.4760419502698873,-0.16506104600108115,-1.0818725379931835,-0.04129025846041882,-0.16632188247070154,-1.5050751471724775,-0.1314445884789755,-0.17818868641828914,-1.7972947282932508,-0.22944070155370883,-0.18812827503468763,-2.0456642858102234,-0.3050913618906077,-2.858621779431913e-17,-0.9985646341276578,-0.05355998011105826,-0.016830162978445085,-1.303682747841263,-0.1821414442639465,-0.07568146601988168,-1.1673793970683868,-0.275704860067992,-0.11102273411836192,-1.0467902972367977,-0.3178638800693943,0.15978630521373965,-0.8486106719577947,-0.09205893268789159,0.2338068446977794,-1.1852290498558513,-0.22405634610159322,0.2551570260571882,-1.4178384724635396,-0.35734746440805687,0.2754943584457076,-1.6149557428440873,-0.4367441854947495,0.3162407921921066,-0.6183600635620125,-0.1473114117907324,0.44808313278112216,-0.7965382897242218,-0.23816364406266333,0.5396075025595553,-0.9225848141849404,-0.32485021401053527,0.6297585534536959,-1.0594740929228277,-0.3920950484808455
8,0.0,0.0,0.0,-0.18335358658811915,-0.23115254546226566,-0.15030607624848585,-0.34295495197570147,-0.6535884471792309,-0.2612206539559503,-0.3597959397224114,-0.9240356528976122,-0.38300489300218615,-0.2524954855536642,-1.0272297583382155,-0.5145054823813329,-0.16530994910640373,-1.0871230984351252,-0.05101563493594453,-0.16996469252721894,-1.5286191138620613,-0.15131474774721917,-0.18490205485762862,-1.8230062378216332,-0.25857498286083347,-0.19718139073192098,-2.0712994582903046,-0.34072974727772926,6.449830921090389e-17,-0.9975885380076208,-0.06940539486104502,-0.020198375391710908,-1.2676952112380264,-0.2082473024978822,-0.0702807393509296,-1.1047620985018178,-0.30634342386571217,-0.09505762770914748,-0.9676755088365295,-0.35050412464079317,0.1566203983757859,-0.8435465309128252,-0.11478425898265349,0.22861206504654943,-1.1639990098908402,-0.2504725259511517,0.2524536663728591,-1.3859820763065718,-0.38205374436432743,0.27827589849787526,-1.576098415779277,-0.46115935006135733,0.3089199038582458,-0.6173561575578541,-0.17843293830424783,0.4398168257639956,-0.7950205936142986,-0.26867073484466597,0.534802196970405,-0.929481784538001,-0.3532168217120506,0.6330355770210025,-1.0799069223517148,-0.4206550370951237
8,0.0,0.0,0.0,-0.18758146719136964,-0.21322479470347386,-0.15679612162683956,-0.3519567711000713,-0.6288019449366262,-0.27706950774470684,-0.3627252717246881,-0.8783108645902223,-0.40795395298811366,-0.2565161036128177,-0.9637627485680484,-0.5500874289468521,-0.1699965980789425,-1.0919209741719726,-0.07192117649833721,-0.18345961212976153,-1.5597267647893847,-0.1860776401628734,-0.20171953916316476,-1.8602504076973025,-0.3065344915790043,-0.21468328297723588,-2.1162007499378492,-0.3982566938158386,-3.520129133619068e-17,-0.9958212377460439,-0.09132394239156134,-0.018457093553336336,-1.2532077333712586,-0.25250591884817897,-0.06885684040317488,-1.0386508441086308,-0.3616088345218204,-0.08878940722786624,-0.8644030761781525,-0.4096613282828212,0.1577663541535275,-0.8357280449846715,-0.1372482083568927,0.22996302110842773,-1.1589680288747903,-0.2890067821769786,0.24434151830405168,-1.3796563349523974,-0.4329953309112776,0.26466340849045206,-1.5765180934781047,-0.5190788452786441,0.30917568103224846,-0.6044043123040425,-0.201194448888352,0.442590700925499,-0.7893405641637811,-0.29873947736872913,0.5410006666730881,-0.9309294693085043,-0.3919175710252987,0.6469294275548187,-1.0952667788015296,-0.46762544164209496
8,0.0,0.0,0.0,-0.18110730216475887,-0.1994839985050657,-0.18251745067723343,-0.34264658568018197,-0.5867472591607072,-0.32386821951998973,-0.3447605537411725,-0.8054760263354278,-0.472514026014707,-0.2255913864780871,-0.8809273775250466,-0.6326977107612853,-0.17774170857471594,-1.0990029780933035,-0.11272501921841288,-0.19228612322954852,-1.5893410120677987,-0.24424829637944415,-0.20898001884431458,-1.8972382281274094,-0.37813644154374365,-0.21899741164406525,-2.160369214024969,-0.477618713357283,4.436730200082278e-17,-0.9923813135361655,-0.12320441771395485,-0.01823103656959808,-1.2459860134307137,-0.30564847797017497,-0.06289019994054343,-0.9941615591690071,-0.4234869367264015,-0.07533498691167073,-0.7971009232271917,-0.47284346411698913,0.16485775967270572,-0.8292718631573032,-0.16101260805114045,0.23388777377713255,-1.1561831600052643,-0.3263354027062323,0.25552140972516507,-1.3597639069715777,-0.4755488325978394,0.285124230974972,-1.5452232250911273,-0.5625515756489067,0.3220752577611328,-0.5977989754136339,-0.21843752083396561,0.45061792839359033,-0.7994392935651066,-0.32186039368763353,0.547356662250572,-0.9412093774743535,-0.4182872996868778,0.6549960647690098,-1.1105836499894646,-0.49569642645695555
8,0.0,0.0,0.0,-0.17738704959879903,-0.1738760336417664,-0.20929270180314272,-0.3358543606962474,-0.5210704471020028,-0.37229040806430913,-0.3230990344425904,-0.6967924997050496,-0.5376333324383287,-0.19116399261230868,-0.7308955773868341,-0.7139917490212753,-0.1826045794906862,-1.0956749950688434,-0.1766558747266291,-0.19062171614532666,-1.5935050230423924,-0.3288981562877722,-0.20730858721735784,-1.9008633298344362,-0.4756807491117057,-0.2153594198595009,-2.1615779547552,-0.5828757835587158,1.2191039769093774e-16,-0.9837698407395573,-0.1794349476865254,-0.018675222749722897,-1.194842817583743,-0.3840856380285041,-0.0679172736810029,-0.9215757861146101,-0.5079438441751024,-0.07885233753689204,-0.728306256608261,-0.5597506156178049,0.1693316185443911,-0.8117145295897551,-0.2086431558246175,0.25021361366440253,-1.0937435013952417,-0.38820224883925397,0.27810753044755,-1.2684726106454967,-0.538516472544338,0.32095343388476494,-1.430074053593101,-0.6240277626143335,0.3320915712994819,-0.5733490126867882,-0.25900839215827726,0.4625821485511025,-0.7736627124193415,-0.36622878453524266,0.5647119643134366,-0.9077887175231159,-0.46269797233689136,0.6850128507965861,-1.0608667943127563,-0.5402541228354394
8,0.0,0.0,0.0,-0.1637447407155679,-0.121491973360809,-0.26843912990199575,-0.3138215702364942,-0.4069146044102045,-0.47702049213500775,-0.299236560478263,-0.5472000142780493,-0.6761464285563713,-0.1805429219440465,-0.6085662894184104,-0.8901226406299213,-0.19717016680976823,-1.0668724404709136,-0.2927525689695686,-0.21456468070653634,-1.5735541687787635,-0.4792549195799421,-0.23253704588765053,-1.8853868392984483,-0.6536753166409718,-0.23719608722526678,-2.1572322287688586,-0.7789504531384507,9.136589276450614e-17,-0.9619186786615271,-0.2733357928301045,-0.008290742532672224,-1.1097335666739638,-0.5067463294841316,-0.04382481028401033,-0.776283091826178,-0.6436866255458817,-0.044347360736069055,-0.53138980841513,-0.7056641650891785,0.18198954502113682,-0.7899618695074713,-0.2808856948887164,0.2607275408925711,-1.0425005014682673,-0.48276827296326097,0.2892460527601425,-1.1935888750468526,-0.6461579939665191,0.3313131368608337,-1.3317001783711282,-0.7433084587802147,0.3525578141895,-0.5654411063843032,-0.31152518034235377,0.4695556972716465,-0.7836669811429529,-0.43493673904390096,0.5646368464042606,-0.9156133450381244,-0.5434525590435486,0.6811223916824724,-1.0631217406201323,-0.6325369977139018
8,0.0,0.0,0.0,-0.1686082580749242,-0.1254922075714419,-0.27559481986544837,-0.32446421634639677,-0.4039855386975501,-0.4943068224034137,-0.30215565471275946,-0.5202591272972897,-0.7040209422343768,-0.16316739495608656,-0.5531346923432013,-0.9296883310932368,-0.2033578888187167,-1.0658355511525297,-0.32083274541488066,-0.22669510836088202,-1.574043201143649,-0.5263952265757785,-0.2478656830407002,-1.883940646632093,-0.7152299213480217,-0.2540680066249048,-2.1571793329967788,-0.8504410150034329,7.979144987678586e-17,-0.951602307830853,-0.3073321456193515,-0.011094349385868806,-1.0798827560105257,-0.5632364183854508,-0.050598345832669846,-0.741373528522715,-0.7119971500067744,-0.05528485452744081,-0.5038031522248966,-0.7813796857600558,0.18329364674396467,-0.7717060817832935,-0.32173610161602534,0.2670031404303703,-1.0043122262931676,-0.545115302279388,0.30579792556098867,-1.1396586767836507,-0.7183570834324312,0.359662289849618,-1.2638071880025648,-0.8200394274115576,0.35287957159706096,-0.5408484027406593,-0.35909992194758883,0.4633430497231036,-0.7599959463965174,-0.499683543295981,0.5595962251074019,-0.8902124611522332,-0.6174681818741427,0.6806309267396734,-1.0332507932688366,-0.7124529099830503
8,0.0,0.0,0.0,-0.1667118982086729,-0.1272832932094893,-0.2780182720177293,-0.320596018201738,-0.39092560766560164,-0.5008627976213322,-0.29294987089537977,-0.49138308916052953,-0.7138708200187365,-0.15801613938975972,-0.5188426588771845,-0.9433413743624512,-0.21241480282616523,-1.0583312668263523,-0.3372099230111669,-0.24386813786318723,-1.573397951854845,-0.5470530237249511,-0.2674138149386397,-1.8828367601423004,-0.7392280680053719,-0.27373064040553335,-2.1583620664406897,-0.8760450749354545,7.865155507701492e-17,-0.9469044242292382,-0.3215151806293056,-0.00432504810301719,-1.0458697911412922,-0.5775056494398658,-0.032165960066094026,-0.69710597844912,-0.7233867741272433,-0.030512208192054458,-0.4514315776764463,-0.7913667344385902,0.1888860158267971,-0.7696135356231687,-0.332778936675789,0.2720705241529236,-0.9844312915691175,-0.553612550570724,0.3125031993967379,-1.1098823167867662,-0.7204862357726576,0.3648145428268057,-1.2290735499165202,-0.8196795975637988,0.36095157794536725,-0.5433766782728299,-0.36698243165625083,0.4694739584764961,-0.7635164352429695,-0.5057696518001312,0.5638753204650175,-0.8924913916430267,-0.619436358150213,0.678246184761798,-1.0395026003638195,-0.7120704145839889
8,0.0,0.0,0.0,-0.16906174707042768,-0.12370429851915875,-0.29903678647532755,-0.30763709075896756,-0.3587721395625363,-0.5318205111757935,-0.2637755195244543,-0.4100184487379824,-0.7478796170699096,-0.11413215052590477,-0.3875032675630477,-0.9822279028253319,-0.22525945056443183,-1.041327835551203,-0.39502305579748703,-0.25577926280314744,-1.554159409351936,-0.6144575095629822,-0.27585195171711696,-1.8638463667933511,-0.8084668599980533,-0.2822975749758479,-2.146292573987768,-0.9457387127898078,1.5287231583883634e-16,-0.9301849183076905,-0.3670912934855785,0.026590247920829913,-0.9861440210783673,-0.6194390126622865,0.03362331378225293,-0.5858837067254122,-0.751522951042032,0.039470568606171465,-0.3202723973243676,-0.8132837844773613,0.19625062429001844,-0.7540821845143197,-0.36726640366944097,0.2897293149279934,-0.9333043298145393,-0.5941067852487436,0.35240461155621466,-1.0199308485725873,-0.7614294464101404,0.40242083085233277,-1.1204433073123372,-0.8617656736054171,0.3669948326458008,-0.5406620211310867,-0.3897564665669112,0.4778567310919209,-0.7531001084556646,-0.5400387638303729,0.575850367934531,-0.8732437832026808,-0.6619348636358756,0.6779338013461866,-1.0137593453996154,-0.7600873508810989
8,0.0,0.0,0.0,-0.16218162112632362,-0.11556761844669546,-0.35052949682297607,-0.29409243365106946,-0.309932673377958,-0.6136374658559819,-0.26097811851409386,-0.3462126346376682,-0.8443232076816362,-0.119891208210889,-0.35127497185596174,-1.0909004812519962,-0.23908438797854714,-1.002331329769438,-0.49018366431586424,-0.2680909790405765,-1.516732309405005,-0.7230506097416527,-0.278438362141215,-1.8282759571398757,-0.9099020297920417,-0.2840631383135193,-2.114905145368114,-1.0385136014435241,2.0140627703084456e-17,-0.9023819498363159,-0.4309371376542158,0.02292368767634758,-0.9659538408869944,-0.6800724256282441,0.04311750858059249,-0.5512412749693941,-0.782767056770575,0.0410157685394299,-0.2961680316524064,-0.8247433760990832,0.20847081575949197,-0.7385328690380103,-0.40215298109227515,0.2939330615342465,-0.9129554645304897,-0.6300259248856213,0.3632485985770593,-0.9642530259987265,-0.7759382382220467,0.3977944359627168,-1.05285387401733,-0.8609674791748739,0.383890648827634,-0.5481582992504266,-0.3976688039258526,0.4986335434681118,-0.7447667767758783,-0.5543445313888861,0.5988143839295702,-0.8592696575498565,-0.6715353736076252,0.6878650175062082,-1.0033266737000335,-0.7626216599137176
8,0.0,0.0,0.0,-0.15863107587539135,-0.09650092256473672,-0.3592687843627884,-0.2975417235551272,-0.29312044436469176,-0.6328341724729827,-0.25619037945980805,-0.315894548875133,-0.8766626497025128,-0.10533084186136185,-0.32791585104750987,-1.1393345687706908,-0.2569706508697331,-1.004979041043795,-0.49655188412109685,-0.296733374878555,-1.513485815495807,-0.747776982560517,-0.32648962189949515,-1.834007585126823,-0.9555951516520571,-0.344060588498125,-2.125987668906631,-1.099686135566192,-5.955958022460967e-17,-0.8946378566747432,-0.44679201582438965,0.012277917046255709,-0.9566141070780029,-0.7242921469248182,0.032798632198173076,-0.5381093274660276,-0.8561484542924737,0.04125933440252366,-0.25496817147320844,-0.9167308694766076,0.21812069179346136,-0.7287825652983441,-0.42932157548381383,0.3018418211654819,-0.8989625729403548,-0.6801785667701218,0.3761850632507085,-0.9607627522429887,-0.8498643582239809,0.4259200847680495,-1.0431377350779119,-0.9514790203368116,0.4034608470425216,-0.5427471443037672,-0.4371074746392307,0.5106050707020482,-0.7466855699464079,-0.610215486881954,0.6021971617109761,-0.8641105523617809,-0.7418142288768915,0.6900753567159879,-1.0030201928503677,-0.8453370598760511
8,0.0,0.0,0.0,-0.16395367571419375,-0.07556830475294864,-0.3930787048363642,-0.307376487492135,-0.2691713432398617,-0.683874222035532,-0.2693573053651224,-0.283846631169807,-0.9373439583369801,-0.1122822353657121,-0.2924608952520857,-1.211534675166831,-0.27464925972917087,-0.972545732797809,-0.5598243635637737,-0.32050327313415866,-1.5115952669279662,-0.8252841907968046,-0.353564732101035,-1.8413828390689926,-1.0394259527647824,-0.3725994660458034,-2.139319019928918,-1.1888905254934177,1.6120925343508342e-16,-0.8667151429225705,-0.4988034292471417,0.006057851699778737,-0.9144895377461736,-0.7897731090274172,0.03553376603856206,-0.4848387217613292,-0.9275359038969443,0.04940224387867068,-0.18833724704820012,-0.9938796748531736,0.22693843099838068,-0.7082287311815675,-0.47096968291186786,0.3151150253343562,-0.8559973637147162,-0.7432491711863602,0.40116934417834815,-0.8935453489740712,-0.9305399862256117,0.45521405735385206,-0.9564456221679243,-1.0427364715851701,0.41835858948935384,-0.5401833511943409,-0.4684225889755187,0.5316534418757819,-0.7303798243429795,-0.6624051964117043,0.6265414100241796,-0.8366609978604018,-0.8111409681020237,0.7123389264755581,-0.9661237955308116,-0.9265203741362371
8,0.0,0.0,0.0,-0.15363337612389527,-0.04884674230702278,-0.4104537012308905,-0.29602249596840596,-0.226891293662692,-0.7087686240650147,-0.25942760221174266,-0.22097930859894957,-0.965537854623667,-0.11747176013612418,-0.2270058698197206,-1.2423069614383717,-0.28353107271381844,-0.9627267835390074,-0.5805020150316804,-0.33755838097852847,-1.4946238315950715,-0.8467129427144064,-0.36260175997366684,-1.805909977960945,-1.0621875581167186,-0.37536387013233036,-2.097598805849142,-1.2113255900274849,1.0768663141976717e-17,-0.8628803978811225,-0.505408170642814,0.01147227989626187,-0.8922060708670186,-0.7888439930064505,0.04399583326373021,-0.4357160138222079,-0.9204632541251747,0.0631213322837415,-0.12495210709271878,-0.9844677560797273,0.23689008280210047,-0.7001331206743932,-0.4639489647780706,0.33442712937791585,-0.8239096092294309,-0.72843978243125,0.4188843361670235,-0.8380311805821132,-0.9061343988180763,0.47506036450001166,-0.8851015134328226,-1.0134463046249251,0.43499069159026765,-0.5283951509017607,-0.44993851388528033,0.5527079441678675,-0.7081706024015518,-0.6373710597695067,0.6494411940980538,-0.7977782181496864,-0.7791705710150428,0.7383817650724864,-0.9175006303989438,-0.8902905055468884
8,0.0,0.0,0.0,-0.1516983859820557,-0.026160292148453675,-0.44477710700555634,-0.2889216310208893,-0.17893595110221602,-0.7574317100784154,-0.25871431701413045,-0.16366023909893135,-1.017466907630673,-0.14571388671697788,-0.1650916415342647,-1.296632634657591,-0.28922689997726797,-0.9073137486744584,-0.6607966957779736,-0.33919429874156043,-1.4480753669958502,-0.9426090477471396,-0.35861199817937006,-1.754935428859149,-1.161581714004489,-0.3618702860852624,-2.0469977442271845,-1.3133923269467078,1.4095937459349166e-16,-0.8226881301564304,-0.5684929555409778,0.02452836614197838,-0.8174252429657232,-0.8634987437850087,0.06062034662224711,-0.37422853733114614,-0.9972656497691458,0.07837793047983084,-0.08938255594905949,-1.0674912128621556,0.24237431642899115,-0.6711172850353051,-0.509118312517971,0.3561881431217133,-0.752540545554596,-0.7956508149129056,0.4620459408724817,-0.7374811724217486,-0.9829671092963796,0.5324012877345425,-0.7747857466854271,-1.096011729501294,0.4431048446849422,-0.5218540456647797,-0.4767532520488916,0.5626745492333991,-0.6754243011680369,-0.6856639230994691,0.6667788382862311,-0.7444735445260234,-0.8398144349973005,0.7596436799732728,-0.845905953860881,-0.9585539551879065
8,0.0,0.0,0.0,-0.15754674128570742,-0.027332332506425944,-0.4489314063974803,-0.3019692913711875,-0.18497822108726775,-0.7600556747845824,-0.27286631633846503,-0.1724718383546998,-1.0176561590447253,-0.14605697367079296,-0.1669957746450049,-1.2941577257183468,-0.29116402291352006,-0.90808742300712,-0.662444953531478,-0.34077530742063405,-1.4586865620246905,-0.9397991127838063,-0.35669354620786087,-1.7691424132413138,-1.1484647136973771,-0.36155585164449644,-2.0629281366143184,-1.2922993390986783,1.6524103360914683e-17,-0.822993171040211,-0.5680512656628609,0.024322835984470815,-0.8411313338093127,-0.8550192705142025,0.07715045150259882,-0.37839816234665674,-0.9720977064824456,0.1031286074742077,-0.09456484295932711,-1.0293049162867618,0.24505080081714534,-0.6751113445102621,-0.5086355395703759,0.35925721882684303,-0.7708910299729205,-0.7919634113780784,0.47434043536506665,-0.7355497043806007,-0.968095920115752,0.5456339966324663,-0.7670508330535557,-1.0713779369213314,0.44806548789775696,-0.5291245979768028,-0.4768906732588797,0.5724253388498838,-0.6820317950130306,-0.6843841764318653,0.6802041702946476,-0.7392341425112421,-0.8332922091442322,0.7701746596842539,-0.8376271450359689,-0.9459457196220594
8,0.0,0.0,0.0,-0.15678447314909089,-0.015496189271569519,-0.4691513787760363,-0.3006753554682672,-0.16056211668197617,-0.790156071789987,-0.26592174553934356,-0.14173128907676608,-1.0539864222953033,-0.1378214426416966,-0.13050274092611977,-1.3366897392284434,-0.2951335520196304,-0.8849906424198679,-0.6904027719205489,-0.35167561041747464,-1.438764527802527,-0.9771670777317026,-0.3708046326527568,-1.747619992352475,-1.192704995883832,-0.37548508334628866,-2.0400030227980737,-1.342046643639409,5.827051908638686e-17,-0.8076534243749411,-0.5896574820142887,0.024860926056093455,-0.805816085217382,-0.8911717462214352,0.07917609830945875,-0.3423852553608709,-1.0195838281092124,0.10487466056058337,-0.06818987977237685,-1.084341396528119,0.24709561557966525,-0.6650851449096346,-0.524412264266675,0.36711904170701554,-0.7398629765692765,-0.8241939870231473,0.48744957354776947,-0.6900771203196491,-1.0117072373622937,0.5607563188447755,-0.7176042537199427,-1.12105325492114,0.4495729297796205,-0.5243570380941706,-0.4872267978712254,0.572857018986032,-0.6684015743739108,-0.7054538079943842,0.6827455082561916,-0.7138921012044671,-0.8623138542411599,0.771752313681075,-0.8013941914700073,-0.9805055118253199
8,0.0,0.0,0.0,-0.14764828161122182,0.0022938621431367,-0.475390062196931,-0.2838090083040753,-0.1361436469269446,-0.8026541465270021,-0.25231615938885943,-0.11105131183624165,-1.071216682490968,-0.14380518559767116,-0.10740261713661703,-1.358638640964656,-0.2973147609962447,-0.8713454292280027,-0.7064975506227035,-0.3584651674619653,-1.4178332312899122,-0.9999070708287978,-0.3810399395884986,-1.7267816139881134,-1.222065152534654,-0.3870227087224251,-2.018850610023649,-1.3756589209385766,-3.003376243812726e-17,-0.797842681016625,-0.6028657034101411,0.02420332629250891,-0.7920656851301728,-0.9085030243864468,0.07633105835793717,-0.33400461813327403,-1.0416146160778008,0.1034792194772889,-0.05503056545706687,-1.110785196618373,0.25247809260643533,-0.6552325450217281,-0.5342751528249687,0.37049332871191976,-0.7224026116675084,-0.8344753409867676,0.4858307324824772,-0.6769936745126849,-1.0244887537936527,0.557725843410095,-0.703004008542841,-1.1373061432752798,0.4618230636414517,-0.5119252155482037,-0.4942464771146076,0.5907708165896298,-0.6521380123377437,-0.7146284174232987,0.7043200219228535,-0.6955507379584387,-0.8740387896959907,0.7980088638875708,-0.7785966170242483,-0.9946971299344622
8,0.0,0.0,0.0,-0.1598181079446128,-0.015319024397687064,-0.4657856504926513,-0.30518750639569703,-0.16814515230123686,-0.7860865000784972,-0.2707517416645034,-0.1395148518240657,-1.0493205471024996,-0.1395192289828836,-0.11014381285295267,-1.3317598136368696,-0.29953606730345816,-0.8742354710170328,-0.7044350841370534,-0.36189972701345835,-1.4286145164488995,-0.9956484790484392,-0.38433211291430347,-1.7370112218110683,-1.210163503788715,-0.39381949002236133,-2.030693063558773,-1.3577298094191028,1.0891818614686606e-16,-0.7959114896500142,-0.6054130000611939,0.024392140956978593,-0.7974074139368954,-0.9031885712650809,0.08525674650321148,-0.3314957368663322,-1.0237077199097966,0.11632043388289655,-0.059299831848099026,-1.085050947237566,0.2516294599485862,-0.652115097547018,-0.5416652172480435,0.3770350082071042,-0.7164531725624567,-0.8384030161573952,0.4969585704874091,-0.6557737737245976,-1.0192423956545595,0.5684267415269958,-0.678704118412231,-1.1252773384224657,0.45961032819015235,-0.5121273806738603,-0.5059636518652987,0.5935088341643463,-0.6512075043168619,-0.7259293209884857,0.7064500982368248,-0.6948721152172935,-0.8812670702936126,0.7973036435634755,-0.7817645786092007,-0.9980767316023716
8,0.0,0.0,0.0,-0.1584600614432915,-0.05501396068480333,-0.41534257126809054,-0.30426467877841096,-0.2381395111165912,-0.7119903650179964,-0.26280593810180963,-0.24584122829916025,-0.9627238790066436,-0.11394929237890684,-0.25204125442865666,-1.2322979108891476,-0.28194364352850265,-0.9537046041059091,-0.6032662913881405,-0.320419657615955,-1.4935054942921173,-0.8683169028532,-0.335644258099087,-1.8070202032408285,-1.0778011721444842,-0.33942651074662045,-2.099359245253345,-1.2234769874311782,-3.5798436968989056e-17,-0.8532647955947495,-0.5214778888875827,0.021008444623666682,-0.8997775441167556,-0.8034980552595473,0.06242279811645473,-0.4546200104657706,-0.9296408078514189,0.08630273039632384,-0.16881484378154313,-0.9909308678397941,0.23650912787834769,-0.6903433339980689,-0.47193576484463934,0.33353372432660544,-0.8196246514890684,-0.7366766983420563,0.43069765156392387,-0.8302666799167072,-0.9094643801754266,0.49677276116430574,-0.8869757266720213,-1.013315120906205,0.4319943258836419,-0.519690987965429,-0.4489546546423931,0.550989139864404,-0.7008099459094793,-0.6373772982256302,0.651600790504743,-0.7836116756561121,-0.7773286599366407,0.7423660443089938,-0.9006523389460898,-0.8862110770965317
8,0.0,0.0,0.0,-0.15230343623745238,-0.08932154677653846,-0.36516133014598606,-0.2860319424308902,-0.3034077485951207,-0.628778884126389,-0.2579609279940744,-0.3692895113089353,-0.8572168490111076,-0.15030668061830818,-0.4153828279844289,-1.1012974075194994,-0.2429754003376199,-1.0113328750280828,-0.4906717065339548,-0.26653251303315156,-1.5131926195423389,-0.7306500456805648,-0.2885675825973091,-1.825677103363781,-0.9313505469409558,-0.29410917762573596,-2.1096620070658387,-1.071069849314279,6.184583298300168e-17,-0.9042003433624568,-0.42710857994567986,0.018232487962074842,-0.9840288255414551,-0.6986662564572629,0.03327913952324376,-0.5968066767530397,-0.8351601435965155,0.04928832464568645,-0.3379186383817862,-0.8988006052559633,0.20891648430203918,-0.7367784024800265,-0.39383271584037033,0.29413707269759803,-0.9186796110403681,-0.6387676028575787,0.3804311099805295,-0.9861676242277557,-0.8067301977757694,0.4551166809517439,-1.0730952763193227,-0.9061205901273943,0.3843739410939422,-0.540796160774636,-0.3856839379687861,0.4860642606893696,-0.7623413622881683,-0.5503682981271406,0.581263496216022,-0.8608818218632873,-0.6760125082652221,0.6863032978313017,-0.9786783130736088,-0.7745832872859991
8,0.0,0.0,0.0,-0.2219809950564773,0.03754533563865362,-0.38435468835286274,-0.438795930737328,-0.03782951324442508,-0.7133732923372119,-0.46504137268118206,-0.07998299805809148,-1.0183458689032918,-0.3844792938095418,-0.223078541702231,-1.347773766482259,-0.35456010127775356,-0.6939197739554372,-0.5626567017448023,-0.5158267162952869,-1.1620293897368603,-0.8593110746694039,-0.6487076050440516,-1.4158157074088868,-1.1093937136805818,-0.7322812748719557,-1.6732156114818812,-1.2886095977186345,2.929511105707158e-17,-0.8458318642294674,-0.5334495828605588,-0.12079886560111817,-0.9120006704347586,-0.8808547907008631,-0.2011886742336853,-0.5007759767916543,-1.0500294764763418,-0.21554029085396603,-0.2451702352852996,-1.1258805485406809,0.32582823424916535,-0.9211554653057588,-0.5336811442652084,0.3616073321305629,-1.2474783765180155,-0.8478284028316253,0.37217590606156115,-1.4347911941586526,-1.068060999078443,0.3865567174715409,-1.6480699403286174,-1.2024200981764217,0.6322442155023933,-0.92912773874611,-0.5597309977235146,0.810681579744354,-1.310059943594597,-0.7688264252343292,1.0005054387004744,-1.5720123543899367,-0.9231059351495042,1.1787853288497492,-1.8708642746249127,-1.049421072256316
8,0.0,0.0,0.0,-0.16711503565002403,-0.06102382163642257,-0.12316796408586542,-0.32866861712309386,-0.24059540719895903,-0.28003712788649937,-0.3817537696802423,-0.35264878878684763,-0.4514295068351001,-0.333061287270734,-0.4792018564058517,-0.6367063881092645,-0.16756173272669644,-0.9344281990092567,-0.20588275646806262,-0.17981637683984486,-1.494971485606882,-0.3770908366063298,-0.19629156629942554,-1.8023996342711084,-0.5260022405341668,-0.21368126244296634,-2.055478294899201,-0.6353062538718031,-2.224946858788803e-17,-0.9655887611719122,-0.2600737285819005,-0.0944648802871612,-1.0986728973561257,-0.4888558930064133,-0.17612044649388817,-0.7659789481033791,-0.6029719351587328,-0.22048515723041304,-0.5410972570597081,-0.6522842749115016,0.15577056605281153,-0.9144135847945847,-0.3277099322109455,0.20177768407655736,-1.2807807368267778,-0.540551805148016,0.21583339943805083,-1.4971810091418811,-0.6864936375414654,0.23955040867683827,-1.7022323538584934,-0.7681876572185047,0.30628962632791523,-0.795584648612959,-0.40583289886938845,0.45012347059511953,-1.1090231100855843,-0.5401955639081042,0.5729215258524255,-1.3228939553531711,-0.6304318828401353,0.6929871067499264,-1.5668130652613164,-0.7019294407101021
8,0.0,0.0,0.0,-0.15584355959899052,-0.09092211211993673,-0.10427344961596441,-0.29747302176137663,-0.2951703117584538,-0.24269648809580396,-0.3477691139488954,-0.4240731061362232,-0.3971204046229233,-0.3046910395706615,-0.547060295191746,-0.5640714413980938,-0.15413407850503316,-0.958557034610366,-0.16494594595067485,-0.15723730802132,-1.5216026934440365,-0.31577963742150217,-0.16507379296542285,-1.839536491184586,-0.4507587449939926,-0.17048569924787932,-2.1079543204429885,-0.5500143018428795,2.867790080509965e-17,-0.9764276866101789,-0.2158447887281368,-0.07649945710175163,-1.1654671791763394,-0.42475524514006363,-0.15792354280935655,-0.8539498448964162,-0.5292065506666275,-0.19918521587533475,-0.6345796227456825,-0.5719552715123586,0.1476291449633201,-0.9245497147939293,-0.2794359837270278,0.18840182098093777,-1.3023408521362292,-0.47357848201964253,0.1890392506346259,-1.4970810258334097,-0.6084940131289746,0.20480559632158948,-1.6742012657495238,-0.6819689364276004,0.2916842001385601,-0.8040114953629446,-0.35232238888817113,0.43099023889961074,-1.101822767739724,-0.4719718978219755,0.5398203460653532,-1.290046424978194,-0.555553996861693,0.647125442781704,-1.499303696806944,-0.6210642537935374
8,0.0,0.0,0.0,-0.15019913020840078,-0.0950464923163533,-0.13449403632316315,-0.29808680453679004,-0.31943944815480585,-0.2794199510554739,-0.3408723612362446,-0.46873915013897716,-0.4343154938026806,-0.27421074225410197,-0.5979379829748696,-0.6017256722618559,-0.15476634574012565,-0.9755025269251808,-0.18408949582150164,-0.1584400483200639,-1.5220077559950373,-0.33662714096880014,-0.16650052182371214,-1.8427075198108,-0.47634517008297866,-0.17179671697333626,-2.1219982095226646,-0.5800305893517506,5.946682751127205e-17,-0.9756919891055811,-0.2191463948943602,-0.058124425729537625,-1.1668919223853107,-0.42608595633328505,-0.12649669503810013,-0.8703900996463897,-0.5388211169482717,-0.1637137869496943,-0.6688652568558809,-0.5899779254342892,0.1446049865873962,-0.9033846654803244,-0.26950846770994713,0.19452916503894058,-1.264526168616024,-0.4621776245707275,0.20379060356242643,-1.467521975377525,-0.606350327251566,0.22317676285649846,-1.6593465732733566,-0.6886445996769078,0.280679289149027,-0.7615281451156772,-0.33133981949281427,0.4084755693535959,-1.037623469904147,-0.4529881271671313,0.5110118776170335,-1.2135379533794068,-0.5448820279415476,0.6155607319211758,-1.4167055031281128,-0.6180920986229642
8,0.0,0.0,0.0,-0.15011997666398047,-0.10968588196418948,-0.1403762498869324,-0.2935253717176163,-0.3583503918179146,-0.2830688819266067,-0.32816473186340767,-0.5242040194001941,-0.435776614674633,-0.2500316987671166,-0.6503678563978077,-0.5999785000935258,-0.14866641844298,-1.0025411770197235,-0.16985702257806326,-0.1461537720451573,-1.539274276181422,-0.3161822008753572,-0.14928597161352417,-1.858373732264227,-0.4518871673754905,-0.1465443667154975,-2.1366004942385457,-0.5518591780322306,9.656611239071072e-17,-0.9797358342776958,-0.2002940214589233,-0.04760926252568085,-1.1966140767309341,-0.399716207862287,-0.11701378822870517,-0.9091719424204904,-0.5090077482055314,-0.14981990501037712,-0.7080015799936524,-0.5565135514168448,0.14086892975422413,-0.8894620571874999,-0.24811684243814955,0.19421122698376497,-1.2436634809981764,-0.4301830200522641,0.19923213291925201,-1.425061361158808,-0.5660564914920988,0.22038774602774616,-1.587275016773319,-0.6418011230400209,0.27631250416970127,-0.7325184416058838,-0.30944966790147105,0.4019264150030553,-0.9977439473837678,-0.42282085213852155,0.4996339827661784,-1.1631336087559936,-0.5097711204626293,0.6051290464176963,-1.352622980319307,-0.5782255090693413
8,0.0,0.0,0.0,-0.1560017655047833,-0.1263883790519639,-0.14241670883213173,-0.30218643039666926,-0.41344485131173936,-0.2828003761686174,-0.3329511633201345,-0.5920308079993466,-0.4311229677108646,-0.2470491647696358,-0.7006941797692261,-0.5918923942944654,-0.15282718871769901,-1.0220796754909536,-0.1721433724225224,-0.14724987692413702,-1.5527123499237772,-0.3161809826236155,-0.14920124817103916,-1.8723303165176608,-0.4506360173235098,-0.14602814618072785,-2.147628173822202,-0.550746842569918,1.5278931308321536e-16,-0.9799626370021355,-0.19918139993438308,-0.04085782744664108,-1.1990904629908399,-0.39523797128571897,-0.10299114423509051,-0.9145238601196763,-0.5054587461467052,-0.13083735368238747,-0.7128027146558428,-0.5549785175828347,0.14202209627509368,-0.8691594188220033,-0.24325048819165826,0.19866932514030497,-1.2236630089722245,-0.42573562098370976,0.2097401197409952,-1.428074170921998,-0.5692951928338003,0.23241165381396453,-1.616545188826652,-0.6523267179226926,0.27449414936903616,-0.6919322777027709,-0.30009124229812606,0.3999134653151307,-0.9348302594671335,-0.415859727337307,0.5009878724904065,-1.0856477157268714,-0.5079933894582259,0.6089458040817481,-1.2640165680993771,-0.5818756048221767
8,0.0,0.0,0.0,-0.15333755038260086,-0.16287837077497475,-0.1197067742318244,-0.3034398311131531,-0.48961923327541895,-0.24169101389016706,-0.349576894152764,-0.6826689603834348,-0.3750498301013521,-0.2908520448013414,-0.8162344373006314,-0.5198389370683534,-0.15075905183214372,-1.0432049508333767,-0.12571549435513438,-0.15992411563473558,-1.5482714086012204,-0.2603484042458576,-0.17051933357267,-1.8498692774296701,-0.3874723785779746,-0.17788712045479668,-2.1062021474284855,-0.48177008192017134,1.5184521922929514e-16,-0.987046476340551,-0.1604345771450217,-0.059155830729526813,-1.1900775717741023,-0.35753036650207554,-0.12801949230514492,-0.9332112308746446,-0.46388269292283785,-0.16427959342967943,-0.7512366860817848,-0.5072813174888458,0.13937486380399397,-0.860977381096896,-0.2125511872629324,0.19257080642421934,-1.1866135781828964,-0.40114527295854463,0.19538980146995694,-1.3928779346062443,-0.5396839113496449,0.21441432394517365,-1.5801707386256025,-0.6142494648614598,0.2678814704579477,-0.665849836983694,-0.2757709482672242,0.3943418490073159,-0.8607356574173586,-0.3932386447205944,0.49470269597156313,-0.9868546836119422,-0.48069755911966655,0.60235211103541,-1.1492065365297879,-0.5480203713235381
8,0.0,0.0,0.0,-0.16394534194189714,-0.17607192964517832,-0.14609011183067525,-0.3222686811255871,-0.5225482467384787,-0.2890928202081953,-0.36436398047126084,-0.727879559039238,-0.43946503427453343,-0.28445405708954336,-0.8382277709585294,-0.6012635474129704,-0.15818390894757267,-1.064068857796871,-0.17780686009996208,-0.1530292376558872,-1.5951966100866737,-0.32764779396716187,-0.155845745955537,-1.9081158301392505,-0.46240471158044405,-0.1578893566847158,-2.1711303793967156,-0.5624718840796292,1.2588966139400892e-16,-0.978396615638697,-0.206736698500154,-0.05479660702252502,-1.1989402492586334,-0.4142389796278307,-0.12915487974790876,-0.9394953720188097,-0.5238895999851579,-0.16946603451161366,-0.763228246669446,-0.5705293747892405,0.14579211881291707,-0.8222297619160225,-0.25384296208672896,0.21332907344116253,-1.143865187445938,-0.4502956541207262,0.22733355970044478,-1.3487512969277833,-0.5939156231674392,0.25219327391375107,-1.5450623514106692,-0.6737487564382895,0.28322106587970586,-0.6010906422456141,-0.3138241496967889,0.41796253597396776,-0.8024684466627814,-0.4395615935756974,0.5288231290157586,-0.9227539818794661,-0.5331172287019823,0.6469239474537368,-1.074387007876736,-0.6062026372846013
8,0.0,0.0,0.0,-0.17451856009648306,-0.19471631238274126,-0.1660995139971676,-0.3443874559917869,-0.5640680885802271,-0.3212118942719411,-0.39361695283932135,-0.7775506310893748,-0.48239002113585117,-0.30952191940152535,-0.8768650684042588,-0.6549071797534296,-0.1694803493645871,-1.0923768520871842,-0.1959766803348796,-0.16335056602711662,-1.6073425143516087,-0.3618049498835461,-0.16034973385522475,-1.913994409367713,-0.5087814378944218,-0.15410955458782383,-2.1713553640607532,-0.6162481622935089,1.3876007409861992e-16,-0.9746373012467294,-0.22379037293523615,-0.05967054177950259,-1.2112995843880134,-0.4479017717765654,-0.13745064606821322,-0.9623644935820248,-0.5697121731627911,-0.17526900969710346,-0.7838137293079644,-0.622988697100117,0.15476048637771397,-0.7875905979491858,-0.27325007093282094,0.2201532135541975,-1.1067838674958592,-0.48632840812773265,0.229981176066661,-1.3010209349761106,-0.6427693276422215,0.2556559740703673,-1.47665198431036,-0.7289082898213737,0.30181599719542684,-0.5366494084060893,-0.3373326129577355,0.4421909555326487,-0.7288668448835435,-0.47871271282052763,0.5588128447624864,-0.842410117305393,-0.5838789532021206,0.684781030371476,-0.9788155209534862,-0.6640616050395096
8,0.0,0.0,0.0,-0.19625843608145024,-0.22898913774885246,-0.1604090560722889,-0.3764923284968152,-0.6277633159804427,-0.3168261944272827,-0.4312198756026661,-0.850052095268332,-0.48368727891084884,-0.34836600561617087,-0.920460496992015,-0.6638749566803188,-0.17744522694647158,-1.121981903592756,-0.18082274931786513,-0.16356370567401962,-1.593176135878858,-0.3477478594696363,-0.15556028710088385,-1.876297649384376,-0.5011033671549244,-0.14472419480846238,-2.120372278237328,-0.614258031232579,2.2863078101955055e-18,-0.9763170241995932,-0.21634479022627537,-0.05558922912341194,-1.2011399430475491,-0.4391906968859553,-0.1299547724461843,-0.9532362123310887,-0.5696107986042578,-0.16214153827727126,-0.7715996202024267,-0.6304462147920057,0.1612922845472503,-0.7614463467269106,-0.27403433144404776,0.21815167753754988,-1.0565033894830878,-0.4839657126101286,0.23198378110480194,-1.2386556073045432,-0.6478141873859768,0.25514376412906037,-1.4052704073385922,-0.7420060546316373,0.3139820506120222,-0.48328877496523004,-0.3463173996335725,0.4685419049856114,-0.6411869479530943,-0.48620669482247975,0.5884790555350382,-0.7444648684945633,-0.5961580301556266,0.7104915484947463,-0.8773413811307869,-0.6825199555111361
8,0.0,0.0,0.0,-0.21717922344068277,-0.23706187974757031,-0.17932720024617058,-0.41974311467936515,-0.6532299040700869,-0.3473415804665362,-0.4776499405065868,-0.8738647230074184,-0.5243280161572615,-0.3767676913153221,-0.9149760792373112,-0.7152488083126137,-0.19626028003021348,-1.1284194228292146,-0.21207939259073685,-0.18003814877126792,-1.6187462521404834,-0.39939498418552843,-0.17149669591844194,-1.9201185076482794,-0.5695782724023819,-0.1581914017459176,-2.174917692519736,-0.694881185264654,1.0327113666005826e-16,-0.9686608903581954,-0.24838695515358333,-0.05318683936950752,-1.1814968713653937,-0.49408124542732407,-0.13254416071837644,-0.9519541361217081,-0.6392938856639805,-0.17139009016024112,-0.7859024588659856,-0.7095726664908134,0.17604663537612739,-0.7414712376757391,-0.3088579812038444,0.23695902890802095,-1.0308040892411692,-0.5408055551899449,0.2409983805566255,-1.2218460985351862,-0.7206194040271451,0.25682128252837916,-1.3972861180592735,-0.8240489140649556,0.34264897760886553,-0.453222953532142,-0.385627764053083,0.4992625623052862,-0.6085154410656818,-0.5426923676899608,0.6340765504633025,-0.7009897703509521,-0.6644008259826244,0.7713739679126534,-0.8183178041629199,-0.7589560884775752
8,0.0,0.0,0.0,-0.2342914218825535,-0.2563172360447174,-0.18999480331408744,-0.4449051400895059,-0.6818739600322216,-0.36272107384058433,-0.5061888088019347,-0.9082551572716828,-0.546274275176938,-0.40550219586911446,-0.9785642219647664,-0.7448514989352717,-0.2025590526712495,-1.1372532401394158,-0.19747992119454896,-0.19303775143837282,-1.642354249766105,-0.3829185610415542,-0.19728309878589237,-1.9579875076767395,-0.5576634144138468,-0.1935057714408456,-2.227644685854903,-0.6878023267504395,2.9368145248328616e-17,-0.9725159402541355,-0.2328363072023238,-0.049022075442998636,-1.2215361783443441,-0.4808178455863974,-0.1308087221438651,-1.0172695316104472,-0.6379703262228602,-0.17046900458523764,-0.8599756044738548,-0.7156744702146882,0.18768481303290735,-0.7464220345064154,-0.2944415150153979,0.2575879851850486,-1.0512708478035777,-0.5273333993315203,0.2615681385372253,-1.2507663222091598,-0.720909059585641,0.27534614720050715,-1.4269877152293682,-0.8336250420680854,0.3695416059102071,-0.45733921124682986,-0.3736435281215495,0.5434732856605505,-0.6160116418258755,-0.5313894872002702,0.6846876744747937,-0.7162215543195172,-0.6623656313793679,0.8283562306776532,-0.8351074012919315,-0.764562522290394
8,0.0,0.0,0.0,-0.251692684708439,-0.2884811229482613,-0.16674782336782182,-0.4711991085773505,-0.7289788892751624,-0.32559675032551394,-0.5121515676622194,-0.958250548555246,-0.49981932254343836,-0.37582254878033755,-0.9639014167576103,-0.6884653010778218,-0.2128318410579221,-1.154711832610413,-0.17407533577833684,-0.19342675781574067,-1.6466099911515164,-0.35017168096753615,-0.18988206618439565,-1.9435901049057,-0.5158752529721802,-0.17941341390657262,-2.198975988070473,-0.6388099121479994,-9.852219920186959e-17,-0.976025493729782,-0.21765623259979314,-0.05121844534738903,-1.2317791916595855,-0.4548027113772529,-0.12849075303467855,-1.0358150393276513,-0.604663313823916,-0.16099743652715795,-0.8892620018213049,-0.6764520464355339,0.19763558415370533,-0.7392450775568778,-0.2850295702089358,0.2671220588294475,-1.0360075550315562,-0.5039352719463098,0.2753134542320192,-1.2291355754618065,-0.6859988749647045,0.2900381419234639,-1.400917152482048,-0.7913200493644448,0.3930783689167041,-0.43627992899548573,-0.36896334820348153,0.5725066107450931,-0.6033988620728813,-0.5133128248523676,0.7108963239005865,-0.707185923765468,-0.6338715568620955,0.8477734197418435,-0.8253561074579594,-0.7288257206888142
8,0.0,0.0,0.0,-0.26556116436835936,-0.28672778393216874,-0.17291412783927573,-0.5039461669468355,-0.7400084941505101,-0.333550173835884,-0.5469784737880606,-0.9720197481060434,-0.509634541882228,-0.3863737964193025,-0.9742692440352452,-0.7004022515514556,-0.2296966855353736,-1.1563566739378124,-0.1679997776496614,-0.2130068571156549,-1.6484638799263989,-0.34364292697908244,-0.21515625952818673,-1.9534692419434005,-0.5102237485844235,-0.20943119007090671,-2.211267883915277,-0.6342836433854507,-5.45787868146548e-17,-0.9776392614793972,-0.2102890259001134,-0.049668814363305946,-1.2359809895691647,-0.45139649492269074,-0.12699316155669577,-1.0442941831661292,-0.6018518616960737,-0.1597719751866129,-0.8931305860487828,-0.6724122663936722,0.21599748053400913,-0.7392912175258095,-0.2780844063741401,0.29691003335634697,-1.0419758640551597,-0.5022746348409858,0.30611014493474453,-1.2376790335685677,-0.6887712234024721,0.3243400776712019,-1.4069874092258488,-0.7953899488047178,0.4298270204750612,-0.4329510037004383,-0.3635457128770257,0.6213346847852914,-0.591378933056318,-0.5108178574989309,0.7709661201560778,-0.692401407977127,-0.6348201807185668,0.9233950896572878,-0.8054666338528751,-0.7319446542743531
8,0.0,0.0,0.0,-0.2831471389681825,-0.2932583418501812,-0.18272716425981525,-0.542000169762585,-0.7677259096717007,-0.33871358619454006,-0.5900392755179898,-1.0130206130908306,-0.5086463794813724,-0.41683307802245445,-1.0049817849235714,-0.69336936787343,-0.2507399665533398,-1.1650217699015748,-0.1642078167943518,-0.22219816535295717,-1.6299781342233075,-0.34346017038837845,-0.21196813125838485,-1.920182439488964,-0.5128159160935989,-0.1927954007012835,-2.1652871583302455,-0.6375590913883187,8.788340625943383e-17,-0.9792111756805497,-0.2028434702481589,-0.03837201614633164,-1.2488960882164017,-0.4476248977457927,-0.11327061901315763,-1.0870540387639973,-0.605138087207835,-0.14974136768719096,-0.9610473140679993,-0.6797454014502593,0.23652826544349398,-0.7334630219733638,-0.26896576639926145,0.33083888587515653,-1.0375386214966573,-0.4997854037044129,0.3402743505573399,-1.2327283085520273,-0.6945703040628383,0.349010652051748,-1.408789322928386,-0.8050069319564319,0.46865025911013763,-0.41588907958426474,-0.3541443585347911,0.675941288867532,-0.5644249381144705,-0.507256063652536,0.8430881156980896,-0.6517879928265151,-0.6363665801339126,1.0051696692179068,-0.753584709316509,-0.7361501397367
8,0.0,0.0,0.0,-0.295601824418844,-0.30617966135343083,-0.18814740990987244,-0.54909314899006,-0.7458248629307498,-0.36410953527022016,-0.5986429979890346,-0.983114495727346,-0.5575829661520305,-0.444262604245952,-1.0123394256824123,-0.7663454167665883,-0.2567055379827424,-1.1623274436018198,-0.17388721468540363,-0.23422710609534833,-1.6420601745926735,-0.3615237646230245,-0.23391999644591147,-1.9377128404874124,-0.5387420167823687,-0.22152930871393883,-2.1902269937402448,-0.6696659824969774,3.3993304749757545e-17,-0.9757179861767822,-0.21903061761115616,-0.05029574203137532,-1.236741874059576,-0.47354966546890065,-0.13486925040573933,-1.0660422605064954,-0.6351661501554808,-0.1709642482589684,-0.9423663941577148,-0.7100916617667126,0.23970767864002474,-0.7367894615564103,-0.29139251723509274,0.34084734875018075,-1.0196766433081401,-0.5215724930581007,0.35561394014226694,-1.2147087193796755,-0.7099703068629583,0.37247396205359823,-1.394744063041556,-0.8177589749191834,0.47847819179060586,-0.4267696332536981,-0.38394087319229575,0.6926045512498762,-0.5807651506270345,-0.5302897098629672,0.8544748693702342,-0.6767199998951281,-0.6511309883061663,1.012849870748827,-0.788877509887086,-0.7465118836875506
8,0.0,0.0,0.0,-0.31962481120653663,-0.3087721973999348,-0.18696621936501434,-0.5968591105310046,-0.7612029085945524,-0.359521867481599,-0.6501382961306589,-0.9973300357307778,-0.5492733342299123,-0.4844678607232068,-1.0082044935691166,-0.7545817157780191,-0.27546393736123637,-1.1555748025324997,-0.17645178388171293,-0.25535087065917456,-1.632181885273476,-0.3699481189480657,-0.2568395140967192,-1.9291699687474217,-0.5523096487137611,-0.24845249937572012,-2.1803046855358654,-0.6865026203650072,1.7830462045528527e-16,-0.9746882811432518,-0.22356823254213307,-0.05337720611744622,-1.2432367213997504,-0.48836951280057156,-0.155185099842281,-1.1005995605034362,-0.6570758380708671,-0.2092360335875526,-0.993323776764505,-0.7368024215217059,0.26264818129170975,-0.7367059123446206,-0.29828964032583005,0.37396314939116976,-1.0286535645908084,-0.5404556221575217,0.37641805109414506,-1.2404954677344848,-0.7407174298233499,0.38249301415065645,-1.4297701873474,-0.8548944398822026,0.5257754785259208,-0.42716965273111324,-0.39293940754443435,0.7579497553829595,-0.5817372626231553,-0.548127459219371,0.9293546240955582,-0.6882393673209078,-0.6783983971560973,1.0963763231888939,-0.8101443147426184,-0.7807750410208608
8,0.0,0.0,0.0,-0.2953037166497795,-0.31175009402750636,-0.19441136513121612,-0.542909450461158,-0.7593718067972236,-0.36358234168651654,-0.5825313196610481,-1.0063827851549696,-0.5460686766416322,-0.43355479355699106,-1.0483138634992673,-0.7428820855440053,-0.2541474245169755,-1.1611122759209016,-0.16722075615046503,-0.23506974680433443,-1.6384912511239058,-0.34419592340961136,-0.23282064414283465,-1.9291428121179979,-0.5098990222516694,-0.22278082892939274,-2.17454479344529,-0.631866530857239,1.4265223469508904e-16,-0.9792585607301494,-0.20261458791685366,-0.022256165810891834,-1.262183298015078,-0.4419654237965439,-0.09899402206107018,-1.1113777446208568,-0.5949802575703678,-0.14080718938164768,-0.9923973185078613,-0.66544381825232,0.23788238971944517,-0.7412633820275047,-0.26625839725477124,0.33801626755223896,-1.0537589992918726,-0.4871665315840302,0.35529915833886383,-1.2624761147216117,-0.6725358342235165,0.36814698863777945,-1.4551310606793442,-0.7791070174642373,0.46922978764798035,-0.4318125018351815,-0.35001353125229984,0.6815570584747023,-0.5970403516746963,-0.4937579834130587,0.8419292732555159,-0.6975643938811005,-0.613931748592621,0.995198363964727,-0.812477961609398,-0.7083061975477565
9,0.0,0.0,0.0,-0.26865526193980555,0.0850999250440733,-0.4720695068168334,-0.5080831131398466,0.10021222329258066,-0.7963711914957603,-0.6466001680438985,0.10831746488808416,-1.057727222036329,-0.7017244853801707,0.04414620628501279,-1.3061775369311237,-0.3264448483624376,-0.597960144128071,-0.6689319169104936,-0.45672794175641007,-0.623894001551916,-0.9081592887197915,-0.41354162766713043,-0.40431252227186876,-1.010430874039734,-0.3556305592556446,-0.20758563088626703,-1.0869027657175463,-2.006081486374875e-17,-0.8133056738624316,-0.5818366444829476,0.0025652982895210032,-1.1988104500312793,-0.8592155020886014,0.0529197566877557,-1.4780036405746872,-1.044719865151031,0.08857157072351352,-1.760547997797557,-1.1943784675565499,0.3072904759338851,-0.8914568213263503,-0.5192818625757465,0.3933135975705067,-1.3135552141036284,-0.7282237598626816,0.42360544095864455,-1.5657300272888508,-0.872590723711089,0.44659744554147995,-1.8260505557222948,-0.9909442496203588,0.606650184155467,-0.8608724461661573,-0.493436153945681,0.812972046999849,-1.193768083713182,-0.6600797729745408,0.949994381167495,-1.4154082808965205,-0.7604423316831886,1.0611184123800355,-1.6590687157794635,-0.8457965619748039
9,0.0,0.0,0.0,-0.184825479256967,-0.013934037291966123,-0.22771450274247274,-0.34983811595946585,-0.09856426886964127,-0.3938046866169762,-0.4478577477424601,-0.17082168022490926,-0.5480275650846413,-0.3839763697785822,-0.30191431285593384,-0.6936145755971327,-0.17501887149769216,-0.7918254199187,-0.24166596946849703,-0.25423243901464077,-0.9217585035434882,-0.36470936335203746,-0.25750802261887784,-0.7266504415544184,-0.4164657802466586,-0.23988958576479638,-0.5337049323869558,-0.45585864124991365,-7.39879769523047e-17,-0.972372858836862,-0.23343312403647443,-0.007939811829025313,-1.4017393700088978,-0.3617494453597413,0.011843172529619169,-1.6982309128630784,-0.468286256474022,0.02727177353363033,-1.992949042162596,-0.5577444866158968,0.1640234183637168,-1.0222944655230244,-0.24962155592032556,0.19404743537194374,-1.467459472066244,-0.3326918040552392,0.21611005609464654,-1.74172694307133,-0.40691807863032686,0.2347613739452381,-1.9936583904150282,-0.47608387526300167,0.32374692298430235,-0.9836810483548334,-0.2928637861903494,0.4278985805910286,-1.3302309740096048,-0.3570105899277957,0.5017301300729762,-1.5609757553480956,-0.4002091544816284,0.5649344080424787,-1.793783001980182,-0.4428554689708401
9,0.0,0.0,0.0,-0.1836018475633003,-0.03267262282975514,-0.20654308158502915,-0.35342929552208263,-0.12750998013380144,-0.36047080054754815,-0.4446387741797509,-0.23230477726456958,-0.5062105452339961,-0.35734406475984215,-0.40594778542788984,-0.6437000872364035,-0.1692328917286938,-0.8122141414888016,-0.20620305323001997,-0.23112274003178784,-0.9863856608107835,-0.32040712480426375,-0.24853066679717453,-0.825687715501185,-0.37046234824327556,-0.24182028955508061,-0.6337407510910359,-0.4063260384726841,-4.2392938439537207e-17,-0.9798750222645047,-0.1996119754477081,0.002059351086040892,-1.418958823508598,-0.3148761663173176,0.01331970295004581,-1.6986308986261498,-0.4145606882902624,0.026113243146337423,-1.9694185433942806,-0.4959925152737065,0.1597829347061044,-1.02478768867231,-0.21626336899216403,0.19922888012240672,-1.472000849103157,-0.2869568396157649,0.22276627621323833,-1.7485678907260511,-0.35192536447464906,0.24435331365224008,-1.9938092590376748,-0.4130493495041663,0.3137757186685971,-0.9800746248765628,-0.25885020083185145,0.4073145626235733,-1.3159817110945706,-0.3120952528022245,0.4734669298601809,-1.5451826001789106,-0.3473585142871624,0.5332000725185888,-1.7728298868294472,-0.38289640754263843
9,0.0,0.0,0.0,-0.15675945261843707,-0.07594489766046521,-0.16616984439758406,-0.2985790804204835,-0.21262193608475305,-0.29180439405937647,-0.38121357234412395,-0.3423944850713514,-0.4168664119252897,-0.31985572537991896,-0.5102896560757432,-0.5333976127863829,-0.12662407939047574,-0.8652227075761403,-0.12412645995575437,-0.16504502050359707,-1.0662421363239316,-0.22074029913022622,-0.20526423183839107,-0.9178187847475888,-0.2655286036566205,-0.22646922559701763,-0.7302849605409967,-0.2952285196164465,1.7008485325036177e-16,-0.9918280988046023,-0.12758143447088144,-0.0013014199316512026,-1.4245395274726245,-0.2147425312552144,-0.005088228792982747,-1.6887106131528782,-0.29653769655686074,-0.005911706131053862,-1.9554555339642319,-0.3638296088686665,0.1187812896601565,-1.001099728895136,-0.1562614077262625,0.14155058452639607,-1.4117139311435847,-0.20759217792663084,0.15646329172704715,-1.6764672700709633,-0.2561865600716403,0.1710858943241177,-1.910660088398044,-0.30322867237853895,0.2369444664062242,-0.9299019676538911,-0.20963902572000923,0.31466905640974885,-1.242498224834494,-0.24537661893736115,0.37307966711761487,-1.45894974714699,-0.2675086871558866,0.42588208669589955,-1.673949460450419,-0.2915797949954773
9,0.0,0.0,0.0,-0.15609326799788822,-0.10062816601364936,-0.16055265114499573,-0.2885828026653199,-0.26037453116479314,-0.2788925497392405,-0.36048682076393634,-0.4140941336414023,-0.39651715482289573,-0.29962990536260137,-0.5855089110303221,-0.5056271119420997,-0.12900993231391392,-0.8768443138791941,-0.1056897404805085,-0.15222208845218435,-1.082027141669677,-0.191470068649382,-0.1764208280101824,-0.9479094924365996,-0.2307188336167248,-0.19022441137523788,-0.7702788399422982,-0.257177384537515,6.933925474975814e-17,-0.9943385048717073,-0.10625882424296668,0.010520621138271352,-1.424833649975611,-0.18272209467430048,0.01875861083904398,-1.6901238876368092,-0.25930302134248884,0.0234295814672425,-1.9574232095531494,-0.32294438530105196,0.11782628248127865,-0.9939005095009786,-0.13142805447877276,0.14731485163704022,-1.3965418225328898,-0.17523167313878354,0.16485807078270368,-1.6508542017778087,-0.21954243127364448,0.17817344241809877,-1.876077415684933,-0.2632094388964311,0.23647373835609345,-0.9147508314676328,-0.18053058614708206,0.31003071462594173,-1.2225742396576789,-0.21038285001757587,0.3654859856717719,-1.4216394085772375,-0.22811266987661985,0.412312033933727,-1.618529454879212,-0.24848333317852508
9,0.0,0.0,0.0,-0.1529349325254312,-0.11452562908077209,-0.15335778898688715,-0.28561333446400866,-0.2843532714229575,-0.267637782589405,-0.3563668822645128,-0.44747598172432174,-0.381609174367267,-0.2853526151720821,-0.6220892922904078,-0.4868238190893762,-0.12645722734520465,-0.8876860664176675,-0.10313244906766267,-0.1549071225429796,-1.0949673296091513,-0.18658843465568728,-0.18252239821985666,-0.9586159536241143,-0.22368418532158638,-0.19612249970485243,-0.7787256589912758,-0.2485231517346766,1.3397836599606733e-16,-0.9944717876632517,-0.10500411202355935,0.010372222686274244,-1.419313900383175,-0.1803066098636602,0.019600865916533608,-1.6841399450041499,-0.2536421546719562,0.028025167523685092,-1.9543682959374928,-0.314114639510802,0.11483114585389924,-0.9867406059660939,-0.13030765030307548,0.14343923301784806,-1.3813211699290193,-0.17296200619501695,0.15950363132192275,-1.6328451825122368,-0.21348203204804825,0.17372087100522687,-1.853959286811201,-0.2536441306816994,0.2299320419481393,-0.903619052485348,-0.1787744687939681,0.3031300246670461,-1.2063849920137275,-0.20701042050205626,0.3562797306501328,-1.3954150699383223,-0.22160837211666015,0.40252054311630575,-1.5802532056703298,-0.23904141867998702
9,0.0,0.0,0.0,-0.15453011483321014,-0.12921296895397608,-0.1600267994237542,-0.28953889903825497,-0.3264917102493313,-0.2705378587219634,-0.3636039254177329,-0.5176785474644399,-0.37782739708358754,-0.2847319851971377,-0.6855624150438833,-0.4768459894040636,-0.1305176078199573,-0.8991204643955945,-0.10141472663227097,-0.15897460746264575,-1.119009376796197,-0.17559222914160144,-0.17646046374296084,-1.0008453031666935,-0.2070143494959077,-0.1789769852190286,-0.8323383080396681,-0.22928379595959572,3.300211641716107e-17,-0.9954775369143923,-0.09499722890092663,0.012453823655015536,-1.4192125512753195,-0.16308659257910665,0.03226155755502309,-1.688003451319803,-0.23606215925201904,0.054361003029008974,-1.9579062666869562,-0.2967413397521515,0.11773321482281288,-0.9783530641032323,-0.11181609700815787,0.15110639820302502,-1.3767224295825944,-0.1536209826075396,0.16869482038063516,-1.6217318519282267,-0.20250289748194938,0.18661356802398849,-1.8356769506829722,-0.24744629480406516,0.2341713043408452,-0.8859092259208433,-0.15091697281649974,0.3066626627872518,-1.1757477197861443,-0.18374756445339704,0.36013269716748675,-1.3590615924048604,-0.2066870767376179,0.40992289079099964,-1.5421918507740684,-0.2291639981511024
9,0.0,0.0,0.0,-0.15784276022348057,-0.1453849693304089,-0.1539373257164258,-0.2954542017345591,-0.36949426955587006,-0.25811436902746543,-0.36952995326511917,-0.5809137829553139,-0.3586096348190968,-0.28334951287287835,-0.7499731277331104,-0.44983106548052376,-0.1268601981081989,-0.916652898288253,-0.09768276253784942,-0.15276507209010282,-1.1569635286861086,-0.1662662437730819,-0.181843883288519,-1.0190626813285912,-0.1905552797116771,-0.19129196146172298,-0.8302079068451843,-0.20839899568404766,8.560051882562445e-17,-0.9957839259492756,-0.09172989055399394,0.02285675258314031,-1.427501420139313,-0.15471986087996692,0.04356060708791215,-1.697878150563087,-0.22142956330289593,0.07064028940655634,-1.9628392715206537,-0.2779469606465092,0.11268448832765007,-0.9654791903763087,-0.10807473467828103,0.14844365947356314,-1.3696496888902085,-0.14569286629181039,0.17142301285575823,-1.6311918938372487,-0.19077524157204254,0.19776869792091525,-1.8555639706966762,-0.23356624960825165,0.22462290184712333,-0.8641720148096906,-0.1462174629977647,0.29868959339744355,-1.149628501925368,-0.17602342542053087,0.3563231021442341,-1.330803748264091,-0.19609498921822444,0.41292844448779953,-1.5079693219168013,-0.21636679992844102
9,0.0,0.0,0.0,-0.15688027389303133,-0.16084704005864012,-0.14639826551448545,-0.29407684270156487,-0.39685501200768764,-0.2438376491260953,-0.369518936421749,-0.614213849558831,-0.33901306427992045,-0.28094892415553785,-0.7768548899607871,-0.42543867017875636,-0.129329364869016,-0.9248754580645623,-0.08128625868097711,-0.15563176143677132,-1.163931861543468,-0.14404332733695768,-0.18302375626533732,-1.0266865018566291,-0.1674328927157755,-0.18968362253068582,-0.8463956229551458,-0.18550189539439274,8.330597350687524e-17,-0.9970028713619922,-0.07736455581170922,0.02731883359138106,-1.425649940632141,-0.132754221212555,0.04992922846418269,-1.6920476698232771,-0.1981988461033682,0.07709748172244557,-1.9560764646953757,-0.2547997918313316,0.11439919882590896,-0.9612912924002078,-0.0957137181198493,0.15049041452146106,-1.3651476185285194,-0.12717513370323513,0.17567902986111794,-1.632235061655218,-0.1726671930367451,0.2037612626694652,-1.8608999988410306,-0.21717603030321436,0.22550413783891896,-0.8546041251580697,-0.13552223945038372,0.3021731063542298,-1.1354416364591235,-0.1608493345249667,0.3583289519632159,-1.3112445698726336,-0.1804884174370161,0.4117494944689028,-1.479754799849429,-0.20134410740360478
9,0.0,0.0,0.0,-0.15837092544814005,-0.17551174835515496,-0.1474676647017807,-0.29344705568655205,-0.4233321476948768,-0.24343980233417253,-0.3696433779669797,-0.6596367731183971,-0.33647364089588566,-0.28407137532232096,-0.827718283028499,-0.4201323397442099,-0.12903711408237548,-0.9403969249225422,-0.07188394014033798,-0.15261073707173928,-1.183271401267887,-0.12873664305887156,-0.17795713142373723,-1.0567609861156841,-0.1486340562565522,-0.18517801270983725,-0.880101393755705,-0.16429887946451133,8.308893439550434e-17,-0.9979878154395913,-0.06340599525369758,0.026772310049183876,-1.422188867985048,-0.11321248412238108,0.054694438132602996,-1.6816214159596228,-0.17491118456069663,0.08898391565817612,-1.939957144229259,-0.22808628385260368,0.11369451751444364,-0.9493284247943458,-0.07748172002327622,0.14804119297733004,-1.341227970608734,-0.10565984041524544,0.16876171145458393,-1.58606222472606,-0.14811979392264732,0.19540108493644315,-1.7956618269624272,-0.18881555480615053,0.22638964588058438,-0.8314187136488155,-0.11288276082747425,0.3043330946730207,-1.095988608060764,-0.1363859732084119,0.3654070281683422,-1.2603184747706888,-0.15423967617764797,0.4264735195187009,-1.4239915868297117,-0.17238857682774503
9,0.0,0.0,0.0,-0.15391801298924254,-0.23323516536085545,-0.1174486297175301,-0.28326475893850284,-0.5281086121358117,-0.19911639072274695,-0.35982736724288894,-0.7584708660165882,-0.2820580344136249,-0.30281113715744373,-0.9159017331895228,-0.35744922807247287,-0.12393983684832263,-0.9733441146000251,-0.07008767111415404,-0.16878523781763594,-1.2080476705867136,-0.13518083035772305,-0.20667610792505384,-1.0995263983278896,-0.16142117333345662,-0.21899307558079442,-0.9514753822588351,-0.18073887916600595,1.0351093327670161e-16,-0.9967943032903805,-0.0800069804944848,0.010692200842717929,-1.409216756851014,-0.14348611816026766,0.022353957530640182,-1.6538025607640285,-0.20930085578725072,0.03765368740492418,-1.895715703753955,-0.26351870623372853,0.1112589264913681,-0.910707658063541,-0.10919341341877754,0.14248252876225437,-1.2915019390436568,-0.15371108116211415,0.16272497070947303,-1.5267879954421288,-0.20352414244157585,0.18234164013006635,-1.737192102284728,-0.24718450898445793,0.21740873986136117,-0.7555550720189474,-0.15602038300328136,0.30169982640378706,-0.9824056931128101,-0.1907970052598517,0.3548628701492538,-1.1406096109204582,-0.21672181457674303,0.3968227384335337,-1.3095488207052246,-0.24038120576331026
9,0.0,0.0,0.0,-0.1549815504841555,-0.24161004652939028,-0.1183979367456485,-0.2868323687539814,-0.5470991064305039,-0.2020306666858075,-0.37258854517411166,-0.7907964357819384,-0.286483130219497,-0.3152167510558293,-0.9524514823998861,-0.3633035897708333,-0.12941221741009742,-0.9842597252003811,-0.07420748818683763,-0.17715665376697348,-1.2188317951947445,-0.1411647575324143,-0.21745914663485189,-1.1239143198426504,-0.16870115673002486,-0.2292501309769603,-0.9889785609969794,-0.18972783229783405,1.0991421590493583e-18,-0.9964284506653714,-0.0844413566009401,0.008550754799312084,-1.4075877786773958,-0.15062228025725158,0.02089109310890582,-1.6622423885619355,-0.21771202783979612,0.040373326748709644,-1.9220449717524686,-0.2736527652603241,0.11699476831680715,-0.9002387810456954,-0.11379912046019199,0.15055742807211586,-1.2737282613111025,-0.15883060829758183,0.17231335164532163,-1.5086266549613119,-0.20903351213006346,0.1961054373907767,-1.7236542002898938,-0.25394963563885764,0.22930642670670837,-0.7344560248133669,-0.1608249289821164,0.3199205218491216,-0.9455752575311365,-0.19719708074981718,0.379804919364601,-1.0978132267810197,-0.22432503805316573,0.4319449753611372,-1.2667960142833552,-0.249418038563554
9,0.0,0.0,0.0,-0.17220540411866603,-0.2689640010592572,-0.1335968697572757,-0.3117327106644128,-0.6103906957033206,-0.22974117180849601,-0.4156262406245333,-0.8786177142605257,-0.32274553239362364,-0.4137292074409206,-1.0416741345244327,-0.409205633236886,-0.14150888195912623,-1.0074452279659305,-0.12623390011686797,-0.22066552429727482,-1.2936747809090887,-0.2145649257933572,-0.29588137337109627,-1.2236550026299748,-0.24874119489940022,-0.3224918998029104,-1.081883581747545,-0.2726496631083807,-9.155125909471604e-18,-0.9904580306014216,-0.13781469303798263,0.010093996167592947,-1.412872770655489,-0.2280266242291823,0.020465203925637866,-1.672867531965587,-0.3067670970506465,0.048866131963565526,-1.920581144575374,-0.37078576272057184,0.12140717791615882,-0.8675516564906869,-0.16706226959249387,0.164175409633734,-1.2485327367955588,-0.2327270802093998,0.18970725048907344,-1.4831191605328538,-0.2953781859096141,0.2200578443674565,-1.6943924426214867,-0.3488561712221702,0.23802339203361125,-0.6800456484378636,-0.2138719518208612,0.341816517109337,-0.8745809332303262,-0.2681893156247453,0.4145477824952852,-1.018193235761609,-0.3065489524104501,0.47657018746300045,-1.1837459646608772,-0.3399064242075237
9,0.0,0.0,0.0,-0.1832142147014435,-0.30158703436928036,-0.11705524864202813,-0.32819838180142824,-0.6516156969085294,-0.2100831481546995,-0.4420831105445763,-0.9168620379868209,-0.30213267477380606,-0.4633058148017298,-1.0839006735333534,-0.3880522266347549,-0.1430653863888365,-1.024394566386452,-0.1302493284601203,-0.2352945228299401,-1.3032196682845443,-0.22780317119907953,-0.32214652113721215,-1.2259128787923352,-0.2671335113511484,-0.3613659967433331,-1.0783508834394437,-0.29384118908459017,-1.667096716045326e-17,-0.9883508214886516,-0.15219281738212107,0.009628317059107747,-1.4140157747844757,-0.2566630841081504,0.02225559522802853,-1.67668130768051,-0.3427734793575064,0.0535895480139635,-1.9213108405580395,-0.411493506387214,0.1252690400850007,-0.8459916532580101,-0.1891223938431334,0.17159575398395585,-1.2231811384117932,-0.2653352493993355,0.20091894735753482,-1.4534411182208993,-0.3293957607001013,0.23673653433536268,-1.6606546276712164,-0.38267368553488373,0.24733800361471703,-0.6399816700799457,-0.24199881329930914,0.35716613099893785,-0.8286131351869377,-0.3031022592546088,0.43356699876427096,-0.9729769488649092,-0.342648264781592,0.4996601224912501,-1.1412073530061018,-0.37601846909496145
9,0.0,0.0,0.0,-0.21743763656217233,-0.3330297191832012,-0.10919274969846739,-0.38559117250027813,-0.7167021334600543,-0.1935352132164748,-0.5081085543117377,-1.0153818709742275,-0.27917977864272914,-0.5160696770950345,-1.1644917016928464,-0.3567911463325809,-0.1541149519787915,-1.0348465064346068,-0.10288009771875596,-0.2649703687326069,-1.3435647778246196,-0.19143177454341254,-0.3804934813006765,-1.3045492556555394,-0.22294630323627906,-0.43660789475040807,-1.1830612111531473,-0.24502672285938157,1.469055772652773e-16,-0.9918685103627067,-0.12726687766604877,0.0242619366455003,-1.4104467190199717,-0.2228143129412297,0.032121017121192794,-1.678170068077327,-0.30333898147233385,0.06666530654435109,-1.9233094120850476,-0.36867317152417123,0.130294453253409,-0.8483225509087584,-0.16738899462229476,0.19416511583905904,-1.2038461349766685,-0.2370445240859673,0.22593778376963936,-1.4492776757653023,-0.296079839209947,0.2687984382273051,-1.667008321998661,-0.3461289699574771,0.25583386956889675,-0.6368087704489784,-0.22335272626596472,0.38617263896539955,-0.8099554846033108,-0.2804892806011055,0.47491504954296565,-0.9406399855236857,-0.3148129467567905,0.5530885194558169,-1.0889740849278853,-0.344417546382397
9,0.0,0.0,0.0,-0.2514597704316874,-0.3910496230481824,-0.10244746573865623,-0.45518880069151735,-0.8037131701631675,-0.1886295278164034,-0.6006134418434405,-1.1121404754185646,-0.2797184002660406,-0.6045218334780305,-1.267464395671899,-0.36487226392067523,-0.1675941435142711,-1.0539565045799102,-0.11157802239821306,-0.29957723846269757,-1.372574760226791,-0.22417686260597072,-0.44892895628854973,-1.354264436701066,-0.27229212405597253,-0.5374996416764135,-1.2575487212438639,-0.30452475238152654,-6.291089671158791e-17,-0.9884745065316131,-0.15138741670655484,0.017642869010409325,-1.4278233339740032,-0.27167071163526213,0.023937902839075598,-1.7123268928006479,-0.37140950997619204,0.061012130211158394,-1.9698066384259199,-0.45131403444229834,0.1486555931815389,-0.818909679363811,-0.20796537733862222,0.21912423784730048,-1.1877410283766,-0.3027311331174873,0.2580049925411228,-1.429679231166062,-0.3774443074917128,0.3135313955525318,-1.6454787505072208,-0.43722121893020677,0.29976123236600666,-0.5836834133459193,-0.28019082503006215,0.45195270029874507,-0.7489963882535654,-0.3587683690677356,0.5585181190381536,-0.8754159345833135,-0.40559674360607856,0.6543551693781584,-1.0274525343327439,-0.44360302379349476
9,0.0,0.0,0.0,-0.32523318488541153,-0.40400182934173834,-0.11847369021819557,-0.6138663810943803,-0.8502191775344862,-0.2162444823642897,-0.8107945875536761,-1.190722758237797,-0.32074828014093915,-0.7790188974171982,-1.3545907596975748,-0.41693625048279787,-0.21162659038827186,-1.0536018958141022,-0.1035092907004085,-0.39309803796033627,-1.3939757588079873,-0.22886456169512256,-0.5941407574360721,-1.4000943168703341,-0.2856736875294344,-0.7056124900354626,-1.3107092615685945,-0.3230669625259787,1.2599038354448459e-17,-0.9895418833110882,-0.14424583589533777,0.0021270648402769775,-1.4416905037252001,-0.2807604932002066,-0.018496353742942923,-1.7404173909710365,-0.3985347995567546,0.0010763734748954433,-2.005072307505422,-0.489554646963047,0.19528734680870827,-0.8211766101822772,-0.20561455184869315,0.26892177350513186,-1.202116849125473,-0.30802230965119465,0.2992858298804454,-1.4590935176472557,-0.38873160150322617,0.34716103681262644,-1.6826361532579277,-0.4532618123834644,0.3937672572659396,-0.5793549655555186,-0.28607639322423606,0.5750500305425538,-0.7577200934241646,-0.3711383767684711,0.6932749664571296,-0.8974314582397602,-0.42042937736193575,0.7955091599978275,-1.0549809226900542,-0.46024474719646985
9,0.0,0.0,0.0,-0.34639679226358217,-0.3867419494975252,-0.12207384109355347,-0.6613926428458005,-0.814692221257956,-0.2293154713101184,-0.8884167473471362,-1.158129066419065,-0.34363008936722844,-0.8624745277858338,-1.3417009421961401,-0.44711919204159073,-0.22889904025469837,-1.0428391760867692,-0.10435103403242833,-0.4346016017401272,-1.3684717573933034,-0.23104136557148178,-0.6652876716103742,-1.3946833943576493,-0.2876144840438403,-0.7904646752720419,-1.3094336033733658,-0.32380212006295594,9.832531626914884e-17,-0.9895245405155867,-0.1443647592642233,-0.008311667279680683,-1.4357941544644661,-0.28582954872606,-0.044164747302790824,-1.740619670541086,-0.4016456832437813,-0.0316385224614228,-2.002945984788978,-0.4892993427824535,0.21293884393264498,-0.8290873874380086,-0.20494550185796753,0.28861738879270815,-1.200129760643657,-0.304233866047815,0.3141095005499883,-1.4640164361900883,-0.37503001858375334,0.36111458012936853,-1.683548118558495,-0.43287875067023335,0.4259733014513337,-0.5879634647104289,-0.28599593121604383,0.6301511737293211,-0.7527565604274581,-0.36375507222210324,0.7594937777806827,-0.890423757546326,-0.40313844158458456,0.8720952353835423,-1.0379701802569965,-0.43580182762206465
9,0.0,0.0,0.0,-0.35902826385154796,-0.3826876100239462,-0.13271070352253161,-0.6866212349354417,-0.8116563194609359,-0.24675625030251666,-0.9275612465525105,-1.1603341923593022,-0.3662541719889377,-0.9116684577469801,-1.3504223264169022,-0.4748044031556047,-0.2378145696814844,-1.0408859940421256,-0.11842481646406863,-0.4565553691565456,-1.3708978765013704,-0.2470731049830796,-0.6949329068594896,-1.3979529795846624,-0.3011716512701644,-0.8223323211011871,-1.3101907252007303,-0.3352627842926861,7.922240432385094e-17,-0.9878280059772967,-0.1555500903468641,-0.008705911141934688,-1.4338737345393289,-0.29674359068628353,-0.04331783177199374,-1.738934213365163,-0.40808269047569934,-0.027241893511669293,-2.0006078803680514,-0.4933687590391188,0.21851949821644437,-0.8277317461903361,-0.21413528358257372,0.3032901969099483,-1.196051970103661,-0.3119599728635095,0.3327480102896445,-1.4563128229294002,-0.37838199838666403,0.3835170246998092,-1.6738622759216124,-0.4345428810610866,0.43695104108896987,-0.5887225655650115,-0.29460756971013474,0.6537732481062956,-0.7462827685952931,-0.3712943073503649,0.7910459925995528,-0.8796001579617025,-0.40810209152939514,0.9103956072371264,-1.0259821135299556,-0.4394675954811698
9,0.0,0.0,0.0,-0.3862361165331069,-0.37337852156608353,-0.1425209694833989,-0.747504780995453,-0.8031916340245987,-0.2623473799808077,-1.005257251742452,-1.1557747470442596,-0.3880792035559348,-0.9506532756862204,-1.3267425134860105,-0.5039240815135606,-0.2606146224899723,-1.0433436462143433,-0.12115847770429454,-0.4717838657296317,-1.367036138269617,-0.2555092408342459,-0.7111077130423922,-1.3935825667982165,-0.315368151133563,-0.8423080097088144,-1.315887187358537,-0.3539613864987426,8.017546486003068e-17,-0.9873113915192496,-0.15879614660413788,0.009337405796660713,-1.4278931800517691,-0.3069643190499755,-0.018724014346012327,-1.7221680558994015,-0.4268916126326292,0.006893955948437056,-1.975945505308145,-0.5176264375129299,0.24300120898163224,-0.8261499148967705,-0.21947921547705146,0.3463606612218226,-1.1891711006613277,-0.32429806285466356,0.3924279439462511,-1.4530148589195193,-0.3987233884097849,0.4614388481684629,-1.6727893095634125,-0.45974069551249397,0.4831341712644052,-0.5879031613356542,-0.3032709854905591,0.7091258782935028,-0.7589951008709195,-0.38797556483678247,0.8521632063673388,-0.8998678509450682,-0.4312186299731144,0.9806119759683667,-1.05022377877383,-0.4666528559145852
9,0.0,0.0,0.0,-0.39354727610895784,-0.36911919144408595,-0.14836644453105474,-0.7620603928692226,-0.7986212058426299,-0.26721756944853126,-1.0199871619389806,-1.1474808748583882,-0.38992679694429644,-0.9748699823217495,-1.3265000434492116,-0.5027931475060418,-0.263513078612527,-1.0359703061617416,-0.1285205025300148,-0.48272094197552434,-1.3498749847622853,-0.26196863698109546,-0.7273910489583126,-1.3728996527354098,-0.3213292682706886,-0.8553840204947935,-1.2914933341353045,-0.35939071061436495,9.433200638208853e-17,-0.9869150646630993,-0.16124098468140946,0.0030408093118695595,-1.4260872713212784,-0.30954878088807425,-0.028155986305230325,-1.718500305005309,-0.4309710728348594,-0.002665380154531902,-1.9651779695052864,-0.5229030602418753,0.2474489140650457,-0.8309505902139537,-0.21707937659735424,0.356362398777542,-1.194445535681908,-0.3239121901769445,0.4019729422007107,-1.4564992629209887,-0.40347154386204503,0.46916798249301883,-1.6721893366367306,-0.46776593836130287,0.4899761919430014,-0.5962761955331471,-0.2958276437730919,0.7256438361543452,-0.7596514707591824,-0.3825983686409309,0.8693110458383961,-0.9016370322783447,-0.4301472034555082,0.9942166817073229,-1.0533174344135308,-0.46859870211522636
9,0.0,0.0,0.0,-0.4144926232126768,-0.3668747629632527,-0.15456647955968125,-0.7880804732512567,-0.7870645166300756,-0.2759019002463789,-1.051413903404796,-1.1296436897274758,-0.4017283178303739,-1.0177915951597247,-1.3155874469383506,-0.5167467699519944,-0.2806628686721338,-1.0373375450831848,-0.11539976106213502,-0.4969513636626995,-1.3609790184644728,-0.24821831071139333,-0.7494304065674696,-1.3905283664236607,-0.3091053546051734,-0.8902004977847663,-1.3136909946868034,-0.3480710225871225,7.844845391877406e-17,-0.9893152620247628,-0.14579201735648922,0.005904734197341291,-1.4381266479132986,-0.2907797069833788,-0.02816869458489515,-1.7370953918761693,-0.41531365860003067,-0.009881885448937068,-1.9907140461198543,-0.509519650309288,0.26086946540066946,-0.8374515100178224,-0.2013927094734291,0.3727781840715455,-1.2087603619451026,-0.3038785670012127,0.42047116023902914,-1.4739355605108928,-0.3849849671426334,0.4842848124576256,-1.6904511157683908,-0.4508208096393326,0.5160215162713249,-0.6094820029596671,-0.28141984475143067,0.7593411036406585,-0.7819340044705219,-0.36371055576447675,0.9053994860966749,-0.928441011156692,-0.41122781466909525,1.0262441583894246,-1.0851330439830098,-0.44998231617056555
9,0.0,0.0,0.0,-0.419156097963267,-0.3730770091177842,-0.15881879176733102,-0.7914234024058504,-0.8003223185811674,-0.2793222301557517,-1.0495396078415835,-1.1516429947806168,-0.402575690607757,-0.9943458321650509,-1.3227746455086145,-0.5147465438084609,-0.27739367634195067,-1.0441002939453699,-0.11589258052450842,-0.4889561834065882,-1.3636937127280577,-0.24108968056269028,-0.7370230903628128,-1.378265468756747,-0.29558600905250215,-0.8765800356693991,-1.2960087872473722,-0.3317752460997241,8.348735596602532e-17,-0.9896811302458262,-0.14328733522312462,0.02914067884969066,-1.4117195788488395,-0.27772948753116905,0.00480449476925905,-1.7010026960561235,-0.3955029936772394,0.029321241959530796,-1.9500051692884606,-0.48769538579485344,0.25387198207111505,-0.8334713140539844,-0.1958860079952964,0.36508171590597555,-1.193042842040754,-0.2927379113162732,0.41416232212090387,-1.4539621514051033,-0.3711293161498703,0.48143244655909057,-1.6710329143172757,-0.4366828977716878,0.5076198744687738,-0.6028531254297237,-0.2730655444187546,0.7432065007846217,-0.7739388662650747,-0.35218234252881486,0.8935165784261794,-0.9082316782041605,-0.39630388688658347,1.024563503423997,-1.0533492813065255,-0.433695791070837
9,0.0,0.0,0.0,-0.41781726069088193,-0.38259183885959874,-0.15476457953217257,-0.7857324125010137,-0.8173192835650038,-0.2714677401495534,-1.0400755457223239,-1.1732028327983015,-0.3914952940417072,-0.9881887959446395,-1.3442087572614143,-0.5006964013558117,-0.2774636055522825,-1.0485792578390045,-0.10757317968512423,-0.47440146451665677,-1.369007766970665,-0.22868688628092992,-0.7178685254991993,-1.3898553438101715,-0.28098849608786386,-0.8559139660445841,-1.3109568007111416,-0.3160486306979276,1.091592065180324e-16,-0.9907804134189275,-0.13547757152170578,0.040743184475633944,-1.4053334717653807,-0.26529476445832945,0.018362857685051737,-1.693271101828906,-0.3811121938059194,0.04532751088584866,-1.9383914044185404,-0.4725589223429694,0.2518967683166464,-0.8329487951627725,-0.18836879686103036,0.37533204154758143,-1.1836231003431252,-0.28202847852590635,0.42979925424254706,-1.4426469821270762,-0.3602431666750034,0.5025413251991642,-1.6561171096773624,-0.42633472807461315,0.4999333767972101,-0.6027982163295317,-0.26559740887251315,0.7361225008324477,-0.7660333522989494,-0.3430641610772193,0.8864320276693588,-0.8964958542980261,-0.38785005654829235,1.0186101867192916,-1.0383871510825928,-0.42610998061218885
9,0.0,0.0,0.0,-0.4136092755179993,-0.393961740403028,-0.1517305309325657,-0.7609867107491874,-0.8433974287629553,-0.2570477083566273,-0.9955314759585993,-1.2064715996454427,-0.3667740118543763,-0.9476789350903112,-1.3851547447699213,-0.46519785330339597,-0.27114315823483104,-1.0606078556994956,-0.06595609926770903,-0.45035621063533976,-1.3911691810364961,-0.1669769921272756,-0.6764842696230516,-1.4188350738115523,-0.20772708871299117,-0.8034280294910376,-1.3388259690853648,-0.23584654938016217,-2.2094159964206417e-18,-0.9960547618790451,-0.08874069719175519,0.03848686667694514,-1.4226361033728132,-0.19170712001624382,0.025939754412580285,-1.708919844974626,-0.2938618265558519,0.061521000298296456,-1.947887219044167,-0.3764374845855434,0.24260219577380457,-0.8340149978960668,-0.13940922309565407,0.35142046914620434,-1.1963179224009697,-0.2123391796648607,0.4049140093206876,-1.4501710024014671,-0.2812785109147904,0.4773680765648668,-1.6556703583826557,-0.3418183221398179,0.4841861827410619,-0.6000090837475449,-0.21552663830003171,0.711512314766311,-0.767061147744424,-0.27961607630025864,0.8579706520601068,-0.8946509382028813,-0.317718826465716,0.9868569205298131,-1.031343074517499,-0.35057547108371867
9,0.0,0.0,0.0,-0.4067891463906159,-0.3988204099613868,-0.1612950334897748,-0.7471469721232225,-0.8486739562142785,-0.272239228796043,-0.9839567369039866,-1.2154530363774259,-0.3872458782985963,-0.9230939210353334,-1.3876992454968398,-0.49039792821450423,-0.27246710171156363,-1.0668723774684052,-0.06309052695350492,-0.43592396593016747,-1.3988296124602022,-0.161373611683861,-0.656541321527634,-1.431146518795613,-0.20017102118992444,-0.7815738031936441,-1.354156658947844,-0.22645817817221617,5.019288384266155e-17,-0.9966876219332762,-0.08132517620633109,0.04624849630318114,-1.4235119812152401,-0.17626838018426,0.03608864291521422,-1.7107534285874888,-0.2731384796259752,0.0712424125272711,-1.9507917214964425,-0.35187642191777263,0.24068221649003813,-0.8325733091377583,-0.1293290177912558,0.35160453595611435,-1.1938541138809204,-0.19309478849223918,0.40694081373619406,-1.443564393539088,-0.25574705511543194,0.47924094145773527,-1.6455836080806625,-0.3126867144842525,0.47823616109913936,-0.599994075757702,-0.20462237978998027,0.6992052088562569,-0.7698541669029184,-0.2602339743293873,0.8466261054557715,-0.8928266197606779,-0.2927136640840898,0.9772555379372728,-1.0252880552220798,-0.32178919930846306
9,0.0,0.0,0.0,-0.39522997549457295,-0.41062594099832445,-0.15034621569007547,-0.7168036748083466,-0.872711406082022,-0.2483784209989893,-0.9277457580221995,-1.2455898531628269,-0.34885200174043474,-0.8678234864916482,-1.4122059466794084,-0.43681804604966307,-0.2585881988700283,-1.0717485062193193,-0.05692801026213119,-0.4076756715476791,-1.4086811509484403,-0.14050665732812898,-0.6103893020581899,-1.437141510334677,-0.1684338394127087,-0.7220003109944523,-1.3578415011948681,-0.1884996169997464,-3.584872761648784e-17,-0.9974621418196045,-0.07119884575361542,0.05518285826948177,-1.4113605965856901,-0.15388213748527768,0.04801537161410423,-1.6955376582099555,-0.24164380680194347,0.08599680877064762,-1.9316070714895395,-0.3149926490231943,0.2273249917414004,-0.8315098842860131,-0.11217556291466109,0.34515037271868776,-1.1765198978620792,-0.1677334235101477,0.39947491305108057,-1.4221393542803276,-0.22698364121187983,0.47267469695533854,-1.62049744573756,-0.2814331883701186,0.4508631896285557,-0.5989417075546609,-0.17823535717384975,0.6612936007213089,-0.758776158825061,-0.22792125144887473,0.8001157043948752,-0.8766568356057104,-0.2592721408840959,0.9261362968209361,-1.0041608783181246,-0.2878428271488551
9,0.0,0.0,0.0,-0.3752639494233042,-0.4099246792615755,-0.1408091026952535,-0.6772331650891433,-0.8769993081292589,-0.22687950133064086,-0.8712658267330226,-1.2559603828593853,-0.3143666870152101,-0.8067995940994078,-1.4138444613239858,-0.3886837070261288,-0.24329673654385228,-1.0710350042205101,-0.04293391972181904,-0.39318655602308644,-1.4105648649765525,-0.11364659214274403,-0.5795064766093139,-1.4411739947589455,-0.134445627969561,-0.6739020260045869,-1.3606918148460458,-0.1501124493143276,1.5080269247196732e-16,-0.9985904611812161,-0.05307627377544798,0.046075659183249046,-1.4193920740149402,-0.12648088009597103,0.04717834061807767,-1.7000472934715822,-0.20983303576324602,0.0950643735593446,-1.929829785627435,-0.27902630223859465,0.21633702184250106,-0.8337196895592023,-0.08798997395769943,0.32269563549843217,-1.1839536943917859,-0.13786857515657272,0.3798063204384537,-1.4233344430081711,-0.19731312452745578,0.45982847408538496,-1.6096313042098793,-0.24990672168915007,0.4297570977506001,-0.5997398986021161,-0.14589464147624112,0.6253313469986708,-0.7649365503553496,-0.19128974238482455,0.7543573461479269,-0.8821032668105714,-0.22281955831070846,0.8739123527531862,-1.0028502189019484,-0.2504206019047748
9,0.0,0.0,0.0,-0.32361022594294514,-0.41668105984665793,-0.12537418852164345,-0.574847314092813,-0.8670000828560102,-0.2135471376256385,-0.7535965253109299,-1.2278819834994794,-0.3042003375338039,-0.7315475637147166,-1.3789451378090514,-0.38152665019025545,-0.21597321096836172,-1.0759232467156523,-0.058849187122109944,-0.3393773203552117,-1.421605472646011,-0.13601351568786343,-0.5064849469497166,-1.433952225807668,-0.1597107454509286,-0.5966671573461877,-1.3385092203633666,-0.17585197323001628,9.681785291264829e-17,-0.9973309033383778,-0.07301417154399119,0.04894162438994237,-1.4114116997377795,-0.15419393355008168,0.054326535821824076,-1.6901143704751593,-0.2363435304569529,0.09871868844301317,-1.9289363028153832,-0.303259083422937,0.19051198487053464,-0.8280530768673977,-0.10745426977632291,0.28457512117586753,-1.1792018092533765,-0.15848541799920743,0.3269440557777377,-1.4162560433706166,-0.20854928388151386,0.3867512123675761,-1.6101504845076136,-0.2535867152297818,0.378572735485665,-0.59427791793347,-0.16253287177969275,0.5537718644148619,-0.7663819388636448,-0.2015443885151894,0.678856032007192,-0.8742896629138203,-0.22332984924091587,0.7900805001511305,-0.9971567999587543,-0.24431563917574187
